Stkcd,Reptdt,Salary
300108,2013/12/31,300000
300181,2013/12/31,1121500
300044,2013/12/31,987400
300267,2013/12/31,1110000
300286,2013/12/31,810800
300228,2013/12/31,3143512.3
300263,2013/12/31,800000
300054,2013/12/31,480000
300213,2013/12/31,1516500
300074,2013/12/31,1020000
300032,2013/12/31,840000
300165,2013/12/31,1502800
300062,2013/12/31,1176100
300169,2013/12/31,1170000
300144,2013/12/31,1188000
300010,2013/12/31,1408300
300011,2013/12/31,1233000
300014,2013/12/31,1072000
300039,2013/12/31,1430000
300113,2013/12/31,1115200
300143,2013/12/31,881400
300148,2013/12/31,450000
300174,2013/12/31,310000
300278,2013/12/31,579600
300294,2013/12/31,1080000
300146,2013/12/31,1965000
300050,2013/12/31,796300
300358,2013/12/31,626900
300360,2013/12/31,1784500
300052,2013/12/31,730000
300184,2013/12/31,1731200
300046,2013/12/31,783900
300085,2013/12/31,360000
300140,2013/12/31,888000
300253,2013/12/31,921000
300019,2013/12/31,1666600
300084,2013/12/31,1853700
300127,2013/12/31,1626400
300190,2013/12/31,1653700
300227,2013/12/31,1148400
300295,2013/12/31,2803900
300298,2013/12/31,693855
300292,2013/12/31,566400
300204,2013/12/31,966700
300172,2013/12/31,847500
300095,2013/12/31,454500
300110,2013/12/31,1780400
300159,2013/12/31,1246200
300349,2013/12/31,996200
300035,2013/12/31,305400
300124,2013/12/31,3089600
300247,2013/12/31,648400
300119,2013/12/31,1380000
300342,2013/12/31,888000
300233,2013/12/31,2447700
300017,2013/12/31,2629000
300002,2013/12/31,1284900
300068,2013/12/31,642800
300145,2013/12/31,853000
300238,2013/12/31,1778000
300284,2013/12/31,2364900
300341,2013/12/31,1580886.86
300347,2013/12/31,1555600
300177,2013/12/31,1097500
300030,2013/12/31,1086900
300116,2013/12/31,1010000
300383,2013/12/31,1250900
300231,2013/12/31,1394400
300008,2013/12/31,704000
300126,2013/12/31,810000
300199,2013/12/31,2737700
300237,2013/12/31,324000
300274,2013/12/31,1890000
300334,2013/12/31,497900
300336,2013/12/31,1400000
300225,2013/12/31,1553300
300241,2013/12/31,1449500
300304,2013/12/31,841300
300015,2013/12/31,1200000
300216,2013/12/31,806800
300303,2013/12/31,1664731.5
300104,2013/12/31,1680000
300210,2013/12/31,468000
300101,2013/12/31,1423600
300289,2013/12/31,5405000
300112,2013/12/31,1348900
300354,2013/12/31,778100
300249,2013/12/31,720000
300103,2013/12/31,731964.71
300125,2013/12/31,988400
300003,2013/12/31,785600
300154,2013/12/31,1757000
300037,2013/12/31,2483900
300275,2013/12/31,1535000
300221,2013/12/31,1397300
300218,2013/12/31,3237300
300363,2013/12/31,3280800
300042,2013/12/31,1887500
300114,2013/12/31,1170900
300224,2013/12/31,961200
300041,2013/12/31,700000
300339,2013/12/31,1283500
300212,2013/12/31,1381000
300047,2013/12/31,2271400
300138,2013/12/31,549900
300105,2013/12/31,1960000
300301,2013/12/31,900000
300001,2013/12/31,1424900
300115,2013/12/31,1238000
300320,2013/12/31,900000
300078,2013/12/31,726400
300067,2013/12/31,999300
300251,2013/12/31,2006500
300072,2013/12/31,4006900
300006,2013/12/31,460500
300254,2013/12/31,1920000
300321,2013/12/31,869000
300371,2013/12/31,1052300
300092,2013/12/31,565300
300009,2013/12/31,942000
300306,2013/12/31,1088700
300097,2013/12/31,1011100
300200,2013/12/31,1026200
300027,2013/12/31,3299140
300264,2013/12/31,786700
300121,2013/12/31,604400
300296,2013/12/31,816800
300071,2013/12/31,1149000
300379,2013/12/31,1814000
300250,2013/12/31,557800
300117,2013/12/31,595200
300088,2013/12/31,2587090.76
300152,2013/12/31,1445600
300134,2013/12/31,2211900
300256,2013/12/31,1016800
300099,2013/12/31,785200
300310,2013/12/31,1230000
300338,2013/12/31,1210000
300259,2013/12/31,715200
300222,2013/12/31,959200
300070,2013/12/31,1541900
300229,2013/12/31,1234600
300194,2013/12/31,1264100
300261,2013/12/31,1209400
300043,2013/12/31,526900
300348,2013/12/31,1563100
300375,2013/12/31,2146500
300120,2013/12/31,677400
300091,2013/12/31,428900
300188,2013/12/31,660000
300319,2013/12/31,719700
300163,2013/12/31,600529
300322,2013/12/31,820000
300018,2013/12/31,778900
300158,2013/12/31,1473600
300234,2013/12/31,960000
300193,2013/12/31,2016000
300147,2013/12/31,970000
300223,2013/12/31,975000
300331,2013/12/31,594000
300324,2013/12/31,1086600
300153,2013/12/31,1951200
300179,2013/12/31,1089000
300007,2013/12/31,996800
300248,2013/12/31,622739
300343,2013/12/31,588700
300141,2013/12/31,429900
300162,2013/12/31,933200
300272,2013/12/31,490500
300215,2013/12/31,2070484.76
300327,2013/12/31,1280000
300034,2013/12/31,464000
300281,2013/12/31,510800
300291,2013/12/31,1340200
300255,2013/12/31,1500000
300056,2013/12/31,1811300
300209,2013/12/31,1341000
300107,2013/12/31,496800
300021,2013/12/31,1090100
300329,2013/12/31,885000
300202,2013/12/31,779700
300051,2013/12/31,1482300
300087,2013/12/31,546800
300196,2013/12/31,1582600
300118,2013/12/31,1090100
300368,2013/12/31,1089600
300016,2013/12/31,3283500
300066,2013/12/31,835200
300373,2013/12/31,899869.37
300230,2013/12/31,991900
300244,2013/12/31,1710000
300036,2013/12/31,1275087.9
300048,2013/12/31,1320000
300203,2013/12/31,411100
300257,2013/12/31,1921600
300282,2013/12/31,985100
300186,2013/12/31,565800
300381,2013/12/31,801200
300090,2013/12/31,1100000
300370,2013/12/31,1442100
300026,2013/12/31,11812300
300356,2013/12/31,1598800
300132,2013/12/31,984923
300012,2013/12/31,2933500
300314,2013/12/31,1074700
300129,2013/12/31,1587000
300024,2013/12/31,1065000
300359,2013/12/31,1345000
300340,2013/12/31,820700
300150,2013/12/31,1500000
300246,2013/12/31,1292800
300211,2013/12/31,1160200
300176,2013/12/31,1110400
300245,2013/12/31,2127000
300058,2013/12/31,5080000
300206,2013/12/31,3269400
300076,2013/12/31,2236300
300214,2013/12/31,531000
300151,2013/12/31,1593600
300136,2013/12/31,1694800
300345,2013/12/31,826700
300313,2013/12/31,644500
300325,2013/12/31,700000
300352,2013/12/31,993500
300073,2013/12/31,453600
300086,2013/12/31,940500
300285,2013/12/31,778100
300083,2013/12/31,2546900
300195,2013/12/31,777336.96
300031,2013/12/31,594841
300130,2013/12/31,1270000
300235,2013/12/31,1089300
300335,2013/12/31,1245100
300372,2013/12/31,363800
300197,2013/12/31,1699900
300207,2013/12/31,1584100
300005,2013/12/31,10588200
300280,2013/12/31,1344400
300311,2013/12/31,778700
300290,2013/12/31,1810000
300265,2013/12/31,534000
300135,2013/12/31,652100
300160,2013/12/31,1430200
300242,2013/12/31,1120100
300240,2013/12/31,2543200
300164,2013/12/31,1591000
300205,2013/12/31,2311200
300262,2013/12/31,485500
300142,2013/12/31,1391000
300149,2013/12/31,347800
300271,2013/12/31,779700
300191,2013/12/31,2035900
300353,2013/12/31,967900
300004,2013/12/31,820000
300045,2013/12/31,1195239.09
300077,2013/12/31,1387600
300182,2013/12/31,1072242
300288,2013/12/31,1742300
300333,2013/12/31,2030200
300123,2013/12/31,1143000
300081,2013/12/31,850000
300226,2013/12/31,1496700
300365,2013/12/31,669000
300357,2013/12/31,1194700
300093,2013/12/31,1172700
300239,2013/12/31,1328700
300131,2013/12/31,890900
300053,2013/12/31,651200
300323,2013/12/31,1564247.8
300079,2013/12/31,2131900
300065,2013/12/31,687300
300040,2013/12/31,857000
300350,2013/12/31,828000
300168,2013/12/31,2810000
300300,2013/12/31,863300
300096,2013/12/31,1162300
300380,2013/12/31,913600
300337,2013/12/31,790000
300069,2013/12/31,400000
300075,2013/12/31,1480000
300201,2013/12/31,1290300
300305,2013/12/31,1790000
300307,2013/12/31,1241400
300317,2013/12/31,1369900
300100,2013/12/31,420000
300382,2013/12/31,598100
300102,2013/12/31,1898500
300173,2013/12/31,1902400
300082,2013/12/31,1956600
300366,2013/12/31,824100
300098,2013/12/31,750800
300376,2013/12/31,1316585
300318,2013/12/31,1139800
300198,2013/12/31,899000
300232,2013/12/31,1062000
300236,2013/12/31,1378300
300133,2013/12/31,1742500
300106,2013/12/31,460000
300330,2013/12/31,946000
300316,2013/12/31,3250000
300180,2013/12/31,2294400
300328,2013/12/31,2272400
300080,2013/12/31,970800
300273,2013/12/31,1201600
300302,2013/12/31,527000
300258,2013/12/31,1110100
300063,2013/12/31,952800
300362,2013/12/31,660000
300283,2013/12/31,972000
300185,2013/12/31,1948300
300155,2013/12/31,1302900
300252,2013/12/31,1322000
300346,2013/12/31,1961600
300220,2013/12/31,325700
300326,2013/12/31,4837569
300243,2013/12/31,1383300
300013,2013/12/31,1378400
300170,2013/12/31,1344000
300299,2013/12/31,950100
300055,2013/12/31,976100
300287,2013/12/31,706000
300089,2013/12/31,674000
300192,2013/12/31,2219400
300038,2013/12/31,1391100
300109,2013/12/31,343100
300111,2013/12/31,820200
300297,2013/12/31,1022600
300344,2013/12/31,1013100
300270,2013/12/31,1274200
300219,2013/12/31,1789200
300137,2013/12/31,462000
300171,2013/12/31,1331500
300351,2013/12/31,1050000
300183,2013/12/31,1842000
300266,2013/12/31,920000
300308,2013/12/31,561000
300187,2013/12/31,1156000
300057,2013/12/31,1216646.26
300161,2013/12/31,2298500
300175,2013/12/31,422600
300020,2013/12/31,1602400
300028,2013/12/31,580000
300276,2013/12/31,668000
300061,2013/12/31,969000
300166,2013/12/31,1790700
300178,2013/12/31,1017700
300217,2013/12/31,1341000
300332,2013/12/31,1111000
300128,2013/12/31,1464600
300377,2013/12/31,1146900
300189,2013/12/31,1176500
300312,2013/12/31,805200
300094,2013/12/31,2183500
300157,2013/12/31,1911943
300260,2013/12/31,470200
300268,2013/12/31,223100
300315,2013/12/31,1765700
300122,2013/12/31,1080000
300279,2013/12/31,1075700
300139,2013/12/31,1875000
300049,2013/12/31,1576600
300025,2013/12/31,723600
300208,2013/12/31,639260
300369,2013/12/31,792000
300293,2013/12/31,698600
300378,2013/12/31,3240000
300022,2013/12/31,1557000
300156,2013/12/31,1713400
300167,2013/12/31,1001000
300355,2013/12/31,1648900
300269,2013/12/31,1884000
300277,2013/12/31,1406900
300358,2014/12/31,1555000
300208,2014/12/31,1077280
300278,2014/12/31,753600
300056,2014/12/31,1844100
300011,2014/12/31,1158900
300196,2014/12/31,1659500
300286,2014/12/31,1126600
300131,2014/12/31,924000
300390,2014/12/31,700000
300317,2014/12/31,1385900
300294,2014/12/31,1080000
300198,2014/12/31,875000
300239,2014/12/31,1377800
300357,2014/12/31,1528600
300242,2014/12/31,1097200
300193,2014/12/31,2131300
300238,2014/12/31,1924700
300248,2014/12/31,743200
300241,2014/12/31,1476700
300335,2014/12/31,1592400
300353,2014/12/31,1108000
300030,2014/12/31,1085300
300256,2014/12/31,1681300
300204,2014/12/31,720000
300125,2014/12/31,1442900
300179,2014/12/31,1114800
300363,2014/12/31,4667500
300299,2014/12/31,1032500
300144,2014/12/31,1308000
300201,2014/12/31,1127200
300146,2014/12/31,1935000
300253,2014/12/31,1040400
300226,2014/12/31,1374800
300267,2014/12/31,1177500
300009,2014/12/31,1080000
300351,2014/12/31,1140000
300328,2014/12/31,2537100
300134,2014/12/31,4049400
300140,2014/12/31,434400
300054,2014/12/31,490000
300055,2014/12/31,1957200
300139,2014/12/31,1530000
300141,2014/12/31,513300
300156,2014/12/31,2565800
300227,2014/12/31,1295100
300289,2014/12/31,5494000
300127,2014/12/31,1619400
300322,2014/12/31,780000
300365,2014/12/31,668900
300295,2014/12/31,3327000
300379,2014/12/31,1130000
300345,2014/12/31,985800
300221,2014/12/31,1295100
300121,2014/12/31,439900
300316,2014/12/31,3245300
300237,2014/12/31,554900
300199,2014/12/31,3342100
300406,2014/12/31,3120000
300165,2014/12/31,1631900
300184,2014/12/31,1612700
300305,2014/12/31,1870000
300072,2014/12/31,3570100
300303,2014/12/31,1733800
300017,2014/12/31,2863500
300190,2014/12/31,1759300
300111,2014/12/31,821200
300380,2014/12/31,913200
300209,2014/12/31,1544400
300067,2014/12/31,1107000
300247,2014/12/31,758000
300341,2014/12/31,1028100
300216,2014/12/31,904800
300172,2014/12/31,823500
300281,2014/12/31,859300
300244,2014/12/31,1810000
300395,2014/12/31,1890000
300343,2014/12/31,603200
300324,2014/12/31,763600
300298,2014/12/31,928100
300074,2014/12/31,1290000
300323,2014/12/31,1550400
300195,2014/12/31,2241989.6
300225,2014/12/31,1549600
300133,2014/12/31,2309800
300003,2014/12/31,540000
300398,2014/12/31,1730300
300046,2014/12/31,764600
300105,2014/12/31,1746000
300078,2014/12/31,605900
300164,2014/12/31,1217000
300058,2014/12/31,5880000
300025,2014/12/31,877500
300288,2014/12/31,1698500
300124,2014/12/31,3353500
300006,2014/12/31,749200
300031,2014/12/31,568700
300043,2014/12/31,700000
300178,2014/12/31,1624000
300095,2014/12/31,615400
300019,2014/12/31,1646000
300396,2014/12/31,1941700
300419,2014/12/31,651200
300142,2014/12/31,1435600
300349,2014/12/31,1035000
300073,2014/12/31,433100
300231,2014/12/31,863200
300101,2014/12/31,1967000
300255,2014/12/31,1737400
300284,2014/12/31,2965900
300037,2014/12/31,2166500
300166,2014/12/31,1866700
300254,2014/12/31,2236800
300421,2014/12/31,460000
300275,2014/12/31,1538500
300068,2014/12/31,678000
300249,2014/12/31,720000
300370,2014/12/31,1676400
300272,2014/12/31,480600
300154,2014/12/31,1447200
300138,2014/12/31,530500
300283,2014/12/31,1235400
300403,2014/12/31,791800
300212,2014/12/31,1404000
300412,2014/12/31,564600
300039,2014/12/31,1390000
300304,2014/12/31,849800
300271,2014/12/31,781200
300384,2014/12/31,1085000
300339,2014/12/31,1961000
300296,2014/12/31,815700
300332,2014/12/31,1296000
300310,2014/12/31,1298000
300048,2014/12/31,1080000
300293,2014/12/31,698600
300210,2014/12/31,468000
300222,2014/12/31,2195600
300066,2014/12/31,912700
300113,2014/12/31,1285100
300207,2014/12/31,2200700
300081,2014/12/31,749500
300032,2014/12/31,840000
300071,2014/12/31,1121900
300180,2014/12/31,2953900
300218,2014/12/31,3209200
300264,2014/12/31,935000
300090,2014/12/31,1660000
300027,2014/12/31,3299140
300181,2014/12/31,1270500
300334,2014/12/31,497900
300047,2014/12/31,2425600
300200,2014/12/31,1027000
300188,2014/12/31,780000
300393,2014/12/31,1084500
300392,2014/12/31,1593800
300114,2014/12/31,1286100
300163,2014/12/31,713300
300338,2014/12/31,1350300
300038,2014/12/31,1500200
300250,2014/12/31,791700
300259,2014/12/31,868500
300007,2014/12/31,1010300
300194,2014/12/31,1275700
300313,2014/12/31,792300
300223,2014/12/31,828000
300008,2014/12/31,880000
300290,2014/12/31,1870000
300401,2014/12/31,800600
300126,2014/12/31,859200
300360,2014/12/31,2041400
300306,2014/12/31,1363800
300378,2014/12/31,2930000
300092,2014/12/31,610000
300420,2014/12/31,470200
300109,2014/12/31,348900
300234,2014/12/31,890000
300354,2014/12/31,723600
300103,2014/12/31,718000
300130,2014/12/31,1267000
300036,2014/12/31,1620346
300091,2014/12/31,460500
300327,2014/12/31,1410000
300082,2014/12/31,1957900
300016,2014/12/31,2740000
300115,2014/12/31,1293600
300120,2014/12/31,594100
300042,2014/12/31,1799800
300104,2014/12/31,1770000
300026,2014/12/31,8865500
300375,2014/12/31,2988000
300080,2014/12/31,1545900
300287,2014/12/31,802000
300400,2014/12/31,408600
300044,2014/12/31,1007200
300015,2014/12/31,1200000
300252,2014/12/31,1382400
300215,2014/12/31,2204500
300325,2014/12/31,570000
300269,2014/12/31,2457400
300168,2014/12/31,3500000
300098,2014/12/31,998700
300232,2014/12/31,1173000
300174,2014/12/31,310000
300265,2014/12/31,690880
300376,2014/12/31,1448700
300108,2014/12/31,516000
300399,2014/12/31,1288100
300050,2014/12/31,957500
300150,2014/12/31,1370000
300159,2014/12/31,1157100
300371,2014/12/31,1271900
300388,2014/12/31,820000
300233,2014/12/31,2423900
300028,2014/12/31,900000
300118,2014/12/31,1633300
300292,2014/12/31,1280400
300224,2014/12/31,1147500
300112,2014/12/31,1353900
300213,2014/12/31,1708500
300145,2014/12/31,1336300
300301,2014/12/31,950000
300382,2014/12/31,1394900
300321,2014/12/31,1288400
300342,2014/12/31,1002000
300389,2014/12/31,2195700
300415,2014/12/31,4045800
300001,2014/12/31,1680600
300116,2014/12/31,1141100
300240,2014/12/31,2507500
300077,2014/12/31,2626000
300106,2014/12/31,520900
300119,2014/12/31,1380000
300205,2014/12/31,3922700
300012,2014/12/31,4312800
300314,2014/12/31,1029200
300024,2014/12/31,1200000
300329,2014/12/31,973500
300291,2014/12/31,759100
300245,2014/12/31,2676000
300359,2014/12/31,1361700
300170,2014/12/31,1344000
300203,2014/12/31,363000
300051,2014/12/31,1483200
300085,2014/12/31,360000
300211,2014/12/31,1054900
300246,2014/12/31,1422800
300148,2014/12/31,490000
300087,2014/12/31,379600
300010,2014/12/31,1373000
300416,2014/12/31,1045500
300279,2014/12/31,1072200
300034,2014/12/31,1252200
300312,2014/12/31,1015200
300261,2014/12/31,1196200
300347,2014/12/31,1842200
300425,2014/12/31,1678700
300107,2014/12/31,512400
300089,2014/12/31,810000
300407,2014/12/31,978300
300057,2014/12/31,1623000
300214,2014/12/31,1306700
300319,2014/12/31,1033700
300405,2014/12/31,481600
300185,2014/12/31,2035000
300153,2014/12/31,1483900
300274,2014/12/31,2180000
300331,2014/12/31,600000
300005,2014/12/31,12970700
300132,2014/12/31,755000
300136,2014/12/31,1821000
300243,2014/12/31,1036000
300065,2014/12/31,852400
300251,2014/12/31,2018200
300189,2014/12/31,1183000
300262,2014/12/31,485500
300158,2014/12/31,1887900
300160,2014/12/31,1559100
300040,2014/12/31,480000
300149,2014/12/31,394500
300391,2014/12/31,890600
300206,2014/12/31,3264700
300340,2014/12/31,826100
300413,2014/12/31,3094600
300062,2014/12/31,1343800
300300,2014/12/31,707200
300021,2014/12/31,1224000
300350,2014/12/31,828000
300110,2014/12/31,1119400
300173,2014/12/31,2038500
300258,2014/12/31,1121800
300129,2014/12/31,1587000
300084,2014/12/31,2565100
300368,2014/12/31,1261200
300177,2014/12/31,1463700
300315,2014/12/31,1977900
300135,2014/12/31,652500
300088,2014/12/31,2726600
300235,2014/12/31,878300
300408,2014/12/31,3544400
300202,2014/12/31,966000
300285,2014/12/31,778100
300336,2014/12/31,840000
300197,2014/12/31,1900000
300302,2014/12/31,582000
300122,2014/12/31,1650000
300260,2014/12/31,771700
300435,2014/12/31,1290000
300409,2014/12/31,1420100
300022,2014/12/31,1101800
300069,2014/12/31,460000
300417,2014/12/31,1090600
300100,2014/12/31,674000
300383,2014/12/31,1263100
300318,2014/12/31,891600
300083,2014/12/31,2241100
300045,2014/12/31,1357300
300280,2014/12/31,1409200
300161,2014/12/31,2307900
300096,2014/12/31,1222800
300093,2014/12/31,1181900
300086,2014/12/31,1242500
300276,2014/12/31,750000
300097,2014/12/31,642000
300257,2014/12/31,2280000
300075,2014/12/31,1420000
300079,2014/12/31,2307200
300333,2014/12/31,2532400
300346,2014/12/31,1213700
300311,2014/12/31,758200
300356,2014/12/31,1230200
300167,2014/12/31,971200
300175,2014/12/31,361200
300147,2014/12/31,1000000
300052,2014/12/31,1072600
300330,2014/12/31,470000
300018,2014/12/31,1609000
300410,2014/12/31,1548900
300373,2014/12/31,976000
300014,2014/12/31,1772500
300169,2014/12/31,1170000
300128,2014/12/31,1483200
300381,2014/12/31,1547600
300364,2014/12/31,723600
300348,2014/12/31,1871000
300418,2014/12/31,762200
300297,2014/12/31,964000
300041,2014/12/31,1105000
300099,2014/12/31,910800
300061,2014/12/31,943100
300229,2014/12/31,1111900
300152,2014/12/31,1565400
300076,2014/12/31,2232800
300176,2014/12/31,1101900
300236,2014/12/31,1275400
300411,2014/12/31,583000
300162,2014/12/31,714900
300143,2014/12/31,581200
300013,2014/12/31,1546700
300220,2014/12/31,330500
300192,2014/12/31,2130000
300402,2014/12/31,447500
300387,2014/12/31,5160100
300004,2014/12/31,1103300
300355,2014/12/31,2056700
300385,2014/12/31,704000
300053,2014/12/31,807500
300352,2014/12/31,811800
300183,2014/12/31,1894000
300191,2014/12/31,1804000
300268,2014/12/31,160100
300277,2014/12/31,886500
300117,2014/12/31,703200
300020,2014/12/31,1732200
300326,2014/12/31,4763300
300263,2014/12/31,968000
300230,2014/12/31,955800
300217,2014/12/31,1401000
300337,2014/12/31,970000
300070,2014/12/31,1080000
300344,2014/12/31,1086000
300219,2014/12/31,2646600
300035,2014/12/31,510300
300137,2014/12/31,933600
300063,2014/12/31,930000
300308,2014/12/31,561100
300266,2014/12/31,877800
300369,2014/12/31,864000
300372,2014/12/31,426200
300171,2014/12/31,1184900
300377,2014/12/31,1156900
300374,2014/12/31,328700
300366,2014/12/31,839000
300002,2014/12/31,1514300
300307,2014/12/31,1121000
300155,2014/12/31,1500400
300157,2014/12/31,2781200
300228,2014/12/31,3615300
300182,2014/12/31,1072200
300187,2014/12/31,1160100
300320,2014/12/31,972000
300386,2014/12/31,1244000
300049,2014/12/31,1591100
300362,2014/12/31,658000
300273,2014/12/31,1940000
300151,2014/12/31,1882700
300270,2014/12/31,1272000
300123,2014/12/31,1250500
300397,2014/12/31,1121800
300429,2014/12/31,1944200
300282,2014/12/31,1261700
300102,2014/12/31,2619000
300186,2014/12/31,548200
300094,2014/12/31,1946600
300401,2015/12/31,828600
300301,2015/12/31,995000
300351,2015/12/31,1140000
300298,2015/12/31,1030000
300125,2015/12/31,1668100
300131,2015/12/31,1209000
300227,2015/12/31,1805800
300450,2015/12/31,1960400
300376,2015/12/31,1468600
300437,2015/12/31,440000
300349,2015/12/31,978000
300324,2015/12/31,808200
300161,2015/12/31,1566000
300118,2015/12/31,2242600
300271,2015/12/31,943200
300054,2015/12/31,580000
300363,2015/12/31,5296300
300443,2015/12/31,1402000
300132,2015/12/31,770100
300140,2015/12/31,530400
300278,2015/12/31,771200
300453,2015/12/31,636400
300121,2015/12/31,931700
300175,2015/12/31,407400
300233,2015/12/31,2002000
300095,2015/12/31,678600
300336,2015/12/31,2597600
300243,2015/12/31,1300000
300162,2015/12/31,1149700
300193,2015/12/31,2204000
300228,2015/12/31,2898100
300259,2015/12/31,847500
300331,2015/12/31,647000
300191,2015/12/31,1285800
300014,2015/12/31,1057200
300144,2015/12/31,1308000
300146,2015/12/31,1950000
300122,2015/12/31,1560000
300204,2015/12/31,2000086
300203,2015/12/31,738800
300077,2015/12/31,2940000
300432,2015/12/31,2851600
300009,2015/12/31,1134000
300485,2015/12/31,1979000
300441,2015/12/31,432000
300283,2015/12/31,1101400
300163,2015/12/31,626900
300148,2015/12/31,860000
300335,2015/12/31,1469200
300414,2015/12/31,1408000
300314,2015/12/31,841400
300105,2015/12/31,1186600
300238,2015/12/31,1983900
300024,2015/12/31,1380000
300316,2015/12/31,3435200
300430,2015/12/31,588600
300111,2015/12/31,1945000
300245,2015/12/31,2961520.75
300457,2015/12/31,1400000
300116,2015/12/31,955000
300360,2015/12/31,2153500
300322,2015/12/31,825000
300408,2015/12/31,3989400
300421,2015/12/31,555000
300073,2015/12/31,674400
300244,2015/12/31,2040000
300383,2015/12/31,1327800
300068,2015/12/31,680000
300087,2015/12/31,762300
300375,2015/12/31,2896700
300172,2015/12/31,853600
300072,2015/12/31,3917300
300403,2015/12/31,830600
300216,2015/12/31,680400
300176,2015/12/31,1382400
300080,2015/12/31,1040500
300428,2015/12/31,289600
300143,2015/12/31,676600
300458,2015/12/31,3600400
300025,2015/12/31,906600
300422,2015/12/31,1621100
300225,2015/12/31,1690800
300393,2015/12/31,1601900
300149,2015/12/31,890300
300398,2015/12/31,2000800
300365,2015/12/31,675900
300120,2015/12/31,517800
300488,2015/12/31,774100
300104,2015/12/31,1700000
300472,2015/12/31,820000
300215,2015/12/31,2584100
300296,2015/12/31,815700
300255,2015/12/31,1760000
300019,2015/12/31,1843300
300184,2015/12/31,1567300
300045,2015/12/31,1433300
300222,2015/12/31,2274500
300256,2015/12/31,1638300
300037,2015/12/31,2131800
300101,2015/12/31,2740700
300036,2015/12/31,1560701
300466,2015/12/31,1050400
300249,2015/12/31,720000
300017,2015/12/31,3650500
300213,2015/12/31,1766500
300491,2015/12/31,2677800
300034,2015/12/31,1314100
300056,2015/12/31,1917700
300368,2015/12/31,1113500
300026,2015/12/31,11954700
300410,2015/12/31,1536600
300247,2015/12/31,1234700
300262,2015/12/31,390200
300114,2015/12/31,1408800
300081,2015/12/31,716600
300027,2015/12/31,3299100
300210,2015/12/31,468000
300392,2015/12/31,1943800
300209,2015/12/31,1749000
300067,2015/12/31,1110000
300455,2015/12/31,795400
300092,2015/12/31,595200
300293,2015/12/31,698600
300320,2015/12/31,1039300
300117,2015/12/31,715200
300066,2015/12/31,1085500
300150,2015/12/31,1720000
300139,2015/12/31,1800000
300207,2015/12/31,1860500
300237,2015/12/31,824700
300476,2015/12/31,1471800
300052,2015/12/31,1051000
300339,2015/12/31,3057500
300482,2015/12/31,1798100
300286,2015/12/31,1099000
300160,2015/12/31,1453900
300190,2015/12/31,1825900
300127,2015/12/31,1747200
300008,2015/12/31,860000
300253,2015/12/31,1134700
300147,2015/12/31,1010000
300208,2015/12/31,1196500
300373,2015/12/31,1006000
300495,2015/12/31,1233700
300200,2015/12/31,1027000
300218,2015/12/31,2800000
300289,2015/12/31,5494000
300475,2015/12/31,2869000
300436,2015/12/31,1439500
300378,2015/12/31,3120000
300451,2015/12/31,1040300
300354,2015/12/31,804800
300291,2015/12/31,807700
300103,2015/12/31,1294100
300284,2015/12/31,3176400
300416,2015/12/31,1426700
300089,2015/12/31,851000
300328,2015/12/31,2528400
300138,2015/12/31,2214900
300044,2015/12/31,1005300
300230,2015/12/31,999700
300480,2015/12/31,1395900
300015,2015/12/31,1220000
300223,2015/12/31,828000
300307,2015/12/31,1500000
300390,2015/12/31,910000
300231,2015/12/31,792300
300039,2015/12/31,1680000
300382,2015/12/31,1459300
300412,2015/12/31,679700
300338,2015/12/31,1700500
300007,2015/12/31,902200
300099,2015/12/31,626900
300229,2015/12/31,844800
300134,2015/12/31,3000000
300386,2015/12/31,1244000
300177,2015/12/31,763200
300115,2015/12/31,1468500
300469,2015/12/31,1514500
300290,2015/12/31,2340000
300481,2015/12/31,140000
300093,2015/12/31,890400
300071,2015/12/31,1544500
300057,2015/12/31,2252700
300047,2015/12/31,2216700
300479,2015/12/31,934400
300145,2015/12/31,865300
300062,2015/12/31,1342004
300317,2015/12/31,1446800
300277,2015/12/31,296200
300214,2015/12/31,1311900
300090,2015/12/31,1656000
300217,2015/12/31,1316500
300406,2015/12/31,6048000
300425,2015/12/31,1090000
300133,2015/12/31,2208400
300239,2015/12/31,1415000
300327,2015/12/31,1500000
300065,2015/12/31,523863.54
300221,2015/12/31,1407300
300003,2015/12/31,525000
300078,2015/12/31,1450300
300299,2015/12/31,1441600
300018,2015/12/31,1460100
300442,2015/12/31,582400
300419,2015/12/31,651200
300050,2015/12/31,2160100
300371,2015/12/31,1187300
300074,2015/12/31,1170000
300306,2015/12/31,901200
300051,2015/12/31,1589000
300076,2015/12/31,2160200
300112,2015/12/31,1215400
300069,2015/12/31,460600
300107,2015/12/31,594800
300174,2015/12/31,885000
300257,2015/12/31,2384900
300235,2015/12/31,1372100
300267,2015/12/31,6134400
300049,2015/12/31,1644800
300187,2015/12/31,2068800
300041,2015/12/31,1347400
300420,2015/12/31,384200
300424,2015/12/31,5560200
300415,2015/12/31,4338400
300195,2015/12/31,2368700
300357,2015/12/31,1190000
300181,2015/12/31,1473200
300242,2015/12/31,1089300
300212,2015/12/31,1963000
300294,2015/12/31,1930000
300490,2015/12/31,1170900
300097,2015/12/31,642000
300046,2015/12/31,764700
300389,2015/12/31,2543000
300011,2015/12/31,2822700
300396,2015/12/31,3269000
300303,2015/12/31,1915500
300325,2015/12/31,1200000
300426,2015/12/31,703500
300136,2015/12/31,1960700
300473,2015/12/31,1844400
300156,2015/12/31,2690600
300418,2015/12/31,559200
300394,2015/12/31,1165800
300341,2015/12/31,2411100
300240,2015/12/31,2186600
300211,2015/12/31,992000
300124,2015/12/31,3325500
300251,2015/12/31,2020100
300031,2015/12/31,623700
300434,2015/12/31,695400
300085,2015/12/31,603000
300359,2015/12/31,1378200
300400,2015/12/31,699100
300334,2015/12/31,1030800
300438,2015/12/31,1080400
300100,2015/12/31,714000
300330,2015/12/31,423300
300012,2015/12/31,6103200
300358,2015/12/31,659300
300084,2015/12/31,3565900
300126,2015/12/31,1260000
300205,2015/12/31,2993600
300021,2015/12/31,1262500
300435,2015/12/31,1290000
300470,2015/12/31,1561500
300356,2015/12/31,1241800
300058,2015/12/31,5880000
300427,2015/12/31,1898900
300387,2015/12/31,4497400
300295,2015/12/31,2440000
300070,2015/12/31,1320000
300088,2015/12/31,1719300
300202,2015/12/31,1117198
300448,2015/12/31,670200
300493,2015/12/31,3170900
300096,2015/12/31,1473100
300282,2015/12/31,1112000
300340,2015/12/31,995400
300500,2015/12/31,3003900
300224,2015/12/31,1200000
300348,2015/12/31,2791300
300110,2015/12/31,1696900
300196,2015/12/31,1796100
300380,2015/12/31,900200
300347,2015/12/31,3538300
300344,2015/12/31,1086000
300098,2015/12/31,1017100
300241,2015/12/31,1377500
300498,2015/12/31,4856700
300391,2015/12/31,1050000
300477,2015/12/31,2100000
300285,2015/12/31,996000
300159,2015/12/31,1133600
300395,2015/12/31,1890000
300219,2015/12/31,3387500
300384,2015/12/31,1119800
300032,2015/12/31,860000
300020,2015/12/31,1583100
300254,2015/12/31,1905500
300484,2015/12/31,2235200
300319,2015/12/31,702600
300352,2015/12/31,1073400
300197,2015/12/31,2670000
300010,2015/12/31,2059400
300431,2015/12/31,5735500
300086,2015/12/31,1085000
300269,2015/12/31,2257700
300311,2015/12/31,1060600
300449,2015/12/31,1256000
300130,2015/12/31,1487000
300263,2015/12/31,3650000
300171,2015/12/31,1282700
300346,2015/12/31,1213100
300246,2015/12/31,1588600
300312,2015/12/31,1015200
300250,2015/12/31,895800
300261,2015/12/31,1482000
300258,2015/12/31,1140300
300075,2015/12/31,1470000
300079,2015/12/31,2448400
300236,2015/12/31,1337200
300423,2015/12/31,730898.69
300313,2015/12/31,1532800
300281,2015/12/31,1885800
300040,2015/12/31,480000
300501,2015/12/31,571500
300494,2015/12/31,1358900
300315,2015/12/31,2567800
300417,2015/12/31,1314200
300061,2015/12/31,1504100
300397,2015/12/31,1207300
300164,2015/12/31,295300
300165,2015/12/31,1501500
300276,2015/12/31,800000
300333,2015/12/31,2880800
300304,2015/12/31,783000
300489,2015/12/31,695600
300234,2015/12/31,951900
300460,2015/12/31,306600
300452,2015/12/31,535300
300129,2015/12/31,1587000
300042,2015/12/31,1118300
300332,2015/12/31,1300000
300113,2015/12/31,1178200
300411,2015/12/31,731600
300108,2015/12/31,542000
300198,2015/12/31,895400
300381,2015/12/31,1258200
300185,2015/12/31,2492200
300153,2015/12/31,2243800
300035,2015/12/31,582000
300106,2015/12/31,560000
300468,2015/12/31,1475700
300374,2015/12/31,985300
300506,2015/12/31,588700
300265,2015/12/31,362000
300467,2015/12/31,1226800
300248,2015/12/31,730200
300268,2015/12/31,122700
300310,2015/12/31,1272000
300366,2015/12/31,890900
300308,2015/12/31,501900
300173,2015/12/31,2122100
300119,2015/12/31,1380000
300151,2015/12/31,1985600
300413,2015/12/31,3469700
300350,2015/12/31,828000
300006,2015/12/31,930000
300369,2015/12/31,900000
300492,2015/12/31,2737500
300053,2015/12/31,1108000
300232,2015/12/31,1377000
300038,2015/12/31,1503800
300166,2015/12/31,1836700
300043,2015/12/31,788000
300182,2015/12/31,1072200
300128,2015/12/31,1451500
300433,2015/12/31,8380000
300167,2015/12/31,989200
300444,2015/12/31,1320000
300388,2015/12/31,1071600
300370,2015/12/31,1492000
300486,2015/12/31,542000
300188,2015/12/31,1080000
300083,2015/12/31,2520000
300462,2015/12/31,598100
300496,2015/12/31,1581800
300465,2015/12/31,1126000
300353,2015/12/31,2549100
300440,2015/12/31,3192000
300402,2015/12/31,478500
300192,2015/12/31,1481500
300377,2015/12/31,1070000
300141,2015/12/31,612700
300170,2015/12/31,1440000
300355,2015/12/31,2080000
300487,2015/12/31,717000
300005,2015/12/31,10135700
300091,2015/12/31,824300
300409,2015/12/31,1049300
300155,2015/12/31,2484100
300337,2015/12/31,940000
300302,2015/12/31,666000
300459,2015/12/31,877900
300499,2015/12/31,787600
300497,2015/12/31,1554300
300305,2015/12/31,1920000
300252,2015/12/31,1510300
300288,2015/12/31,1688100
300183,2015/12/31,2394400
300405,2015/12/31,601000
300194,2015/12/31,1335300
300180,2015/12/31,3308200
300168,2015/12/31,3500000
300048,2015/12/31,1005000
300004,2015/12/31,2489400
300109,2015/12/31,413600
300002,2015/12/31,1738800
300260,2015/12/31,940200
300137,2015/12/31,1096800
300169,2015/12/31,1170000
300275,2015/12/31,1262200
300178,2015/12/31,2100900
300280,2015/12/31,1524400
300157,2015/12/31,1754100
300471,2015/12/31,1463100
300329,2015/12/31,902000
300345,2015/12/31,1125000
300158,2015/12/31,1868000
300292,2015/12/31,1560000
300063,2015/12/31,1530000
300279,2015/12/31,1064100
300123,2015/12/31,1105000
300266,2015/12/31,400300
300464,2015/12/31,1081300
300152,2015/12/31,1869000
300483,2015/12/31,724000
300404,2015/12/31,619400
300206,2015/12/31,3264400
300399,2015/12/31,1458000
300323,2015/12/31,1496700
300447,2015/12/31,954227.63
300022,2015/12/31,781400
300273,2015/12/31,2055400
300407,2015/12/31,1357300
300201,2015/12/31,1701100
300478,2015/12/31,1210700
300001,2015/12/31,1866900
300030,2015/12/31,1786700
300463,2015/12/31,2490000
300372,2015/12/31,602100
300094,2015/12/31,1427700
300297,2015/12/31,1234500
300362,2015/12/31,708000
300102,2015/12/31,2061400
300226,2015/12/31,1168300
300456,2015/12/31,751000
300385,2015/12/31,704000
300154,2015/12/31,1641100
300321,2015/12/31,1881700
300379,2015/12/31,1293300
300220,2015/12/31,390000
300445,2015/12/31,2242500
300272,2015/12/31,545800
300189,2015/12/31,1104800
300364,2015/12/31,824600
300264,2015/12/31,935300
300274,2015/12/31,2610000
300461,2015/12/31,3744100
300342,2015/12/31,1002000
300179,2015/12/31,1123800
300326,2015/12/31,5127300
300270,2015/12/31,1212000
300082,2015/12/31,2087700
300055,2015/12/31,2081300
300199,2015/12/31,5337700
300439,2015/12/31,1393000
300300,2015/12/31,619000
300016,2015/12/31,3367000
300429,2015/12/31,1960300
300287,2015/12/31,700000
300343,2015/12/31,1776000
300142,2015/12/31,1635800
300028,2015/12/31,1010000
300135,2015/12/31,654900
300318,2015/12/31,1329400
300013,2015/12/31,1678300
300561,2016/12/31,3940500
300401,2016/12/31,866400
300304,2016/12/31,821100
300411,2016/12/31,800000
300385,2016/12/31,704000
300131,2016/12/31,1242300
300184,2016/12/31,1708500
300264,2016/12/31,979800
300391,2016/12/31,2873200
300398,2016/12/31,1835600
300409,2016/12/31,1854700
300046,2016/12/31,746400
300510,2016/12/31,435300
300121,2016/12/31,880400
300286,2016/12/31,1072000
300416,2016/12/31,1531400
300363,2016/12/31,5464500
300095,2016/12/31,617600
300453,2016/12/31,842400
300568,2016/12/31,4694700
300238,2016/12/31,1990900
300323,2016/12/31,1377800
300487,2016/12/31,761700
300016,2016/12/31,2553400
300111,2016/12/31,1252700
300586,2016/12/31,816580.95
300039,2016/12/31,1825000
300102,2016/12/31,1857700
300144,2016/12/31,1572000
300146,2016/12/31,5356000
300014,2016/12/31,1130000
300376,2016/12/31,1580600
300557,2016/12/31,601300
300562,2016/12/31,1024400
300365,2016/12/31,669000
300128,2016/12/31,1677400
300420,2016/12/31,528600
300149,2016/12/31,1026500
300169,2016/12/31,1170000
300050,2016/12/31,2294000
300116,2016/12/31,958900
300444,2016/12/31,1355000
300447,2016/12/31,1177100
300305,2016/12/31,1745600
300501,2016/12/31,714100
300423,2016/12/31,501600
300482,2016/12/31,2090800
300450,2016/12/31,2065500
300493,2016/12/31,3526800
300221,2016/12/31,1617600
300207,2016/12/31,1655700
300422,2016/12/31,1607600
300476,2016/12/31,1140000
300024,2016/12/31,1177400
300386,2016/12/31,1227000
300595,2016/12/31,1058500
300068,2016/12/31,700400
300472,2016/12/31,771400
300598,2016/12/31,920000
300069,2016/12/31,460600
300073,2016/12/31,780100
300114,2016/12/31,1478100
300017,2016/12/31,3582300
300511,2016/12/31,1477500
300122,2016/12/31,1320000
300520,2016/12/31,960000
300172,2016/12/31,872700
300285,2016/12/31,1116000
300310,2016/12/31,1880000
300457,2016/12/31,1520000
300334,2016/12/31,1080000
300419,2016/12/31,651200
300518,2016/12/31,1562300
300609,2016/12/31,1889000
300072,2016/12/31,4241400
300213,2016/12/31,1784800
300271,2016/12/31,943200
300066,2016/12/31,1181600
300403,2016/12/31,932400
300031,2016/12/31,859300
300375,2016/12/31,2866200
300018,2016/12/31,1505400
300080,2016/12/31,1287200
300328,2016/12/31,2408900
300374,2016/12/31,1108900
300394,2016/12/31,1488800
300125,2016/12/31,2119200
300204,2016/12/31,2298158.8
300395,2016/12/31,3149600
300496,2016/12/31,1454000
300383,2016/12/31,1457800
300224,2016/12/31,1200000
300436,2016/12/31,1671900
300507,2016/12/31,576800
300611,2016/12/31,1174000
300234,2016/12/31,962300
300276,2016/12/31,795000
300371,2016/12/31,1662400
300563,2016/12/31,1415200
300559,2016/12/31,1024100
300491,2016/12/31,1117800
300181,2016/12/31,1733100
300269,2016/12/31,1784300
300067,2016/12/31,1033000
300110,2016/12/31,2255500
300449,2016/12/31,1256000
300427,2016/12/31,1850838.3
300534,2016/12/31,498800
300034,2016/12/31,1273900
300101,2016/12/31,2823700
300105,2016/12/31,530600
300225,2016/12/31,2064800
300294,2016/12/31,1930000
300052,2016/12/31,1066000
300179,2016/12/31,1219500
300288,2016/12/31,1479900
300036,2016/12/31,1743300
300115,2016/12/31,3850600
300434,2016/12/31,676400
300342,2016/12/31,1110000
300452,2016/12/31,589900
300108,2016/12/31,630000
300317,2016/12/31,1087200
300480,2016/12/31,1260200
300045,2016/12/31,1453500
300193,2016/12/31,2205400
300147,2016/12/31,1010000
300256,2016/12/31,1947200
300156,2016/12/31,1610000
300396,2016/12/31,3210000
300543,2016/12/31,1761800
300182,2016/12/31,1783000
300278,2016/12/31,846000
300218,2016/12/31,2882500
300223,2016/12/31,828000
300175,2016/12/31,660000
300303,2016/12/31,2137000
300113,2016/12/31,1433900
300324,2016/12/31,1166000
300019,2016/12/31,2087500
300227,2016/12/31,1633500
300350,2016/12/31,828000
300552,2016/12/31,2240700
300335,2016/12/31,1655600
300026,2016/12/31,7752100
300037,2016/12/31,3440700
300215,2016/12/31,2686200
300235,2016/12/31,1274100
300244,2016/12/31,2550000
300027,2016/12/31,4056900
300406,2016/12/31,3421500
300451,2016/12/31,1065800
300537,2016/12/31,1637000
300086,2016/12/31,1370000
300567,2016/12/31,2680900
300103,2016/12/31,1458100
300188,2016/12/31,1284900
300296,2016/12/31,778000
300336,2016/12/31,2557100
300319,2016/12/31,794400
300495,2016/12/31,1871200
300159,2016/12/31,1253600
300575,2016/12/31,1385100
300370,2016/12/31,1769900
300341,2016/12/31,2552100
300044,2016/12/31,1005300
300008,2016/12/31,860000
300241,2016/12/31,1236400
300009,2016/12/31,1190000
300378,2016/12/31,4740000
300539,2016/12/31,662900
300041,2016/12/31,1114700
300092,2016/12/31,423300
300338,2016/12/31,2062500
300127,2016/12/31,1859500
300373,2016/12/31,1062000
300443,2016/12/31,1416000
300455,2016/12/31,834300
300290,2016/12/31,2410000
300431,2016/12/31,6372700
300077,2016/12/31,3840000
300120,2016/12/31,535300
300176,2016/12/31,1574300
300475,2016/12/31,1368000
300174,2016/12/31,2678000
300078,2016/12/31,1882900
300313,2016/12/31,988200
300327,2016/12/31,1720000
300474,2016/12/31,958800
300030,2016/12/31,1443600
300222,2016/12/31,2478100
300229,2016/12/31,1074300
300259,2016/12/31,712000
300320,2016/12/31,1039000
300440,2016/12/31,3144100
300469,2016/12/31,1567800
300164,2016/12/31,132700
300503,2016/12/31,1801800
300190,2016/12/31,2052900
300545,2016/12/31,1050700
300194,2016/12/31,1343400
300210,2016/12/31,516000
300233,2016/12/31,3111600
300298,2016/12/31,1039800
300448,2016/12/31,706200
300467,2016/12/31,1544200
300479,2016/12/31,933400
300283,2016/12/31,1110000
300062,2016/12/31,1906000
300515,2016/12/31,958600
300516,2016/12/31,801800
300547,2016/12/31,407500
300035,2016/12/31,620900
300252,2016/12/31,1652400
300340,2016/12/31,905100
300003,2016/12/31,286800
300353,2016/12/31,3914500
300198,2016/12/31,912700
300379,2016/12/31,1931000
300226,2016/12/31,982800
300399,2016/12/31,1502800
300442,2016/12/31,580400
300528,2016/12/31,947100
300049,2016/12/31,1776100
300051,2016/12/31,689900
300265,2016/12/31,362000
300459,2016/12/31,1130100
300541,2016/12/31,1832000
300141,2016/12/31,1066700
300163,2016/12/31,1342000
300428,2016/12/31,292700
300015,2016/12/31,1420000
300043,2016/12/31,871200
300254,2016/12/31,1579600
300532,2016/12/31,2142600
300558,2016/12/31,5470000
300006,2016/12/31,777400
300088,2016/12/31,2804300
300400,2016/12/31,1131100
300458,2016/12/31,4414100
300143,2016/12/31,1213600
300217,2016/12/31,1310700
300231,2016/12/31,935700
300282,2016/12/31,1621100
300481,2016/12/31,140000
300498,2016/12/31,6315400
300535,2016/12/31,1505200
300021,2016/12/31,1492500
300057,2016/12/31,2782800
300087,2016/12/31,1693400
300177,2016/12/31,1298500
300306,2016/12/31,1314200
300325,2016/12/31,1350000
300389,2016/12/31,2096400
300499,2016/12/31,1243100
300579,2016/12/31,1682100
300132,2016/12/31,982700
300134,2016/12/31,3036000
300538,2016/12/31,1415600
300546,2016/12/31,1638100
300572,2016/12/31,2050000
300573,2016/12/31,2737300
300608,2016/12/31,1217700
300505,2016/12/31,433900
300089,2016/12/31,981000
300209,2016/12/31,1832100
300085,2016/12/31,624000
300329,2016/12/31,902000
300381,2016/12/31,1762000
300145,2016/12/31,1023600
300314,2016/12/31,902800
300345,2016/12/31,787600
300603,2016/12/31,1586566.57
300124,2016/12/31,3804200
300240,2016/12/31,2690000
300339,2016/12/31,3200000
300425,2016/12/31,1064800
300070,2016/12/31,1269000
300205,2016/12/31,1958900
300330,2016/12/31,540300
300356,2016/12/31,1213100
300512,2016/12/31,1620000
300054,2016/12/31,540000
300548,2016/12/31,3884800
300161,2016/12/31,1409500
300312,2016/12/31,1017500
300349,2016/12/31,978000
300414,2016/12/31,1280000
300531,2016/12/31,1105200
300570,2016/12/31,2726300
300081,2016/12/31,921800
300150,2016/12/31,1860000
300167,2016/12/31,712100
300358,2016/12/31,558300
300364,2016/12/31,1283000
300523,2016/12/31,1873300
300540,2016/12/31,1502500
300553,2016/12/31,718000
300577,2016/12/31,2030400
300368,2016/12/31,1011600
300393,2016/12/31,1391100
300484,2016/12/31,2524400
300331,2016/12/31,674700
300071,2016/12/31,1855200
300348,2016/12/31,3294700
300097,2016/12/31,768000
300412,2016/12/31,852300
300560,2016/12/31,1083500
300247,2016/12/31,942000
300196,2016/12/31,1756100
300250,2016/12/31,1511800
300214,2016/12/31,1470800
300268,2016/12/31,136500
300295,2016/12/31,2160000
300494,2016/12/31,1479120.06
300502,2016/12/31,2206800
300001,2016/12/31,2144100
300096,2016/12/31,1574900
300580,2016/12/31,1590000
300130,2016/12/31,1623000
300211,2016/12/31,843100
300274,2016/12/31,3160000
300148,2016/12/31,1510000
300243,2016/12/31,1262900
300284,2016/12/31,3415500
300112,2016/12/31,1098500
300138,2016/12/31,935500
300463,2016/12/31,2450000
300083,2016/12/31,2461600
300197,2016/12/31,2750000
300258,2016/12/31,1239200
300533,2016/12/31,2684700
300352,2016/12/31,1013200
300212,2016/12/31,1990800
300490,2016/12/31,1274200
300255,2016/12/31,1880000
300279,2016/12/31,1434000
300318,2016/12/31,1381100
300157,2016/12/31,1293400
300362,2016/12/31,1020000
300366,2016/12/31,1208600
300471,2016/12/31,1464800
300519,2016/12/31,574100
300517,2016/12/31,688700
300590,2016/12/31,2418800
300098,2016/12/31,1085700
300140,2016/12/31,604000
300142,2016/12/31,898800
300435,2016/12/31,1290000
300048,2016/12/31,1170500
300216,2016/12/31,682900
300257,2016/12/31,2455700
300407,2016/12/31,1287000
300424,2016/12/31,2680700
300592,2016/12/31,1105100
300025,2016/12/31,871800
300117,2016/12/31,605300
300104,2016/12/31,1860000
300055,2016/12/31,1054900
300261,2016/12/31,1469600
300388,2016/12/31,1793100
300139,2016/12/31,1475800
300119,2016/12/31,1380000
300333,2016/12/31,3280800
300011,2016/12/31,1631400
300441,2016/12/31,452000
300408,2016/12/31,3991800
300522,2016/12/31,1664000
300107,2016/12/31,544500
300410,2016/12/31,1911700
300239,2016/12/31,1501300
300464,2016/12/31,1180800
300492,2016/12/31,2064500
300346,2016/12/31,1745400
300565,2016/12/31,1179400
300588,2016/12/31,316500
300433,2016/12/31,8380000
300569,2016/12/31,760000
300600,2016/12/31,1489200
300521,2016/12/31,813500
300591,2016/12/31,593000
300593,2016/12/31,1168800
300578,2016/12/31,921793.32
300606,2016/12/31,792300
300596,2016/12/31,1880700
300079,2016/12/31,3152700
300004,2016/12/31,2298400
300091,2016/12/31,556300
300200,2016/12/31,1027000
300246,2016/12/31,1894800
300202,2016/12/31,1110400
300267,2016/12/31,1317000
300251,2016/12/31,2022100
300413,2016/12/31,2854800
300047,2016/12/31,2777100
300555,2016/12/31,771500
300308,2016/12/31,441300
300605,2016/12/31,940400
300151,2016/12/31,1987600
300245,2016/12/31,2709000
300529,2016/12/31,2819700
300263,2016/12/31,3659000
300321,2016/12/31,1829700
300542,2016/12/31,909600
300584,2016/12/31,872600
300602,2016/12/31,2199500
300612,2016/12/31,2867300
300206,2016/12/31,3264400
300153,2016/12/31,2489300
300065,2016/12/31,1111000
300369,2016/12/31,999000
300099,2016/12/31,814300
300038,2016/12/31,1737500
300473,2016/12/31,1960800
300126,2016/12/31,1400000
300500,2016/12/31,2945900
300610,2016/12/31,536300
300082,2016/12/31,1937400
300020,2016/12/31,1631700
300248,2016/12/31,736400
300291,2016/12/31,796400
300359,2016/12/31,1526000
300556,2016/12/31,1086000
300173,2016/12/31,3275500
300002,2016/12/31,1391400
300100,2016/12/31,1461200
300191,2016/12/31,974300
300266,2016/12/31,754500
300040,2016/12/31,590000
300307,2016/12/31,1440000
300154,2016/12/31,1717800
300237,2016/12/31,924800
300061,2016/12/31,2293100
300042,2016/12/31,1266000
300280,2016/12/31,1117700
300007,2016/12/31,1594400
300160,2016/12/31,1808700
300152,2016/12/31,1460000
300337,2016/12/31,1450000
300155,2016/12/31,2164700
300253,2016/12/31,1147200
300390,2016/12/31,832000
300133,2016/12/31,1965700
300249,2016/12/31,800000
300236,2016/12/31,1728600
300478,2016/12/31,1420900
300551,2016/12/31,1132000
300232,2016/12/31,1538200
300293,2016/12/31,600700
300631,2016/12/31,275400
300344,2016/12/31,997100
300075,2016/12/31,1640000
300275,2016/12/31,1492100
300270,2016/12/31,1170000
300360,2016/12/31,1627200
300165,2016/12/31,1505300
300322,2016/12/31,826500
300415,2016/12/31,5102800
300426,2016/12/31,1412900
300260,2016/12/31,971300
300372,2016/12/31,497600
300513,2016/12/31,1298100
300483,2016/12/31,1350000
300302,2016/12/31,697000
300470,2016/12/31,1777300
300601,2016/12/31,1745000
300315,2016/12/31,2562100
300530,2016/12/31,530000
300566,2016/12/31,1560000
300615,2016/12/31,3367200
300354,2016/12/31,788450
300461,2016/12/31,3782800
300421,2016/12/31,680000
300525,2016/12/31,1019100
300301,2016/12/31,720000
300351,2016/12/31,1140000
300508,2016/12/31,1047300
300589,2016/12/31,637000
300418,2016/12/31,804300
300607,2016/12/31,1027300
300497,2016/12/31,2204600
300583,2016/12/31,1472200
300022,2016/12/31,643900
300084,2016/12/31,3018900
300137,2016/12/31,1212300
300180,2016/12/31,3811300
300013,2016/12/31,2708000
300076,2016/12/31,2000000
300203,2016/12/31,928100
300028,2016/12/31,831300
300262,2016/12/31,766600
300136,2016/12/31,2417900
300311,2016/12/31,1639200
300178,2016/12/31,2526400
300201,2016/12/31,1723100
300053,2016/12/31,1182700
300063,2016/12/31,2117400
300382,2016/12/31,1652186
300123,2016/12/31,1195900
300118,2016/12/31,3400500
300429,2016/12/31,1929800
300170,2016/12/31,960000
300242,2016/12/31,1407100
300158,2016/12/31,1927700
300192,2016/12/31,1524200
300456,2016/12/31,739400
300228,2016/12/31,1480900
300183,2016/12/31,3349600
300032,2016/12/31,960000
300485,2016/12/31,2035100
300208,2016/12/31,1237400
300168,2016/12/31,3500000
300299,2016/12/31,1936800
300292,2016/12/31,1560000
300527,2016/12/31,2313000
300357,2016/12/31,1076000
300380,2016/12/31,910300
300109,2016/12/31,322800
300272,2016/12/31,573900
300597,2016/12/31,2067400
300417,2016/12/31,1295100
300166,2016/12/31,1837700
300404,2016/12/31,649400
300189,2016/12/31,1099400
300316,2016/12/31,4219600
300445,2016/12/31,2835400
300185,2016/12/31,3424000
300010,2016/12/31,3016000
300384,2016/12/31,1054300
300438,2016/12/31,1218600
300220,2016/12/31,364800
300477,2016/12/31,2100000
300466,2016/12/31,1141800
300430,2016/12/31,716000
300289,2016/12/31,2500800
300506,2016/12/31,1083100
300074,2016/12/31,1237000
300576,2016/12/31,2242800
300460,2016/12/31,435600
300129,2016/12/31,1599000
300355,2016/12/31,2700000
300526,2016/12/31,1284200
300486,2016/12/31,630000
300171,2016/12/31,881000
300402,2016/12/31,428200
300219,2016/12/31,3422900
300549,2016/12/31,1780200
300195,2016/12/31,2765900
300281,2016/12/31,2155300
300585,2016/12/31,1269800
300489,2016/12/31,859200
300230,2016/12/31,1119700
300599,2016/12/31,1637600
300297,2016/12/31,1641900
300571,2016/12/31,1415800
300377,2016/12/31,1210000
300405,2016/12/31,372800
300326,2016/12/31,5013900
300439,2016/12/31,1587000
300468,2016/12/31,1571200
300509,2016/12/31,2339200
300582,2016/12/31,1267000
300397,2016/12/31,1230800
300432,2016/12/31,3618800
300462,2016/12/31,673800
300488,2016/12/31,845900
300437,2016/12/31,474100
300550,2016/12/31,946000
300465,2016/12/31,702500
300058,2016/12/31,5880000
300273,2016/12/31,2210000
300536,2016/12/31,773000
300187,2016/12/31,1747200
300347,2016/12/31,3623400
300005,2016/12/31,10131900
300090,2016/12/31,1116000
300199,2016/12/31,4851300
300633,2016/12/31,1600000
300387,2016/12/31,842000
300300,2016/12/31,839100
300587,2016/12/31,1470000
300287,2016/12/31,784000
300581,2016/12/31,1951500
300012,2016/12/31,3459400
300162,2016/12/31,1124300
300332,2016/12/31,1506000
300106,2016/12/31,414900
300094,2016/12/31,1764000
300056,2016/12/31,2033400
300135,2016/12/31,704800
300343,2016/12/31,1623000
300093,2016/12/31,431200
300392,2016/12/31,2200700
300277,2016/12/31,464000
300536,2017/12/31,1437100
300320,2017/12/31,1039000
300451,2017/12/31,1460700
300483,2017/12/31,1350000
300474,2017/12/31,1968800
300476,2017/12/31,1867100
300193,2017/12/31,2039500
300161,2017/12/31,1141400
300495,2017/12/31,1875000
300204,2017/12/31,2274199.7
300618,2017/12/31,1531600
300016,2017/12/31,2637700
300146,2017/12/31,11202000
300414,2017/12/31,1035000
300590,2017/12/31,2428800
300677,2017/12/31,1782000
300700,2017/12/31,2056900
300102,2017/12/31,1454900
300239,2017/12/31,1681300
300301,2017/12/31,1372700
300559,2017/12/31,1060000
300650,2017/12/31,1041400
300557,2017/12/31,990000
300313,2017/12/31,1844900
300413,2017/12/31,3798400
300656,2017/12/31,747400
300041,2017/12/31,1312200
300681,2017/12/31,2382000
300450,2017/12/31,2342500
300286,2017/12/31,1067400
300545,2017/12/31,1682800
300416,2017/12/31,1589000
300584,2017/12/31,852400
300715,2017/12/31,1005100
300505,2017/12/31,655400
300485,2017/12/31,2043500
300376,2017/12/31,1432000
300003,2017/12/31,434600
300302,2017/12/31,679000
300365,2017/12/31,669000
300275,2017/12/31,1316800
300459,2017/12/31,1388100
300511,2017/12/31,1352200
300398,2017/12/31,1878600
300199,2017/12/31,5441200
300393,2017/12/31,1641800
300428,2017/12/31,303000
300181,2017/12/31,1686500
300357,2017/12/31,1586100
300131,2017/12/31,1252700
300491,2017/12/31,1117800
300260,2017/12/31,1055800
300014,2017/12/31,1438000
300383,2017/12/31,1567600
300226,2017/12/31,1869900
300143,2017/12/31,1061900
300122,2017/12/31,1535600
300563,2017/12/31,1430000
300046,2017/12/31,1022300
300453,2017/12/31,964400
300248,2017/12/31,758700
300130,2017/12/31,1698600
300178,2017/12/31,3383800
300052,2017/12/31,1042500
300659,2017/12/31,1393100
300509,2017/12/31,2355600
300436,2017/12/31,1947800
300105,2017/12/31,432700
300007,2017/12/31,2231000
300024,2017/12/31,1635900
300027,2017/12/31,4869200
300101,2017/12/31,2678100
300127,2017/12/31,1991400
300256,2017/12/31,4154600
300296,2017/12/31,831800
300520,2017/12/31,1040000
300655,2017/12/31,1237000
300635,2017/12/31,1531100
300429,2017/12/31,2261800
300092,2017/12/31,624700
300009,2017/12/31,1392000
300047,2017/12/31,3582300
300240,2017/12/31,3012600
300144,2017/12/31,1789000
300373,2017/12/31,1578200
300421,2017/12/31,680000
300586,2017/12/31,866800
300596,2017/12/31,2683500
300708,2017/12/31,694400
300185,2017/12/31,4906300
300339,2017/12/31,3500000
300034,2017/12/31,1210200
300570,2017/12/31,3142400
300001,2017/12/31,2282100
300138,2017/12/31,3431400
300304,2017/12/31,734900
300068,2017/12/31,1408000
300532,2017/12/31,2150600
300701,2017/12/31,851500
300237,2017/12/31,825200
300037,2017/12/31,4282300
300381,2017/12/31,1887000
300173,2017/12/31,2574800
300346,2017/12/31,2384000
300593,2017/12/31,1289500
300322,2017/12/31,1049700
300569,2017/12/31,1780000
300036,2017/12/31,1813700
300717,2017/12/31,673200
300579,2017/12/31,2317700
300548,2017/12/31,2104300
300205,2017/12/31,1951400
300103,2017/12/31,1215200
300378,2017/12/31,4170000
300270,2017/12/31,1205000
300507,2017/12/31,1275800
300038,2017/12/31,1791300
300117,2017/12/31,954700
300705,2017/12/31,721300
300647,2017/12/31,1092300
300242,2017/12/31,2027900
300233,2017/12/31,3114800
300110,2017/12/31,1188500
300229,2017/12/31,1119200
300342,2017/12/31,1040000
300480,2017/12/31,1177100
300639,2017/12/31,4220100
300349,2017/12/31,1583100
300044,2017/12/31,1601700
300222,2017/12/31,2496300
300327,2017/12/31,2325800
300128,2017/12/31,1399400
300252,2017/12/31,1267700
300375,2017/12/31,2666100
300523,2017/12/31,1868300
300658,2017/12/31,5790600
300455,2017/12/31,876500
300026,2017/12/31,4074400
300629,2017/12/31,1047300
300215,2017/12/31,2223500
300018,2017/12/31,1352100
300194,2017/12/31,1335700
300324,2017/12/31,1520800
300282,2017/12/31,1910700
300445,2017/12/31,2880000
300427,2017/12/31,1898000
300619,2017/12/31,1102100
300562,2017/12/31,696100
300273,2017/12/31,2158800
300115,2017/12/31,3454100
300567,2017/12/31,2746800
300692,2017/12/31,751600
300722,2017/12/31,1296000
300244,2017/12/31,2115000
300406,2017/12/31,2874000
300353,2017/12/31,3000500
300547,2017/12/31,650336.69
300516,2017/12/31,458400
300684,2017/12/31,3666900
300019,2017/12/31,2006800
300259,2017/12/31,714300
300213,2017/12/31,1994400
300528,2017/12/31,811000
300305,2017/12/31,1247000
300682,2017/12/31,1708600
300437,2017/12/31,547500
300575,2017/12/31,1420700
300719,2017/12/31,1520200
300066,2017/12/31,987300
300172,2017/12/31,972800
300147,2017/12/31,1010000
300403,2017/12/31,1035200
300430,2017/12/31,836400
300107,2017/12/31,978528.18
300685,2017/12/31,2386800
300223,2017/12/31,897000
300328,2017/12/31,2449100
300479,2017/12/31,1341000
300633,2017/12/31,1600000
300140,2017/12/31,1853600
300196,2017/12/31,1556100
300310,2017/12/31,1763500
300238,2017/12/31,2382100
300493,2017/12/31,3473300
300529,2017/12/31,3902900
300154,2017/12/31,1744000
300539,2017/12/31,859500
300420,2017/12/31,1173500
300552,2017/12/31,1298800
300616,2017/12/31,3060000
300074,2017/12/31,1566000
300598,2017/12/31,878400
300466,2017/12/31,1091500
300150,2017/12/31,1785900
300057,2017/12/31,2954500
300212,2017/12/31,2633000
300401,2017/12/31,880900
300121,2017/12/31,1603400
300683,2017/12/31,1291800
300568,2017/12/31,3225900
300334,2017/12/31,1080000
300538,2017/12/31,1373200
300073,2017/12/31,1331300
300192,2017/12/31,1555900
300087,2017/12/31,3549400
300441,2017/12/31,900000
300227,2017/12/31,1885900
300492,2017/12/31,1078700
300699,2017/12/31,1209000
300241,2017/12/31,1399300
300271,2017/12/31,943200
300263,2017/12/31,3690000
300284,2017/12/31,3336000
300595,2017/12/31,1077600
300627,2017/12/31,1478900
300314,2017/12/31,1028700
300149,2017/12/31,981200
300245,2017/12/31,1810100
300341,2017/12/31,2722800
300316,2017/12/31,3800000
300325,2017/12/31,2287000
300498,2017/12/31,13175300
300400,2017/12/31,1263100
300371,2017/12/31,1520300
300443,2017/12/31,1533000
300630,2017/12/31,640000
300021,2017/12/31,2391700
300056,2017/12/31,2357100
300662,2017/12/31,11551900
300164,2017/12/31,748300
300225,2017/12/31,2007900
300673,2017/12/31,1594203.89
300424,2017/12/31,2498200
300278,2017/12/31,818000
300308,2017/12/31,1544600
300620,2017/12/31,2715600
300556,2017/12/31,1229000
300330,2017/12/31,643888
300374,2017/12/31,1080000
300368,2017/12/31,1031800
300558,2017/12/31,5490000
300572,2017/12/31,2400000
300535,2017/12/31,1905200
300220,2017/12/31,310100
300725,2017/12/31,2430200
300541,2017/12/31,1807000
300517,2017/12/31,676000
300736,2017/12/31,2241407.2
300617,2017/12/31,1056000
300458,2017/12/31,2645200
300120,2017/12/31,543500
300623,2017/12/31,2000900
300217,2017/12/31,1918600
300638,2017/12/31,1913600
300577,2017/12/31,2134200
300017,2017/12/31,4621000
300078,2017/12/31,1506800
300643,2017/12/31,1210986
300132,2017/12/31,2235700
300329,2017/12/31,1070900
300255,2017/12/31,1499500
300731,2017/12/31,1384600
300343,2017/12/31,1151600
300546,2017/12/31,2020000
300389,2017/12/31,2046100
300713,2017/12/31,2533800
300224,2017/12/31,1900000
300735,2017/12/31,5838700
300440,2017/12/31,2018500
300503,2017/12/31,1288900
300500,2017/12/31,2898000
300668,2017/12/31,7866600
300379,2017/12/31,1982500
300537,2017/12/31,1449300
300697,2017/12/31,662700
300211,2017/12/31,833700
300489,2017/12/31,665200
300258,2017/12/31,1223000
300112,2017/12/31,1039900
300508,2017/12/31,1089300
300631,2017/12/31,507500
300202,2017/12/31,963200
300469,2017/12/31,1493100
300395,2017/12/31,2006200
300592,2017/12/31,2077400
300554,2017/12/31,1745400
300671,2017/12/31,705000
300197,2017/12/31,3343800
300207,2017/12/31,1770400
300487,2017/12/31,786400
300080,2017/12/31,1712300
300285,2017/12/31,1863300
300626,2017/12/31,1727500
300444,2017/12/31,1393900
300519,2017/12/31,574100
300732,2017/12/31,2473300
300432,2017/12/31,2126700
300560,2017/12/31,1284200
300691,2017/12/31,1191500
300125,2017/12/31,1164800
300484,2017/12/31,1959500
300264,2017/12/31,1260600
300513,2017/12/31,1408000
300051,2017/12/31,575600
300370,2017/12/31,2453500
300648,2017/12/31,1450200
300020,2017/12/31,1877900
300039,2017/12/31,1692900
300113,2017/12/31,2373900
300348,2017/12/31,3588500
300363,2017/12/31,3954000
300632,2017/12/31,2041100
300412,2017/12/31,873900
300472,2017/12/31,894000
300257,2017/12/31,2983400
300136,2017/12/31,3192300
300642,2017/12/31,2795400
300448,2017/12/31,818200
300319,2017/12/31,1129300
300380,2017/12/31,1031000
300624,2017/12/31,3344200
300739,2017/12/31,6024200
300134,2017/12/31,3047000
300167,2017/12/31,842900
300235,2017/12/31,1369000
300447,2017/12/31,1118200
300738,2017/12/31,1635200
300195,2017/12/31,2865200
300072,2017/12/31,4260100
300280,2017/12/31,1397600
300277,2017/12/31,552700
300290,2017/12/31,2427500
300470,2017/12/31,2868600
300295,2017/12/31,2070000
300737,2017/12/31,2346400
300402,2017/12/31,405500
300578,2017/12/31,1067900
300088,2017/12/31,4095600
300281,2017/12/31,2368400
300408,2017/12/31,4475800
300478,2017/12/31,1448900
300067,2017/12/31,1226100
300261,2017/12/31,1520400
300388,2017/12/31,3028500
300351,2017/12/31,1140000
300606,2017/12/31,1054400
300463,2017/12/31,2560000
300095,2017/12/31,765000
300582,2017/12/31,2646300
300119,2017/12/31,1380000
300170,2017/12/31,0
300288,2017/12/31,3415800
300726,2017/12/31,1371400
300317,2017/12/31,1267400
300333,2017/12/31,4606800
300411,2017/12/31,800000
300415,2017/12/31,5554000
300434,2017/12/31,1725200
300497,2017/12/31,2329200
300180,2017/12/31,4748200
300396,2017/12/31,2936000
300679,2017/12/31,2839700
300612,2017/12/31,2368200
300045,2017/12/31,1370000
300622,2017/12/31,1399600
300243,2017/12/31,1409400
300347,2017/12/31,3543700
300553,2017/12/31,870000
300456,2017/12/31,768900
300162,2017/12/31,1181200
300573,2017/12/31,2883800
300332,2017/12/31,1890000
300431,2017/12/31,3302400
300141,2017/12/31,1124000
300032,2017/12/31,960000
300703,2017/12/31,1239700
300510,2017/12/31,799700
300321,2017/12/31,1346000
300670,2017/12/31,825400
300418,2017/12/31,1451200
300501,2017/12/31,791778
300133,2017/12/31,2676600
300168,2017/12/31,3800000
300676,2017/12/31,2310300
300387,2017/12/31,979900
300636,2017/12/31,1276600
300407,2017/12/31,951000
300157,2017/12/31,1719200
300661,2017/12/31,1531600
300645,2017/12/31,764100
300200,2017/12/31,1446000
300335,2017/12/31,1546900
300542,2017/12/31,953100
300338,2017/12/31,2439500
300174,2017/12/31,3852000
300390,2017/12/31,890000
300439,2017/12/31,1559700
300654,2017/12/31,977700
300473,2017/12/31,2118800
300307,2017/12/31,1640000
300555,2017/12/31,694600
300006,2017/12/31,778300
300695,2017/12/31,1302900
300015,2017/12/31,2380000
300184,2017/12/31,2227200
300077,2017/12/31,5120000
300303,2017/12/31,2484000
300410,2017/12/31,2427299.96
300219,2017/12/31,3800700
300435,2017/12/31,1293000
300521,2017/12/31,1050000
300707,2017/12/31,2233000
300142,2017/12/31,2000800
300053,2017/12/31,1221000
300246,2017/12/31,2175300
300250,2017/12/31,798800
300089,2017/12/31,1138100
300318,2017/12/31,1562100
300461,2017/12/31,5123900
300409,2017/12/31,1661900
300386,2017/12/31,1225700
300008,2017/12/31,1022000
300488,2017/12/31,961000
300587,2017/12/31,1470000
300588,2017/12/31,1083700
300210,2017/12/31,516000
300649,2017/12/31,3972900
300417,2017/12/31,958300
300706,2017/12/31,780900
300075,2017/12/31,1680000
300137,2017/12/31,1291300
300729,2017/12/31,2249700
300221,2017/12/31,2135700
300165,2017/12/31,1440400
300300,2017/12/31,786900
300391,2017/12/31,3016100
300054,2017/12/31,750000
300340,2017/12/31,1611500
300385,2017/12/31,796000
300583,2017/12/31,1510400
300464,2017/12/31,1180800
300657,2017/12/31,1494700
300561,2017/12/31,3910000
300640,2017/12/31,294100
300069,2017/12/31,1344500
300698,2017/12/31,880000
300129,2017/12/31,1599000
300730,2017/12/31,848100
300214,2017/12/31,1209000
300291,2017/12/31,1242100
300262,2017/12/31,813300
300203,2017/12/31,1191100
300384,2017/12/31,828000
300236,2017/12/31,1844000
300468,2017/12/31,1725200
300082,2017/12/31,1909100
300031,2017/12/31,996500
300494,2017/12/31,1527280.09
300462,2017/12/31,841000
300471,2017/12/31,710300
300693,2017/12/31,2020000
300279,2017/12/31,1260000
300675,2017/12/31,3058600
300666,2017/12/31,550700
300551,2017/12/31,1475000
300549,2017/12/31,2151700
300712,2017/12/31,1591400
300637,2017/12/31,1825400
300696,2017/12/31,799800
300070,2017/12/31,1269000
300251,2017/12/31,2030400
300061,2017/12/31,2843400
300475,2017/12/31,1622700
300079,2017/12/31,2360100
300109,2017/12/31,612900
300139,2017/12/31,1348000
300206,2017/12/31,3285100
300287,2017/12/31,839000
300234,2017/12/31,840200
300369,2017/12/31,3148800
300025,2017/12/31,906400
300460,2017/12/31,314800
300533,2017/12/31,2600900
300311,2017/12/31,1991600
300099,2017/12/31,848300
300011,2017/12/31,2526100
300182,2017/12/31,2007400
300688,2017/12/31,1722400
300272,2017/12/31,1056500
300086,2017/12/31,1037000
300085,2017/12/31,624600
300352,2017/12/31,1170100
300166,2017/12/31,1886500
300159,2017/12/31,1272800
300399,2017/12/31,1469900
300438,2017/12/31,1467400
300005,2017/12/31,6023600
300265,2017/12/31,362200
300040,2017/12/31,590000
300727,2017/12/31,1711400
300249,2017/12/31,1250000
300035,2017/12/31,1187700
300486,2017/12/31,630000
300522,2017/12/31,2166400
300336,2017/12/31,2798800
300345,2017/12/31,1058700
300084,2017/12/31,3499900
300608,2017/12/31,1286600
300326,2017/12/31,5023800
300433,2017/12/31,8880000
300585,2017/12/31,1839500
300515,2017/12/31,1005267.49
300151,2017/12/31,2031100
300419,2017/12/31,726100
300665,2017/12/31,501900
300004,2017/12/31,2329600
300641,2017/12/31,2205500
300187,2017/12/31,2007100
300490,2017/12/31,1602800
300028,2017/12/31,668000
300100,2017/12/31,3067700
300702,2017/12/31,1912600
300603,2017/12/31,1127700
300081,2017/12/31,1933200
300711,2017/12/31,944400
300253,2017/12/31,1560500
300183,2017/12/31,3470000
300148,2017/12/31,1850000
300096,2017/12/31,1942300
300663,2017/12/31,1013800
300355,2017/12/31,2960000
300710,2017/12/31,1143700
300179,2017/12/31,1173000
300153,2017/12/31,2489600
300274,2017/12/31,3740000
300597,2017/12/31,1871500
300247,2017/12/31,1445900
300356,2017/12/31,1583600
300512,2017/12/31,1699000
300198,2017/12/31,1017700
300442,2017/12/31,580400
300354,2017/12/31,793800
300660,2017/12/31,2005600
300576,2017/12/31,2244300
300628,2017/12/31,3048800
300405,2017/12/31,390100
300709,2017/12/31,2664400
300689,2017/12/31,470200
300289,2017/12/31,1729600
300504,2017/12/31,1926800
300609,2017/12/31,2311700
300362,2017/12/31,1140000
300566,2017/12/31,1088200
300426,2017/12/31,2067800
300613,2017/12/31,2216000
300672,2017/12/31,1675700
300591,2017/12/31,592800
300720,2017/12/31,411400
300733,2017/12/31,2717200
300065,2017/12/31,807800
300177,2017/12/31,1019200
300232,2017/12/31,1731800
300344,2017/12/31,988000
300571,2017/12/31,1521100
300392,2017/12/31,2418000
300718,2017/12/31,1290300
300502,2017/12/31,2203600
300048,2017/12/31,1082000
300042,2017/12/31,1896700
300118,2017/12/31,3150600
300010,2017/12/31,3265700
300565,2017/12/31,911300
300098,2017/12/31,1703600
300163,2017/12/31,744000
300160,2017/12/31,2237300
300093,2017/12/31,332300
300209,2017/12/31,3355400
300268,2017/12/31,417000
300607,2017/12/31,1238400
300208,2017/12/31,1855400
300312,2017/12/31,1015200
300610,2017/12/31,1219900
300721,2017/12/31,1602700
300298,2017/12/31,1112200
300152,2017/12/31,3329500
300254,2017/12/31,1646500
300467,2017/12/31,1201900
300423,2017/12/31,600300
300540,2017/12/31,1267500
300191,2017/12/31,1162400
300366,2017/12/31,1644800
300602,2017/12/31,1771900
300267,2017/12/31,1542000
300687,2017/12/31,2014000
300030,2017/12/31,1867200
300531,2017/12/31,1114100
300359,2017/12/31,1221400
300518,2017/12/31,1579600
300097,2017/12/31,1103100
300123,2017/12/31,1074400
300667,2017/12/31,1453900
300155,2017/12/31,2368800
300145,2017/12/31,928900
300581,2017/12/31,2048600
300652,2017/12/31,1602300
300404,2017/12/31,1140500
300601,2017/12/31,2643200
300058,2017/12/31,4980000
300050,2017/12/31,2418000
300201,2017/12/31,2310100
300171,2017/12/31,1568100
300686,2017/12/31,1018100
300108,2017/12/31,630000
300292,2017/12/31,1560000
300189,2017/12/31,1174800
300230,2017/12/31,7189900
300364,2017/12/31,1273000
300276,2017/12/31,986600
300315,2017/12/31,2955200
300425,2017/12/31,1245400
300377,2017/12/31,1300000
300358,2017/12/31,553800
300457,2017/12/31,2067400
300477,2017/12/31,2100500
300530,2017/12/31,534000
300543,2017/12/31,2100600
300452,2017/12/31,720869.59
300526,2017/12/31,1304100
300604,2017/12/31,2432700
300599,2017/12/31,2413900
300678,2017/12/31,1557600
300091,2017/12/31,610600
300397,2017/12/31,1198600
300615,2017/12/31,2258200
300076,2017/12/31,1700000
300680,2017/12/31,787000
300723,2017/12/31,1149600
300266,2017/12/31,2338300
300449,2017/12/31,1292000
300293,2017/12/31,401500
300653,2017/12/31,415200
300083,2017/12/31,3243000
300062,2017/12/31,1977300
300664,2017/12/31,1775700
300297,2017/12/31,1682200
300055,2017/12/31,3438500
300482,2017/12/31,2171400
300283,2017/12/31,1063400
300124,2017/12/31,4158100
300175,2017/12/31,809600
300094,2017/12/31,2293600
300002,2017/12/31,1298900
300231,2017/12/31,850300
300337,2017/12/31,1350000
300382,2017/12/31,2396000
300116,2017/12/31,962000
300104,2017/12/31,1840000
300499,2017/12/31,1777100
300550,2017/12/31,1028000
300605,2017/12/31,1079300
300716,2017/12/31,930000
300013,2017/12/31,2930100
300299,2017/12/31,2169900
300012,2017/12/31,1543600
300176,2017/12/31,999700
300090,2017/12/31,896400
300331,2017/12/31,738700
300111,2017/12/31,1294400
300514,2017/12/31,1851200
300651,2017/12/31,1382416
300156,2017/12/31,1660000
300049,2017/12/31,1668100
300043,2017/12/31,1033600
300600,2017/12/31,1704900
300228,2017/12/31,1830500
300611,2017/12/31,1206700
300063,2017/12/31,1130000
300169,2017/12/31,1230500
300158,2017/12/31,1316700
300126,2017/12/31,1005100
300360,2017/12/31,1445900
300580,2017/12/31,1287300
300135,2017/12/31,699000
300496,2017/12/31,2043000
300350,2017/12/31,828000
300269,2017/12/31,2335600
300621,2017/12/31,999700
300106,2017/12/31,414900
300190,2017/12/31,2289400
300625,2017/12/31,2044800
300022,2017/12/31,627200
300306,2017/12/31,1433854.96
300690,2017/12/31,2319200
300527,2017/12/31,2943000
300323,2017/12/31,1464000
300422,2017/12/31,1517900
300481,2017/12/31,388300
300218,2017/12/31,3035400
300589,2017/12/31,700000
300525,2017/12/31,1338100
300534,2017/12/31,1025300
300506,2017/12/31,1710300
300669,2017/12/31,1157900
300071,2017/12/31,1856900
300394,2017/12/31,1911200
300114,2017/12/31,1624500
300294,2017/12/31,1930000
300465,2017/12/31,1609900
300188,2017/12/31,1712000
300216,2017/12/31,552800
300619,2018/12/31,1535700
300125,2018/12/31,2119200
300748,2018/12/31,2322200
300700,2018/12/31,994700
300632,2018/12/31,2230300
300487,2018/12/31,797200
300751,2018/12/31,1427100
300398,2018/12/31,1848600
300260,2018/12/31,1351200
300132,2018/12/31,1917700
300602,2018/12/31,2332000
300623,2018/12/31,2287800
300220,2018/12/31,392600
300146,2018/12/31,26302300
300016,2018/12/31,2504000
300613,2018/12/31,1870000
300722,2018/12/31,1149300
300285,2018/12/31,1822500
300545,2018/12/31,2380200
300586,2018/12/31,868400
300617,2018/12/31,1160000
300638,2018/12/31,2893700
300657,2018/12/31,1890500
300591,2018/12/31,592800
300692,2018/12/31,703800
300455,2018/12/31,889100
300690,2018/12/31,2164500
300204,2018/12/31,3346300
300042,2018/12/31,1796500
300723,2018/12/31,1871100
300741,2018/12/31,15484600
300395,2018/12/31,2784913.35
300107,2018/12/31,1506100
300024,2018/12/31,1980000
300568,2018/12/31,3341800
300114,2018/12/31,1648100
300536,2018/12/31,1455300
300193,2018/12/31,2080000
300590,2018/12/31,2438000
300453,2018/12/31,955900
300534,2018/12/31,567800
300753,2018/12/31,2252700
300025,2018/12/31,484300
300249,2018/12/31,1250000
300556,2018/12/31,2249900
300525,2018/12/31,1438600
300121,2018/12/31,1844900
300037,2018/12/31,6113792.87
300501,2018/12/31,839000
300423,2018/12/31,710300
300211,2018/12/31,853100
300263,2018/12/31,4683700
300637,2018/12/31,2734100
300201,2018/12/31,2530900
300374,2018/12/31,1167500
300439,2018/12/31,1689000
300559,2018/12/31,837600
300179,2018/12/31,1154600
300017,2018/12/31,4200800
300081,2018/12/31,2078100
300041,2018/12/31,1255800
300652,2018/12/31,1512800
300450,2018/12/31,2630700
300421,2018/12/31,680000
300345,2018/12/31,1102600
300575,2018/12/31,3995500
300458,2018/12/31,6527200
300491,2018/12/31,1117800
300365,2018/12/31,1223100
300403,2018/12/31,1397400
300054,2018/12/31,910000
300052,2018/12/31,1073400
300188,2018/12/31,1369800
300242,2018/12/31,1002600
300148,2018/12/31,2010000
300579,2018/12/31,2272200
300435,2018/12/31,1308000
300414,2018/12/31,1070000
300379,2018/12/31,1631000
300218,2018/12/31,2851554.31
300685,2018/12/31,2572400
300529,2018/12/31,3804000
300393,2018/12/31,1916700
300103,2018/12/31,1212700
300224,2018/12/31,3005000
300596,2018/12/31,3143400
300101,2018/12/31,2423900
300401,2018/12/31,1481000
300240,2018/12/31,2783800
300298,2018/12/31,1150200
300138,2018/12/31,1054700
300699,2018/12/31,1450800
300445,2018/12/31,2968900
300629,2018/12/31,845400
300378,2018/12/31,4890000
300092,2018/12/31,665000
300346,2018/12/31,2244400
300507,2018/12/31,1236600
300485,2018/12/31,1652800
300322,2018/12/31,1076400
300105,2018/12/31,954000
300176,2018/12/31,3123600
300531,2018/12/31,1518100
300357,2018/12/31,1724900
300738,2018/12/31,2006000
300184,2018/12/31,6806300
300161,2018/12/31,1412100
300624,2018/12/31,2877800
300144,2018/12/31,2086600
300358,2018/12/31,602400
300066,2018/12/31,975500
300127,2018/12/31,2131800
300194,2018/12/31,1546800
300320,2018/12/31,1504400
300007,2018/12/31,2395800
300715,2018/12/31,1697900
300259,2018/12/31,720000
300406,2018/12/31,4909000
300645,2018/12/31,1104500
300480,2018/12/31,1293600
300522,2018/12/31,1852600
300639,2018/12/31,4567500
300115,2018/12/31,3350000
300416,2018/12/31,1122000
300732,2018/12/31,2399400
300726,2018/12/31,1441300
300570,2018/12/31,6320600
300183,2018/12/31,3720000
300304,2018/12/31,749200
300476,2018/12/31,2749200
300233,2018/12/31,3400000
300437,2018/12/31,656700
300047,2018/12/31,3440800
300213,2018/12/31,2193800
300675,2018/12/31,1694200
300009,2018/12/31,1820000
300003,2018/12/31,500000
300045,2018/12/31,1892400
300678,2018/12/31,2043500
300215,2018/12/31,3491300
300228,2018/12/31,2655100
300229,2018/12/31,1271000
300658,2018/12/31,6813500
300653,2018/12/31,1286500
300542,2018/12/31,1083600
300244,2018/12/31,3506700
300659,2018/12/31,1197600
300286,2018/12/31,1061100
300336,2018/12/31,2303200
300019,2018/12/31,1775700
300248,2018/12/31,731300
300303,2018/12/31,2431100
300274,2018/12/31,4320000
300140,2018/12/31,1510800
300681,2018/12/31,2183300
300391,2018/12/31,3170100
300190,2018/12/31,2151000
300724,2018/12/31,3511000
300635,2018/12/31,2058700
300078,2018/12/31,1651800
300682,2018/12/31,3411400
300538,2018/12/31,1844700
300457,2018/12/31,2906900
300018,2018/12/31,1024000
300615,2018/12/31,3201700
300609,2018/12/31,2732200
300655,2018/12/31,1727000
300492,2018/12/31,1927900
300091,2018/12/31,1332200
300436,2018/12/31,1849300
300494,2018/12/31,1559000
300630,2018/12/31,1070000
300067,2018/12/31,1255700
300725,2018/12/31,2948500
300584,2018/12/31,871300
300328,2018/12/31,2833100
300205,2018/12/31,1472900
300749,2018/12/31,1810200
300164,2018/12/31,1968000
300452,2018/12/31,718900
300481,2018/12/31,615600
300327,2018/12/31,2839400
300026,2018/12/31,4859700
300577,2018/12/31,2039200
300547,2018/12/31,717500
300595,2018/12/31,1222200
300671,2018/12/31,810700
300080,2018/12/31,1402600
300122,2018/12/31,1540000
300076,2018/12/31,1650000
300429,2018/12/31,1968700
300572,2018/12/31,2400000
300620,2018/12/31,3052700
300719,2018/12/31,2237400
300394,2018/12/31,2132800
300761,2018/12/31,2534100
300515,2018/12/31,1086405.72
300583,2018/12/31,1743600
300668,2018/12/31,8568300
300196,2018/12/31,1900000
300746,2018/12/31,1564000
300342,2018/12/31,1656000
300541,2018/12/31,1668000
300673,2018/12/31,2060600
300316,2018/12/31,5126000
300129,2018/12/31,1670900
300330,2018/12/31,701100
300057,2018/12/31,2962600
300385,2018/12/31,1100000
300443,2018/12/31,1435100
300610,2018/12/31,1090900
300349,2018/12/31,1528900
300430,2018/12/31,998300
300580,2018/12/31,1366500
300036,2018/12/31,2257600
300389,2018/12/31,2593600
300498,2018/12/31,14469200
300717,2018/12/31,747400
300469,2018/12/31,1641800
300227,2018/12/31,2337800
300517,2018/12/31,1045600
300475,2018/12/31,989700
300612,2018/12/31,2954000
300539,2018/12/31,859600
300062,2018/12/31,1972200
300314,2018/12/31,1130200
300479,2018/12/31,1412300
300474,2018/12/31,1856100
300669,2018/12/31,1208100
300210,2018/12/31,486200
300454,2018/12/31,969900
300097,2018/12/31,2497500
300440,2018/12/31,2515700
300757,2018/12/31,2962400
300697,2018/12/31,1000600
300441,2018/12/31,1030000
300371,2018/12/31,1457200
300177,2018/12/31,2640500
300562,2018/12/31,545900
300569,2018/12/31,1780000
300348,2018/12/31,3532900
300490,2018/12/31,1920900
300284,2018/12/31,3544000
300124,2018/12/31,4089600
300503,2018/12/31,1008700
300200,2018/12/31,1087800
300520,2018/12/31,1350000
300425,2018/12/31,4277800
300558,2018/12/31,5686900
300212,2018/12/31,2665800
300276,2018/12/31,995100
300159,2018/12/31,1660800
300245,2018/12/31,2470500
300072,2018/12/31,4424300
300070,2018/12/31,1306500
300329,2018/12/31,1156400
300214,2018/12/31,1096300
300341,2018/12/31,2747400
300375,2018/12/31,2706400
300708,2018/12/31,586800
300640,2018/12/31,376900
300695,2018/12/31,1350000
300301,2018/12/31,1188000
300172,2018/12/31,897800
300282,2018/12/31,1160200
300592,2018/12/31,2298500
300400,2018/12/31,3797600
300554,2018/12/31,1713400
300508,2018/12/31,1242700
300548,2018/12/31,1858800
300607,2018/12/31,1673800
300321,2018/12/31,1288600
300383,2018/12/31,1792400
300448,2018/12/31,883300
300755,2018/12/31,4140000
300739,2018/12/31,6163800
300560,2018/12/31,1416800
300170,2018/12/31,1302000
300747,2018/12/31,3139200
300636,2018/12/31,1636300
300119,2018/12/31,1380000
300288,2018/12/31,3530000
300139,2018/12/31,1367200
300065,2018/12/31,864200
300021,2018/12/31,3427800
300094,2018/12/31,2388800
300020,2018/12/31,1795000
300670,2018/12/31,894000
300387,2018/12/31,1192400
300573,2018/12/31,2922400
300277,2018/12/31,985000
300106,2018/12/31,295900
300759,2018/12/31,7710000
300420,2018/12/31,1040600
300519,2018/12/31,547000
300703,2018/12/31,1734600
300598,2018/12/31,803800
300239,2018/12/31,1742200
300207,2018/12/31,2845700
300691,2018/12/31,1586000
300150,2018/12/31,1919800
300262,2018/12/31,1264000
300419,2018/12/31,781700
300051,2018/12/31,571400
300588,2018/12/31,1526400
300278,2018/12/31,688000
300169,2018/12/31,1170000
300098,2018/12/31,5288400
300281,2018/12/31,2160000
300456,2018/12/31,1046800
300683,2018/12/31,1291400
300412,2018/12/31,861600
300540,2018/12/31,1765000
300295,2018/12/31,2795600
300643,2018/12/31,1464000
300500,2018/12/31,2885100
300396,2018/12/31,1990800
300250,2018/12/31,720800
300162,2018/12/31,1245400
300600,2018/12/31,1944900
300557,2018/12/31,1550000
300243,2018/12/31,1619300
300627,2018/12/31,1454800
300110,2018/12/31,1204000
300261,2018/12/31,1693000
300356,2018/12/31,1007800
300167,2018/12/31,801500
300408,2018/12/31,4141300
300223,2018/12/31,873500
300087,2018/12/31,4633300
300616,2018/12/31,3645000
300730,2018/12/31,1171500
300068,2018/12/31,2832000
300546,2018/12/31,2367700
300651,2018/12/31,1382200
300354,2018/12/31,1000000
300289,2018/12/31,3866000
300718,2018/12/31,706700
300145,2018/12/31,1338100
300386,2018/12/31,1288800
300368,2018/12/31,1514900
300648,2018/12/31,1395600
300649,2018/12/31,4887600
300283,2018/12/31,1117400
300063,2018/12/31,9110000
300333,2018/12/31,4956200
300502,2018/12/31,1517100
300206,2018/12/31,3307900
300667,2018/12/31,1482000
300380,2018/12/31,1183700
300056,2018/12/31,1889600
300294,2018/12/31,3600000
300332,2018/12/31,1725900
300628,2018/12/31,3081500
300593,2018/12/31,1286000
300032,2018/12/31,662200
300376,2018/12/31,1299100
300008,2018/12/31,1022000
300505,2018/12/31,686800
300702,2018/12/31,2058600
300510,2018/12/31,1598100
300752,2018/12/31,4305900
300326,2018/12/31,4923800
300608,2018/12/31,1522500
300279,2018/12/31,1654800
300131,2018/12/31,2528300
300470,2018/12/31,2957400
300308,2018/12/31,4143900
300660,2018/12/31,2413000
300581,2018/12/31,2168600
300664,2018/12/31,2224000
300306,2018/12/31,1636600
300711,2018/12/31,2209100
300126,2018/12/31,1051100
300231,2018/12/31,853500
300141,2018/12/31,1109100
300171,2018/12/31,1769900
300075,2018/12/31,2480000
300405,2018/12/31,465900
300399,2018/12/31,1487100
300576,2018/12/31,2548800
300707,2018/12/31,1354600
300633,2018/12/31,2600000
300656,2018/12/31,757700
300642,2018/12/31,2606200
300674,2018/12/31,2385300
300625,2018/12/31,2032800
300202,2018/12/31,693300
300477,2018/12/31,2244400
300099,2018/12/31,1147700
300158,2018/12/31,1492800
300377,2018/12/31,1997000
300031,2018/12/31,1083500
300543,2018/12/31,2148200
300698,2018/12/31,535000
300537,2018/12/31,1625100
300267,2018/12/31,1566400
300136,2018/12/31,3131900
300442,2018/12/31,363100
300566,2018/12/31,1464300
300265,2018/12/31,458100
300302,2018/12/31,725800
300360,2018/12/31,1474600
300706,2018/12/31,1042600
300483,2018/12/31,1010000
300473,2018/12/31,2420000
300046,2018/12/31,1040500
300514,2018/12/31,1293900
300291,2018/12/31,1189300
300338,2018/12/31,2400000
300006,2018/12/31,779800
300606,2018/12/31,924600
300710,2018/12/31,1071900
300337,2018/12/31,1350000
300050,2018/12/31,1995000
300713,2018/12/31,1729900
300369,2018/12/31,3900400
300672,2018/12/31,1972400
300290,2018/12/31,2210000
300108,2018/12/31,630000
300745,2018/12/31,1149200
300513,2018/12/31,1746700
300363,2018/12/31,2096200
300165,2018/12/31,1487600
300735,2018/12/31,6088400
300355,2018/12/31,3240000
300693,2018/12/31,1811300
300654,2018/12/31,1201200
300597,2018/12/31,1885400
300530,2018/12/31,521600
300209,2018/12/31,2536000
300663,2018/12/31,1052900
300427,2018/12/31,1907000
300208,2018/12/31,1802600
300013,2018/12/31,2811100
300384,2018/12/31,870000
300252,2018/12/31,1996500
300043,2018/12/31,1096400
300449,2018/12/31,818500
300185,2018/12/31,4990700
300647,2018/12/31,1583000
300603,2018/12/31,934500
300511,2018/12/31,1627600
300464,2018/12/31,1211400
300293,2018/12/31,243000
300335,2018/12/31,3019200
300058,2018/12/31,4080000
300680,2018/12/31,1002500
300381,2018/12/31,1812600
300687,2018/12/31,1813000
300661,2018/12/31,1447600
300438,2018/12/31,1954100
300750,2018/12/31,8760600
300225,2018/12/31,1329000
300173,2018/12/31,2716400
300287,2018/12/31,844000
300134,2018/12/31,2736600
300195,2018/12/31,4268200
300310,2018/12/31,1497200
300424,2018/12/31,2413700
300599,2018/12/31,3972100
300527,2018/12/31,2357400
300694,2018/12/31,3270100
300621,2018/12/31,1424200
300178,2018/12/31,3821800
300676,2018/12/31,3068300
300709,2018/12/31,1643600
300199,2018/12/31,5190000
300605,2018/12/31,1328000
300109,2018/12/31,421200
300137,2018/12/31,1097000
300373,2018/12/31,1787700
300270,2018/12/31,1268900
300382,2018/12/31,2814500
300305,2018/12/31,1819300
300618,2018/12/31,1622700
300155,2018/12/31,2126800
300100,2018/12/31,3595700
300641,2018/12/31,3047200
300040,2018/12/31,884500
300489,2018/12/31,792500
300493,2018/12/31,3281300
300488,2018/12/31,1002600
300549,2018/12/31,2214600
300352,2018/12/31,1238300
300246,2018/12/31,2377700
300666,2018/12/31,551400
300168,2018/12/31,3450000
300397,2018/12/31,1206400
300292,2018/12/31,1560000
300048,2018/12/31,850800
300004,2018/12/31,2049100
300307,2018/12/31,1860000
300219,2018/12/31,4309800
300482,2018/12/31,2632800
300422,2018/12/31,1200900
300516,2018/12/31,1307600
300253,2018/12/31,2045900
300465,2018/12/31,2410000
300737,2018/12/31,2547500
300370,2018/12/31,1867200
300049,2018/12/31,1488900
300216,2018/12/31,489700
300111,2018/12/31,1479600
300230,2018/12/31,7266800
300417,2018/12/31,876100
300010,2018/12/31,4065500
300499,2018/12/31,1901300
300268,2018/12/31,1470000
300344,2018/12/31,1012700
300222,2018/12/31,3147000
300030,2018/12/31,1722200
300684,2018/12/31,3483300
300451,2018/12/31,1730700
300192,2018/12/31,979900
300015,2018/12/31,2841700
300462,2018/12/31,950000
300679,2018/12/31,2202600
300496,2018/12/31,2811600
300323,2018/12/31,1630000
300217,2018/12/31,1927100
300012,2018/12/31,2057300
300113,2018/12/31,3563600
300407,2018/12/31,909900
300388,2018/12/31,1949900
300143,2018/12/31,1151900
300069,2018/12/31,1580000
300444,2018/12/31,1311700
300409,2018/12/31,1921000
300175,2018/12/31,864000
300696,2018/12/31,1037800
300686,2018/12/31,1931800
300604,2018/12/31,2484000
300518,2018/12/31,963900
300160,2018/12/31,2067100
300432,2018/12/31,1905400
300509,2018/12/31,2345500
300340,2018/12/31,2000000
300002,2018/12/31,1736000
300561,2018/12/31,3620000
300359,2018/12/31,1016200
300743,2018/12/31,2753500
300402,2018/12/31,476900
300486,2018/12/31,1587800
300236,2018/12/31,2086300
300366,2018/12/31,1621600
300644,2018/12/31,766800
300191,2018/12/31,1560900
300153,2018/12/31,3287300
300410,2018/12/31,3459300
300055,2018/12/31,2834000
300459,2018/12/31,1569300
300353,2018/12/31,1606300
300315,2018/12/31,4857900
300118,2018/12/31,2790500
300550,2018/12/31,1483000
300688,2018/12/31,1223900
300133,2018/12/31,2889800
300221,2018/12/31,1944200
300198,2018/12/31,851700
300720,2018/12/31,396200
300234,2018/12/31,1119900
300740,2018/12/31,2154100
300237,2018/12/31,809000
300232,2018/12/31,1606800
300571,2018/12/31,1521400
300151,2018/12/31,2085300
300731,2018/12/31,3583100
300317,2018/12/31,2421000
300601,2018/12/31,2930700
300578,2018/12/31,987300
300555,2018/12/31,791400
300166,2018/12/31,1918000
300468,2018/12/31,1681300
300300,2018/12/31,914800
300733,2018/12/31,2161200
300551,2018/12/31,1496400
300506,2018/12/31,1735800
300273,2018/12/31,2204600
300463,2018/12/31,2650000
300152,2018/12/31,1271300
300084,2018/12/31,2001300
300466,2018/12/31,1092500
300142,2018/12/31,2458500
300088,2018/12/31,3700200
300347,2018/12/31,2238700
300331,2018/12/31,1044500
300005,2018/12/31,6151900
300241,2018/12/31,1458400
300187,2018/12/31,1551100
300526,2018/12/31,944000
300512,2018/12/31,1775000
300182,2018/12/31,2033800
300104,2018/12/31,1820000
300350,2018/12/31,828000
300523,2018/12/31,2678700
300275,2018/12/31,1644600
300203,2018/12/31,1077700
300189,2018/12/31,1182200
300130,2018/12/31,1237300
300077,2018/12/31,2963000
300280,2018/12/31,1367100
300433,2018/12/31,8880000
300364,2018/12/31,1285500
300313,2018/12/31,1153600
300758,2018/12/31,1461500
300325,2018/12/31,2009000
300404,2018/12/31,1392200
300351,2018/12/31,1480000
300022,2018/12/31,510900
300226,2018/12/31,2687400
300254,2018/12/31,1820400
300095,2018/12/31,812400
300035,2018/12/31,1222300
300311,2018/12/31,2395900
300392,2018/12/31,1776000
300180,2018/12/31,5272400
300460,2018/12/31,561600
300461,2018/12/31,5984800
300434,2018/12/31,3165000
300467,2018/12/31,1334000
300053,2018/12/31,1835400
300269,2018/12/31,3986000
300343,2018/12/31,1220200
300197,2018/12/31,2599300
300431,2018/12/31,3922100
300027,2018/12/31,6285400
300324,2018/12/31,928600
300128,2018/12/31,1530800
300071,2018/12/31,2517900
300001,2018/12/31,2670100
300028,2018/12/31,768700
300266,2018/12/31,1808000
300411,2018/12/31,1169300
300123,2018/12/31,930400
300247,2018/12/31,1312800
300082,2018/12/31,2407700
300061,2018/12/31,2424900
300362,2018/12/31,1338900
300426,2018/12/31,1833300
300135,2018/12/31,809600
300156,2018/12/31,2490000
300147,2018/12/31,1010000
300116,2018/12/31,390000
300090,2018/12/31,1599300
300742,2018/12/31,846000
300089,2018/12/31,1205000
300093,2018/12/31,478600
300257,2018/12/31,5681400
300038,2018/12/31,1783900
300074,2018/12/31,2310000
300149,2018/12/31,1823400
300181,2018/12/31,1900700
300504,2018/12/31,1848300
300528,2018/12/31,694200
300535,2018/12/31,2152700
300552,2018/12/31,1199100
300553,2018/12/31,735000
300622,2018/12/31,1455600
300705,2018/12/31,1889100
300756,2018/12/31,3470200
300312,2018/12/31,1015200
300011,2018/12/31,1518500
300039,2018/12/31,1577800
300044,2018/12/31,2476400
300073,2018/12/31,2090800
300079,2018/12/31,2332800
300083,2018/12/31,4792200
300085,2018/12/31,624000
300096,2018/12/31,2227400
300086,2018/12/31,923000
300117,2018/12/31,951700
300154,2018/12/31,1875000
300174,2018/12/31,3596100
300235,2018/12/31,1222000
300255,2018/12/31,1490700
300256,2018/12/31,3474500
300258,2018/12/31,1184800
300251,2018/12/31,2163500
300272,2018/12/31,1983800
300318,2018/12/31,1529400
300319,2018/12/31,1155700
300390,2018/12/31,822500
300415,2018/12/31,7216400
300418,2018/12/31,7099800
300297,2018/12/31,1682300
300478,2018/12/31,1858800
300428,2018/12/31,900000
300271,2018/12/31,943200
300447,2018/12/31,902200
300471,2018/12/31,871400
300472,2018/12/31,996600
300484,2018/12/31,1466500
300495,2018/12/31,2506800
300521,2018/12/31,1050000
300014,2018/12/31,2036900
300532,2018/12/31,1850400
300533,2018/12/31,2626300
300563,2018/12/31,1480000
300565,2018/12/31,916900
300567,2018/12/31,4164200
300587,2018/12/31,1500000
300611,2018/12/31,1296800
300626,2018/12/31,1800100
300631,2018/12/31,977500
300650,2018/12/31,1087400
300662,2018/12/31,11332100
300665,2018/12/31,674600
300689,2018/12/31,751600
300701,2018/12/31,834500
300712,2018/12/31,1636700
300716,2018/12/31,1440000
300727,2018/12/31,1939200
300729,2018/12/31,2043100
300736,2018/12/31,2331700
300760,2018/12/31,44098600
300585,2018/12/31,1278300
300102,2018/12/31,1061300
300339,2018/12/31,3268500
300721,2018/12/31,1152900
300497,2018/12/31,2468000
300334,2018/12/31,1080000
300677,2018/12/31,1738300
300413,2018/12/31,9865500
300163,2018/12/31,736400
300034,2018/12/31,1686300
300296,2018/12/31,908100
300589,2018/12/31,700000
300112,2018/12/31,1495600
300264,2018/12/31,1229500
300299,2018/12/31,1512900
300582,2018/12/31,2828200
300238,2018/12/31,1930100
300157,2018/12/31,2203600
300120,2018/12/31,1294100
300634,2018/12/31,2937200
