Stkcd,Reptdt,Dual
300108,2013/12/31,1
300181,2013/12/31,2
300044,2013/12/31,2
300267,2013/12/31,1
300286,2013/12/31,1
300228,2013/12/31,2
300263,2013/12/31,2
300054,2013/12/31,2
300213,2013/12/31,2
300074,2013/12/31,2
300032,2013/12/31,1
300165,2013/12/31,2
300062,2013/12/31,2
300169,2013/12/31,1
300144,2013/12/31,2
300010,2013/12/31,1
300011,2013/12/31,2
300014,2013/12/31,1
300039,2013/12/31,2
300113,2013/12/31,1
300143,2013/12/31,1
300148,2013/12/31,2
300174,2013/12/31,2
300278,2013/12/31,2
300294,2013/12/31,2
300146,2013/12/31,2
300050,2013/12/31,2
300358,2013/12/31,1
300360,2013/12/31,1
300052,2013/12/31,1
300184,2013/12/31,1
300046,2013/12/31,1
300085,2013/12/31,2
300140,2013/12/31,2
300253,2013/12/31,2
300019,2013/12/31,2
300084,2013/12/31,1
300127,2013/12/31,2
300190,2013/12/31,1
300227,2013/12/31,1
300295,2013/12/31,2
300298,2013/12/31,1
300292,2013/12/31,2
300204,2013/12/31,2
300172,2013/12/31,2
300095,2013/12/31,2
300110,2013/12/31,2
300159,2013/12/31,1
300349,2013/12/31,1
300035,2013/12/31,2
300124,2013/12/31,1
300247,2013/12/31,1
300119,2013/12/31,1
300342,2013/12/31,2
300233,2013/12/31,2
300017,2013/12/31,1
300002,2013/12/31,2
300068,2013/12/31,2
300145,2013/12/31,2
300238,2013/12/31,2
300284,2013/12/31,2
300341,2013/12/31,2
300347,2013/12/31,1
300177,2013/12/31,2
300030,2013/12/31,1
300116,2013/12/31,2
300383,2013/12/31,1
300231,2013/12/31,1
300008,2013/12/31,1
300126,2013/12/31,1
300199,2013/12/31,2
300237,2013/12/31,2
300274,2013/12/31,1
300334,2013/12/31,2
300336,2013/12/31,1
300225,2013/12/31,1
300241,2013/12/31,1
300304,2013/12/31,1
300015,2013/12/31,2
300216,2013/12/31,1
300303,2013/12/31,1
300104,2013/12/31,1
300210,2013/12/31,2
300101,2013/12/31,2
300289,2013/12/31,1
300112,2013/12/31,2
300354,2013/12/31,2
300249,2013/12/31,2
300103,2013/12/31,1
300125,2013/12/31,2
300003,2013/12/31,2
300154,2013/12/31,1
300037,2013/12/31,2
300275,2013/12/31,1
300221,2013/12/31,2
300218,2013/12/31,1
300363,2013/12/31,2
300042,2013/12/31,1
300114,2013/12/31,2
300224,2013/12/31,2
300041,2013/12/31,2
300339,2013/12/31,1
300212,2013/12/31,2
300047,2013/12/31,1
300138,2013/12/31,1
300105,2013/12/31,2
300301,2013/12/31,1
300001,2013/12/31,2
300115,2013/12/31,1
300320,2013/12/31,1
300078,2013/12/31,1
300067,2013/12/31,1
300251,2013/12/31,1
300072,2013/12/31,2
300006,2013/12/31,1
300254,2013/12/31,2
300321,2013/12/31,2
300371,2013/12/31,1
300092,2013/12/31,2
300009,2013/12/31,1
300306,2013/12/31,1
300097,2013/12/31,1
300200,2013/12/31,2
300027,2013/12/31,2
300264,2013/12/31,2
300121,2013/12/31,2
300296,2013/12/31,1
300071,2013/12/31,1
300379,2013/12/31,2
300250,2013/12/31,1
300117,2013/12/31,2
300088,2013/12/31,2
300152,2013/12/31,2
300134,2013/12/31,2
300256,2013/12/31,2
300099,2013/12/31,1
300310,2013/12/31,2
300338,2013/12/31,2
300259,2013/12/31,2
300222,2013/12/31,1
300070,2013/12/31,2
300229,2013/12/31,2
300194,2013/12/31,2
300261,2013/12/31,1
300043,2013/12/31,1
300348,2013/12/31,1
300375,2013/12/31,1
300120,2013/12/31,2
300091,2013/12/31,1
300188,2013/12/31,2
300319,2013/12/31,2
300163,2013/12/31,2
300322,2013/12/31,2
300018,2013/12/31,2
300158,2013/12/31,2
300234,2013/12/31,2
300193,2013/12/31,2
300147,2013/12/31,1
300223,2013/12/31,1
300331,2013/12/31,2
300324,2013/12/31,1
300153,2013/12/31,2
300179,2013/12/31,1
300007,2013/12/31,2
300248,2013/12/31,1
300343,2013/12/31,1
300141,2013/12/31,1
300162,2013/12/31,1
300272,2013/12/31,2
300215,2013/12/31,1
300327,2013/12/31,2
300034,2013/12/31,2
300281,2013/12/31,2
300291,2013/12/31,2
300255,2013/12/31,2
300056,2013/12/31,1
300209,2013/12/31,2
300107,2013/12/31,1
300021,2013/12/31,2
300329,2013/12/31,1
300202,2013/12/31,2
300051,2013/12/31,1
300087,2013/12/31,2
300196,2013/12/31,2
300118,2013/12/31,1
300368,2013/12/31,1
300016,2013/12/31,2
300066,2013/12/31,2
300373,2013/12/31,1
300230,2013/12/31,2
300244,2013/12/31,1
300036,2013/12/31,2
300048,2013/12/31,2
300203,2013/12/31,2
300257,2013/12/31,2
300282,2013/12/31,2
300186,2013/12/31,2
300381,2013/12/31,1
300090,2013/12/31,2
300370,2013/12/31,1
300026,2013/12/31,2
300356,2013/12/31,2
300132,2013/12/31,2
300012,2013/12/31,2
300314,2013/12/31,1
300129,2013/12/31,2
300024,2013/12/31,2
300359,2013/12/31,1
300340,2013/12/31,1
300150,2013/12/31,2
300246,2013/12/31,1
300211,2013/12/31,1
300176,2013/12/31,2
300245,2013/12/31,2
300058,2013/12/31,1
300206,2013/12/31,1
300076,2013/12/31,1
300214,2013/12/31,2
300151,2013/12/31,1
300136,2013/12/31,2
300345,2013/12/31,1
300313,2013/12/31,1
300325,2013/12/31,1
300352,2013/12/31,1
300073,2013/12/31,2
300086,2013/12/31,1
300285,2013/12/31,2
300083,2013/12/31,2
300195,2013/12/31,1
300031,2013/12/31,1
300130,2013/12/31,1
300235,2013/12/31,1
300335,2013/12/31,2
300372,2013/12/31,2
300197,2013/12/31,1
300207,2013/12/31,1
300005,2013/12/31,2
300280,2013/12/31,2
300311,2013/12/31,1
300290,2013/12/31,1
300265,2013/12/31,2
300135,2013/12/31,2
300160,2013/12/31,1
300242,2013/12/31,1
300240,2013/12/31,2
300164,2013/12/31,1
300205,2013/12/31,2
300262,2013/12/31,1
300142,2013/12/31,1
300149,2013/12/31,2
300271,2013/12/31,1
300191,2013/12/31,1
300353,2013/12/31,1
300004,2013/12/31,1
300045,2013/12/31,2
300077,2013/12/31,2
300182,2013/12/31,2
300288,2013/12/31,2
300333,2013/12/31,1
300123,2013/12/31,1
300081,2013/12/31,1
300226,2013/12/31,1
300365,2013/12/31,2
300357,2013/12/31,1
300093,2013/12/31,1
300239,2013/12/31,2
300131,2013/12/31,1
300053,2013/12/31,1
300323,2013/12/31,2
300079,2013/12/31,1
300065,2013/12/31,2
300040,2013/12/31,2
300350,2013/12/31,1
300168,2013/12/31,1
300300,2013/12/31,2
300096,2013/12/31,2
300380,2013/12/31,2
300337,2013/12/31,1
300069,2013/12/31,2
300075,2013/12/31,2
300201,2013/12/31,1
300305,2013/12/31,2
300307,2013/12/31,2
300317,2013/12/31,2
300100,2013/12/31,1
300382,2013/12/31,1
300102,2013/12/31,2
300173,2013/12/31,2
300082,2013/12/31,1
300366,2013/12/31,2
300098,2013/12/31,2
300376,2013/12/31,1
300318,2013/12/31,2
300198,2013/12/31,2
300232,2013/12/31,1
300236,2013/12/31,2
300133,2013/12/31,2
300106,2013/12/31,2
300330,2013/12/31,2
300316,2013/12/31,2
300180,2013/12/31,2
300328,2013/12/31,2
300080,2013/12/31,2
300273,2013/12/31,1
300302,2013/12/31,1
300258,2013/12/31,1
300063,2013/12/31,2
300362,2013/12/31,2
300283,2013/12/31,1
300185,2013/12/31,
300155,2013/12/31,2
300252,2013/12/31,2
300346,2013/12/31,2
300220,2013/12/31,1
300326,2013/12/31,2
300243,2013/12/31,2
300013,2013/12/31,1
300170,2013/12/31,2
300299,2013/12/31,1
300055,2013/12/31,2
300287,2013/12/31,2
300089,2013/12/31,1
300192,2013/12/31,1
300038,2013/12/31,1
300109,2013/12/31,2
300111,2013/12/31,2
300297,2013/12/31,2
300344,2013/12/31,1
300270,2013/12/31,1
300219,2013/12/31,2
300137,2013/12/31,1
300171,2013/12/31,2
300351,2013/12/31,2
300183,2013/12/31,1
300266,2013/12/31,2
300308,2013/12/31,1
300187,2013/12/31,1
300057,2013/12/31,1
300161,2013/12/31,2
300175,2013/12/31,2
300020,2013/12/31,2
300028,2013/12/31,2
300276,2013/12/31,2
300061,2013/12/31,1
300166,2013/12/31,1
300178,2013/12/31,2
300217,2013/12/31,2
300332,2013/12/31,2
300128,2013/12/31,1
300377,2013/12/31,1
300189,2013/12/31,2
300312,2013/12/31,1
300094,2013/12/31,2
300157,2013/12/31,2
300260,2013/12/31,1
300268,2013/12/31,2
300315,2013/12/31,1
300122,2013/12/31,1
300279,2013/12/31,2
300139,2013/12/31,2
300049,2013/12/31,2
300025,2013/12/31,2
300208,2013/12/31,2
300369,2013/12/31,1
300293,2013/12/31,1
300378,2013/12/31,2
300022,2013/12/31,1
300156,2013/12/31,2
300167,2013/12/31,1
300355,2013/12/31,1
300269,2013/12/31,1
300277,2013/12/31,2
300358,2014/12/31,1
300208,2014/12/31,2
300278,2014/12/31,2
300056,2014/12/31,1
300011,2014/12/31,2
300196,2014/12/31,2
300286,2014/12/31,1
300131,2014/12/31,1
300390,2014/12/31,1
300317,2014/12/31,2
300294,2014/12/31,2
300198,2014/12/31,2
300239,2014/12/31,2
300357,2014/12/31,1
300242,2014/12/31,1
300193,2014/12/31,2
300238,2014/12/31,2
300248,2014/12/31,1
300241,2014/12/31,1
300335,2014/12/31,2
300353,2014/12/31,1
300030,2014/12/31,1
300256,2014/12/31,2
300204,2014/12/31,2
300125,2014/12/31,1
300179,2014/12/31,1
300363,2014/12/31,2
300299,2014/12/31,1
300144,2014/12/31,2
300201,2014/12/31,2
300146,2014/12/31,2
300253,2014/12/31,2
300226,2014/12/31,1
300267,2014/12/31,1
300009,2014/12/31,1
300351,2014/12/31,2
300328,2014/12/31,2
300134,2014/12/31,2
300140,2014/12/31,2
300054,2014/12/31,2
300055,2014/12/31,2
300139,2014/12/31,
300141,2014/12/31,1
300156,2014/12/31,2
300227,2014/12/31,1
300289,2014/12/31,1
300127,2014/12/31,2
300322,2014/12/31,2
300365,2014/12/31,2
300295,2014/12/31,2
300379,2014/12/31,2
300345,2014/12/31,1
300221,2014/12/31,2
300121,2014/12/31,2
300316,2014/12/31,2
300237,2014/12/31,2
300199,2014/12/31,2
300406,2014/12/31,2
300165,2014/12/31,2
300184,2014/12/31,1
300305,2014/12/31,2
300072,2014/12/31,2
300303,2014/12/31,1
300017,2014/12/31,1
300190,2014/12/31,1
300111,2014/12/31,2
300380,2014/12/31,2
300209,2014/12/31,2
300067,2014/12/31,1
300247,2014/12/31,1
300341,2014/12/31,2
300216,2014/12/31,1
300172,2014/12/31,2
300281,2014/12/31,2
300244,2014/12/31,1
300395,2014/12/31,2
300343,2014/12/31,1
300324,2014/12/31,1
300298,2014/12/31,1
300074,2014/12/31,2
300323,2014/12/31,2
300195,2014/12/31,2
300225,2014/12/31,1
300133,2014/12/31,2
300003,2014/12/31,1
300398,2014/12/31,1
300046,2014/12/31,1
300105,2014/12/31,2
300078,2014/12/31,1
300164,2014/12/31,2
300058,2014/12/31,1
300025,2014/12/31,2
300288,2014/12/31,2
300124,2014/12/31,1
300006,2014/12/31,1
300031,2014/12/31,1
300043,2014/12/31,1
300178,2014/12/31,2
300095,2014/12/31,2
300019,2014/12/31,2
300396,2014/12/31,2
300419,2014/12/31,1
300142,2014/12/31,1
300349,2014/12/31,1
300073,2014/12/31,2
300231,2014/12/31,1
300101,2014/12/31,2
300255,2014/12/31,2
300284,2014/12/31,2
300037,2014/12/31,2
300166,2014/12/31,1
300254,2014/12/31,2
300421,2014/12/31,1
300275,2014/12/31,1
300068,2014/12/31,2
300249,2014/12/31,2
300370,2014/12/31,1
300272,2014/12/31,2
300154,2014/12/31,1
300138,2014/12/31,1
300283,2014/12/31,1
300403,2014/12/31,1
300212,2014/12/31,2
300412,2014/12/31,2
300039,2014/12/31,2
300304,2014/12/31,1
300271,2014/12/31,1
300384,2014/12/31,1
300339,2014/12/31,1
300296,2014/12/31,1
300332,2014/12/31,2
300310,2014/12/31,2
300048,2014/12/31,2
300293,2014/12/31,1
300210,2014/12/31,2
300222,2014/12/31,1
300066,2014/12/31,2
300113,2014/12/31,2
300207,2014/12/31,1
300081,2014/12/31,1
300032,2014/12/31,1
300071,2014/12/31,1
300180,2014/12/31,2
300218,2014/12/31,1
300264,2014/12/31,2
300090,2014/12/31,2
300027,2014/12/31,2
300181,2014/12/31,2
300334,2014/12/31,2
300047,2014/12/31,1
300200,2014/12/31,2
300188,2014/12/31,2
300393,2014/12/31,1
300392,2014/12/31,1
300114,2014/12/31,2
300163,2014/12/31,1
300338,2014/12/31,2
300038,2014/12/31,1
300250,2014/12/31,1
300259,2014/12/31,2
300007,2014/12/31,2
300194,2014/12/31,2
300313,2014/12/31,1
300223,2014/12/31,1
300008,2014/12/31,1
300290,2014/12/31,1
300401,2014/12/31,2
300126,2014/12/31,1
300360,2014/12/31,1
300306,2014/12/31,1
300378,2014/12/31,2
300092,2014/12/31,2
300420,2014/12/31,2
300109,2014/12/31,2
300234,2014/12/31,2
300354,2014/12/31,2
300103,2014/12/31,2
300130,2014/12/31,1
300036,2014/12/31,2
300091,2014/12/31,1
300327,2014/12/31,2
300082,2014/12/31,1
300016,2014/12/31,2
300115,2014/12/31,1
300120,2014/12/31,2
300042,2014/12/31,1
300104,2014/12/31,1
300026,2014/12/31,2
300375,2014/12/31,2
300080,2014/12/31,2
300287,2014/12/31,1
300400,2014/12/31,2
300044,2014/12/31,1
300015,2014/12/31,2
300252,2014/12/31,2
300215,2014/12/31,1
300325,2014/12/31,1
300269,2014/12/31,1
300168,2014/12/31,1
300098,2014/12/31,2
300232,2014/12/31,1
300174,2014/12/31,2
300265,2014/12/31,2
300376,2014/12/31,1
300108,2014/12/31,1
300399,2014/12/31,2
300050,2014/12/31,2
300150,2014/12/31,2
300159,2014/12/31,1
300371,2014/12/31,1
300388,2014/12/31,2
300233,2014/12/31,2
300028,2014/12/31,2
300118,2014/12/31,1
300292,2014/12/31,2
300224,2014/12/31,2
300112,2014/12/31,2
300213,2014/12/31,2
300145,2014/12/31,2
300301,2014/12/31,2
300382,2014/12/31,1
300321,2014/12/31,2
300342,2014/12/31,2
300389,2014/12/31,1
300415,2014/12/31,2
300001,2014/12/31,2
300116,2014/12/31,2
300240,2014/12/31,2
300077,2014/12/31,2
300106,2014/12/31,2
300119,2014/12/31,1
300205,2014/12/31,2
300012,2014/12/31,2
300314,2014/12/31,1
300024,2014/12/31,2
300329,2014/12/31,1
300291,2014/12/31,2
300245,2014/12/31,2
300359,2014/12/31,1
300170,2014/12/31,2
300203,2014/12/31,2
300051,2014/12/31,1
300085,2014/12/31,2
300211,2014/12/31,1
300246,2014/12/31,1
300148,2014/12/31,2
300087,2014/12/31,2
300010,2014/12/31,1
300416,2014/12/31,1
300279,2014/12/31,2
300034,2014/12/31,2
300312,2014/12/31,1
300261,2014/12/31,1
300347,2014/12/31,1
300425,2014/12/31,2
300107,2014/12/31,2
300089,2014/12/31,1
300407,2014/12/31,2
300057,2014/12/31,1
300214,2014/12/31,2
300319,2014/12/31,2
300405,2014/12/31,1
300185,2014/12/31,2
300153,2014/12/31,2
300274,2014/12/31,1
300331,2014/12/31,2
300005,2014/12/31,2
300132,2014/12/31,2
300136,2014/12/31,2
300243,2014/12/31,2
300065,2014/12/31,1
300251,2014/12/31,1
300189,2014/12/31,2
300262,2014/12/31,1
300158,2014/12/31,2
300160,2014/12/31,1
300040,2014/12/31,2
300149,2014/12/31,2
300391,2014/12/31,2
300206,2014/12/31,1
300340,2014/12/31,1
300413,2014/12/31,1
300062,2014/12/31,2
300300,2014/12/31,1
300021,2014/12/31,2
300350,2014/12/31,1
300110,2014/12/31,2
300173,2014/12/31,2
300258,2014/12/31,1
300129,2014/12/31,2
300084,2014/12/31,2
300368,2014/12/31,2
300177,2014/12/31,2
300315,2014/12/31,1
300135,2014/12/31,2
300088,2014/12/31,2
300235,2014/12/31,1
300408,2014/12/31,2
300202,2014/12/31,2
300285,2014/12/31,2
300336,2014/12/31,1
300197,2014/12/31,2
300302,2014/12/31,1
300122,2014/12/31,1
300260,2014/12/31,1
300435,2014/12/31,2
300409,2014/12/31,1
300022,2014/12/31,1
300069,2014/12/31,2
300417,2014/12/31,2
300100,2014/12/31,1
300383,2014/12/31,2
300318,2014/12/31,2
300083,2014/12/31,2
300045,2014/12/31,2
300280,2014/12/31,2
300161,2014/12/31,1
300096,2014/12/31,2
300093,2014/12/31,1
300086,2014/12/31,1
300276,2014/12/31,2
300097,2014/12/31,1
300257,2014/12/31,2
300075,2014/12/31,2
300079,2014/12/31,1
300333,2014/12/31,1
300346,2014/12/31,2
300311,2014/12/31,1
300356,2014/12/31,2
300167,2014/12/31,1
300175,2014/12/31,2
300147,2014/12/31,1
300052,2014/12/31,1
300330,2014/12/31,2
300018,2014/12/31,2
300410,2014/12/31,1
300373,2014/12/31,1
300014,2014/12/31,1
300169,2014/12/31,2
300128,2014/12/31,1
300381,2014/12/31,1
300364,2014/12/31,1
300348,2014/12/31,2
300418,2014/12/31,1
300297,2014/12/31,2
300041,2014/12/31,2
300099,2014/12/31,2
300061,2014/12/31,1
300229,2014/12/31,2
300152,2014/12/31,2
300076,2014/12/31,1
300176,2014/12/31,2
300236,2014/12/31,2
300411,2014/12/31,2
300162,2014/12/31,1
300143,2014/12/31,2
300013,2014/12/31,1
300220,2014/12/31,1
300192,2014/12/31,1
300402,2014/12/31,2
300387,2014/12/31,2
300004,2014/12/31,1
300355,2014/12/31,2
300385,2014/12/31,1
300053,2014/12/31,1
300352,2014/12/31,1
300183,2014/12/31,2
300191,2014/12/31,1
300268,2014/12/31,2
300277,2014/12/31,2
300117,2014/12/31,2
300020,2014/12/31,2
300326,2014/12/31,2
300263,2014/12/31,2
300230,2014/12/31,1
300217,2014/12/31,2
300337,2014/12/31,2
300070,2014/12/31,2
300344,2014/12/31,1
300219,2014/12/31,2
300035,2014/12/31,2
300137,2014/12/31,1
300063,2014/12/31,2
300308,2014/12/31,1
300266,2014/12/31,1
300369,2014/12/31,1
300372,2014/12/31,2
300171,2014/12/31,1
300377,2014/12/31,1
300374,2014/12/31,1
300366,2014/12/31,2
300002,2014/12/31,2
300307,2014/12/31,1
300155,2014/12/31,2
300157,2014/12/31,2
300228,2014/12/31,2
300182,2014/12/31,2
300187,2014/12/31,1
300320,2014/12/31,1
300386,2014/12/31,2
300049,2014/12/31,2
300362,2014/12/31,2
300273,2014/12/31,1
300151,2014/12/31,2
300270,2014/12/31,1
300123,2014/12/31,1
300397,2014/12/31,1
300429,2014/12/31,1
300282,2014/12/31,2
300102,2014/12/31,2
300186,2014/12/31,2
300094,2014/12/31,2
300401,2015/12/31,2
300301,2015/12/31,2
300351,2015/12/31,2
300298,2015/12/31,1
300125,2015/12/31,2
300131,2015/12/31,2
300227,2015/12/31,1
300450,2015/12/31,1
300376,2015/12/31,1
300437,2015/12/31,2
300349,2015/12/31,1
300324,2015/12/31,1
300161,2015/12/31,1
300118,2015/12/31,2
300271,2015/12/31,1
300054,2015/12/31,2
300363,2015/12/31,2
300443,2015/12/31,2
300132,2015/12/31,2
300140,2015/12/31,2
300278,2015/12/31,2
300453,2015/12/31,2
300121,2015/12/31,1
300175,2015/12/31,2
300233,2015/12/31,2
300095,2015/12/31,2
300336,2015/12/31,1
300243,2015/12/31,2
300162,2015/12/31,1
300193,2015/12/31,2
300228,2015/12/31,2
300259,2015/12/31,2
300331,2015/12/31,2
300191,2015/12/31,1
300014,2015/12/31,1
300144,2015/12/31,2
300146,2015/12/31,2
300122,2015/12/31,1
300204,2015/12/31,2
300203,2015/12/31,2
300077,2015/12/31,2
300432,2015/12/31,2
300009,2015/12/31,1
300485,2015/12/31,1
300441,2015/12/31,2
300283,2015/12/31,1
300163,2015/12/31,1
300148,2015/12/31,2
300335,2015/12/31,2
300414,2015/12/31,2
300314,2015/12/31,1
300105,2015/12/31,2
300238,2015/12/31,2
300024,2015/12/31,2
300316,2015/12/31,2
300430,2015/12/31,2
300111,2015/12/31,1
300245,2015/12/31,1
300457,2015/12/31,1
300116,2015/12/31,2
300360,2015/12/31,1
300322,2015/12/31,2
300408,2015/12/31,2
300421,2015/12/31,1
300073,2015/12/31,2
300244,2015/12/31,1
300383,2015/12/31,2
300068,2015/12/31,2
300087,2015/12/31,1
300375,2015/12/31,2
300172,2015/12/31,2
300072,2015/12/31,2
300403,2015/12/31,1
300216,2015/12/31,1
300176,2015/12/31,1
300080,2015/12/31,2
300428,2015/12/31,2
300143,2015/12/31,2
300458,2015/12/31,2
300025,2015/12/31,2
300422,2015/12/31,2
300225,2015/12/31,2
300393,2015/12/31,1
300149,2015/12/31,2
300398,2015/12/31,1
300365,2015/12/31,2
300120,2015/12/31,1
300488,2015/12/31,2
300104,2015/12/31,1
300472,2015/12/31,1
300215,2015/12/31,1
300296,2015/12/31,1
300255,2015/12/31,2
300019,2015/12/31,2
300184,2015/12/31,1
300045,2015/12/31,2
300222,2015/12/31,1
300256,2015/12/31,2
300037,2015/12/31,2
300101,2015/12/31,2
300036,2015/12/31,2
300466,2015/12/31,1
300249,2015/12/31,2
300017,2015/12/31,1
300213,2015/12/31,2
300491,2015/12/31,2
300034,2015/12/31,2
300056,2015/12/31,1
300368,2015/12/31,2
300026,2015/12/31,2
300410,2015/12/31,1
300247,2015/12/31,1
300262,2015/12/31,2
300114,2015/12/31,2
300081,2015/12/31,1
300027,2015/12/31,2
300210,2015/12/31,2
300392,2015/12/31,1
300209,2015/12/31,2
300067,2015/12/31,1
300455,2015/12/31,2
300092,2015/12/31,2
300293,2015/12/31,1
300320,2015/12/31,1
300117,2015/12/31,2
300066,2015/12/31,2
300150,2015/12/31,2
300139,2015/12/31,2
300207,2015/12/31,1
300237,2015/12/31,2
300476,2015/12/31,1
300052,2015/12/31,1
300339,2015/12/31,1
300482,2015/12/31,2
300286,2015/12/31,1
300160,2015/12/31,1
300190,2015/12/31,1
300127,2015/12/31,2
300008,2015/12/31,1
300253,2015/12/31,2
300147,2015/12/31,1
300208,2015/12/31,2
300373,2015/12/31,1
300495,2015/12/31,1
300200,2015/12/31,2
300218,2015/12/31,1
300289,2015/12/31,1
300475,2015/12/31,2
300436,2015/12/31,2
300378,2015/12/31,2
300451,2015/12/31,2
300354,2015/12/31,2
300291,2015/12/31,2
300103,2015/12/31,2
300284,2015/12/31,2
300416,2015/12/31,1
300089,2015/12/31,1
300328,2015/12/31,2
300138,2015/12/31,1
300044,2015/12/31,1
300230,2015/12/31,1
300480,2015/12/31,2
300015,2015/12/31,2
300223,2015/12/31,1
300307,2015/12/31,1
300390,2015/12/31,1
300231,2015/12/31,1
300039,2015/12/31,2
300382,2015/12/31,1
300412,2015/12/31,2
300338,2015/12/31,2
300007,2015/12/31,2
300099,2015/12/31,2
300229,2015/12/31,2
300134,2015/12/31,2
300386,2015/12/31,2
300177,2015/12/31,2
300115,2015/12/31,2
300469,2015/12/31,1
300290,2015/12/31,1
300481,2015/12/31,1
300093,2015/12/31,1
300071,2015/12/31,1
300057,2015/12/31,1
300047,2015/12/31,1
300479,2015/12/31,2
300145,2015/12/31,2
300062,2015/12/31,2
300317,2015/12/31,2
300277,2015/12/31,2
300214,2015/12/31,2
300090,2015/12/31,2
300217,2015/12/31,2
300406,2015/12/31,2
300425,2015/12/31,2
300133,2015/12/31,2
300239,2015/12/31,2
300327,2015/12/31,2
300065,2015/12/31,1
300221,2015/12/31,2
300003,2015/12/31,1
300078,2015/12/31,2
300299,2015/12/31,1
300018,2015/12/31,2
300442,2015/12/31,1
300419,2015/12/31,1
300050,2015/12/31,2
300371,2015/12/31,2
300074,2015/12/31,2
300306,2015/12/31,1
300051,2015/12/31,1
300076,2015/12/31,1
300112,2015/12/31,2
300069,2015/12/31,1
300107,2015/12/31,2
300174,2015/12/31,2
300257,2015/12/31,2
300235,2015/12/31,1
300267,2015/12/31,2
300049,2015/12/31,2
300187,2015/12/31,1
300041,2015/12/31,2
300420,2015/12/31,2
300424,2015/12/31,2
300415,2015/12/31,2
300195,2015/12/31,2
300357,2015/12/31,1
300181,2015/12/31,2
300242,2015/12/31,1
300212,2015/12/31,2
300294,2015/12/31,2
300490,2015/12/31,2
300097,2015/12/31,1
300046,2015/12/31,1
300389,2015/12/31,1
300011,2015/12/31,2
300396,2015/12/31,2
300303,2015/12/31,1
300325,2015/12/31,2
300426,2015/12/31,1
300136,2015/12/31,2
300473,2015/12/31,2
300156,2015/12/31,2
300418,2015/12/31,1
300394,2015/12/31,1
300341,2015/12/31,2
300240,2015/12/31,2
300211,2015/12/31,1
300124,2015/12/31,1
300251,2015/12/31,1
300031,2015/12/31,1
300434,2015/12/31,1
300085,2015/12/31,2
300359,2015/12/31,1
300400,2015/12/31,2
300334,2015/12/31,2
300438,2015/12/31,1
300100,2015/12/31,1
300330,2015/12/31,2
300012,2015/12/31,2
300358,2015/12/31,1
300084,2015/12/31,2
300126,2015/12/31,1
300205,2015/12/31,2
300021,2015/12/31,2
300435,2015/12/31,2
300470,2015/12/31,2
300356,2015/12/31,2
300058,2015/12/31,1
300427,2015/12/31,1
300387,2015/12/31,1
300295,2015/12/31,2
300070,2015/12/31,2
300088,2015/12/31,2
300202,2015/12/31,2
300448,2015/12/31,2
300493,2015/12/31,2
300096,2015/12/31,2
300282,2015/12/31,2
300340,2015/12/31,2
300500,2015/12/31,2
300224,2015/12/31,2
300348,2015/12/31,2
300110,2015/12/31,2
300196,2015/12/31,2
300380,2015/12/31,2
300347,2015/12/31,1
300344,2015/12/31,1
300098,2015/12/31,2
300241,2015/12/31,1
300498,2015/12/31,2
300391,2015/12/31,2
300477,2015/12/31,1
300285,2015/12/31,2
300159,2015/12/31,1
300395,2015/12/31,2
300219,2015/12/31,2
300384,2015/12/31,1
300032,2015/12/31,2
300020,2015/12/31,2
300254,2015/12/31,2
300484,2015/12/31,1
300319,2015/12/31,2
300352,2015/12/31,1
300197,2015/12/31,2
300010,2015/12/31,1
300431,2015/12/31,1
300086,2015/12/31,1
300269,2015/12/31,1
300311,2015/12/31,1
300449,2015/12/31,1
300130,2015/12/31,1
300263,2015/12/31,2
300171,2015/12/31,1
300346,2015/12/31,2
300246,2015/12/31,1
300312,2015/12/31,1
300250,2015/12/31,1
300261,2015/12/31,1
300258,2015/12/31,1
300075,2015/12/31,2
300079,2015/12/31,1
300236,2015/12/31,2
300423,2015/12/31,2
300313,2015/12/31,1
300281,2015/12/31,2
300040,2015/12/31,2
300501,2015/12/31,1
300494,2015/12/31,1
300315,2015/12/31,1
300417,2015/12/31,2
300061,2015/12/31,1
300397,2015/12/31,1
300164,2015/12/31,2
300165,2015/12/31,2
300276,2015/12/31,2
300333,2015/12/31,1
300304,2015/12/31,1
300489,2015/12/31,2
300234,2015/12/31,2
300460,2015/12/31,1
300452,2015/12/31,1
300129,2015/12/31,2
300042,2015/12/31,2
300332,2015/12/31,2
300113,2015/12/31,1
300411,2015/12/31,2
300108,2015/12/31,1
300198,2015/12/31,1
300381,2015/12/31,1
300185,2015/12/31,2
300153,2015/12/31,2
300035,2015/12/31,2
300106,2015/12/31,2
300468,2015/12/31,1
300374,2015/12/31,2
300506,2015/12/31,2
300265,2015/12/31,2
300467,2015/12/31,2
300248,2015/12/31,1
300268,2015/12/31,2
300310,2015/12/31,2
300366,2015/12/31,2
300308,2015/12/31,1
300173,2015/12/31,1
300119,2015/12/31,1
300151,2015/12/31,2
300413,2015/12/31,2
300350,2015/12/31,1
300006,2015/12/31,1
300369,2015/12/31,1
300492,2015/12/31,2
300053,2015/12/31,1
300232,2015/12/31,1
300038,2015/12/31,1
300166,2015/12/31,1
300043,2015/12/31,1
300182,2015/12/31,2
300128,2015/12/31,1
300433,2015/12/31,1
300167,2015/12/31,1
300444,2015/12/31,2
300388,2015/12/31,2
300370,2015/12/31,2
300486,2015/12/31,2
300188,2015/12/31,2
300083,2015/12/31,2
300462,2015/12/31,1
300496,2015/12/31,2
300465,2015/12/31,2
300353,2015/12/31,2
300440,2015/12/31,2
300402,2015/12/31,2
300192,2015/12/31,1
300377,2015/12/31,1
300141,2015/12/31,1
300170,2015/12/31,2
300355,2015/12/31,2
300487,2015/12/31,2
300005,2015/12/31,1
300091,2015/12/31,1
300409,2015/12/31,1
300155,2015/12/31,2
300337,2015/12/31,2
300302,2015/12/31,1
300459,2015/12/31,2
300499,2015/12/31,2
300497,2015/12/31,1
300305,2015/12/31,2
300252,2015/12/31,2
300288,2015/12/31,2
300183,2015/12/31,2
300405,2015/12/31,1
300194,2015/12/31,2
300180,2015/12/31,2
300168,2015/12/31,1
300048,2015/12/31,2
300004,2015/12/31,1
300109,2015/12/31,2
300002,2015/12/31,2
300260,2015/12/31,1
300137,2015/12/31,1
300169,2015/12/31,2
300275,2015/12/31,2
300178,2015/12/31,2
300280,2015/12/31,2
300157,2015/12/31,2
300471,2015/12/31,1
300329,2015/12/31,1
300345,2015/12/31,2
300158,2015/12/31,
300292,2015/12/31,2
300063,2015/12/31,2
300279,2015/12/31,2
300123,2015/12/31,1
300266,2015/12/31,1
300464,2015/12/31,1
300152,2015/12/31,2
300483,2015/12/31,1
300404,2015/12/31,1
300206,2015/12/31,1
300399,2015/12/31,2
300323,2015/12/31,2
300447,2015/12/31,1
300022,2015/12/31,1
300273,2015/12/31,1
300407,2015/12/31,2
300201,2015/12/31,2
300478,2015/12/31,2
300001,2015/12/31,2
300030,2015/12/31,1
300463,2015/12/31,1
300372,2015/12/31,2
300094,2015/12/31,2
300297,2015/12/31,2
300362,2015/12/31,2
300102,2015/12/31,2
300226,2015/12/31,2
300456,2015/12/31,2
300385,2015/12/31,1
300154,2015/12/31,1
300321,2015/12/31,2
300379,2015/12/31,2
300220,2015/12/31,1
300445,2015/12/31,2
300272,2015/12/31,2
300189,2015/12/31,2
300364,2015/12/31,1
300264,2015/12/31,2
300274,2015/12/31,1
300461,2015/12/31,1
300342,2015/12/31,2
300179,2015/12/31,1
300326,2015/12/31,2
300270,2015/12/31,1
300082,2015/12/31,1
300055,2015/12/31,2
300199,2015/12/31,2
300439,2015/12/31,1
300300,2015/12/31,2
300016,2015/12/31,2
300429,2015/12/31,2
300287,2015/12/31,1
300343,2015/12/31,1
300142,2015/12/31,1
300028,2015/12/31,2
300135,2015/12/31,2
300318,2015/12/31,2
300013,2015/12/31,2
300561,2016/12/31,1
300401,2016/12/31,2
300304,2016/12/31,1
300411,2016/12/31,2
300385,2016/12/31,1
300131,2016/12/31,2
300184,2016/12/31,1
300264,2016/12/31,2
300391,2016/12/31,1
300398,2016/12/31,1
300409,2016/12/31,1
300046,2016/12/31,2
300510,2016/12/31,1
300121,2016/12/31,1
300286,2016/12/31,1
300416,2016/12/31,1
300363,2016/12/31,2
300095,2016/12/31,2
300453,2016/12/31,2
300568,2016/12/31,2
300238,2016/12/31,2
300323,2016/12/31,2
300487,2016/12/31,2
300016,2016/12/31,2
300111,2016/12/31,2
300586,2016/12/31,2
300039,2016/12/31,2
300102,2016/12/31,2
300144,2016/12/31,2
300146,2016/12/31,2
300014,2016/12/31,1
300376,2016/12/31,1
300557,2016/12/31,2
300562,2016/12/31,1
300365,2016/12/31,2
300128,2016/12/31,1
300420,2016/12/31,2
300149,2016/12/31,2
300169,2016/12/31,2
300050,2016/12/31,2
300116,2016/12/31,2
300444,2016/12/31,2
300447,2016/12/31,1
300305,2016/12/31,2
300501,2016/12/31,1
300423,2016/12/31,2
300482,2016/12/31,2
300450,2016/12/31,1
300493,2016/12/31,2
300221,2016/12/31,2
300207,2016/12/31,1
300422,2016/12/31,2
300476,2016/12/31,1
300024,2016/12/31,2
300386,2016/12/31,2
300595,2016/12/31,1
300068,2016/12/31,2
300472,2016/12/31,1
300598,2016/12/31,2
300069,2016/12/31,1
300073,2016/12/31,2
300114,2016/12/31,2
300017,2016/12/31,1
300511,2016/12/31,1
300122,2016/12/31,1
300520,2016/12/31,1
300172,2016/12/31,2
300285,2016/12/31,2
300310,2016/12/31,2
300457,2016/12/31,1
300334,2016/12/31,2
300419,2016/12/31,1
300518,2016/12/31,1
300609,2016/12/31,1
300072,2016/12/31,2
300213,2016/12/31,2
300271,2016/12/31,2
300066,2016/12/31,2
300403,2016/12/31,1
300031,2016/12/31,2
300375,2016/12/31,2
300018,2016/12/31,2
300080,2016/12/31,2
300328,2016/12/31,2
300374,2016/12/31,2
300394,2016/12/31,1
300125,2016/12/31,1
300204,2016/12/31,2
300395,2016/12/31,2
300496,2016/12/31,2
300383,2016/12/31,2
300224,2016/12/31,2
300436,2016/12/31,2
300507,2016/12/31,2
300611,2016/12/31,2
300234,2016/12/31,2
300276,2016/12/31,1
300371,2016/12/31,2
300563,2016/12/31,2
300559,2016/12/31,2
300491,2016/12/31,2
300181,2016/12/31,2
300269,2016/12/31,1
300067,2016/12/31,1
300110,2016/12/31,2
300449,2016/12/31,1
300427,2016/12/31,1
300534,2016/12/31,2
300034,2016/12/31,2
300101,2016/12/31,2
300105,2016/12/31,2
300225,2016/12/31,2
300294,2016/12/31,2
300052,2016/12/31,1
300179,2016/12/31,1
300288,2016/12/31,2
300036,2016/12/31,2
300115,2016/12/31,2
300434,2016/12/31,1
300342,2016/12/31,2
300452,2016/12/31,1
300108,2016/12/31,1
300317,2016/12/31,2
300480,2016/12/31,1
300045,2016/12/31,2
300193,2016/12/31,2
300147,2016/12/31,1
300256,2016/12/31,2
300156,2016/12/31,2
300396,2016/12/31,2
300543,2016/12/31,1
300182,2016/12/31,2
300278,2016/12/31,2
300218,2016/12/31,1
300223,2016/12/31,1
300175,2016/12/31,2
300303,2016/12/31,1
300113,2016/12/31,1
300324,2016/12/31,2
300019,2016/12/31,
300227,2016/12/31,1
300350,2016/12/31,1
300552,2016/12/31,1
300335,2016/12/31,2
300026,2016/12/31,2
300037,2016/12/31,2
300215,2016/12/31,1
300235,2016/12/31,2
300244,2016/12/31,1
300027,2016/12/31,2
300406,2016/12/31,2
300451,2016/12/31,2
300537,2016/12/31,2
300086,2016/12/31,1
300567,2016/12/31,2
300103,2016/12/31,2
300188,2016/12/31,2
300296,2016/12/31,1
300336,2016/12/31,1
300319,2016/12/31,2
300495,2016/12/31,1
300159,2016/12/31,2
300575,2016/12/31,1
300370,2016/12/31,2
300341,2016/12/31,2
300044,2016/12/31,1
300008,2016/12/31,1
300241,2016/12/31,1
300009,2016/12/31,1
300378,2016/12/31,2
300539,2016/12/31,1
300041,2016/12/31,2
300092,2016/12/31,2
300338,2016/12/31,2
300127,2016/12/31,2
300373,2016/12/31,2
300443,2016/12/31,2
300455,2016/12/31,2
300290,2016/12/31,1
300431,2016/12/31,1
300077,2016/12/31,2
300120,2016/12/31,1
300176,2016/12/31,1
300475,2016/12/31,2
300174,2016/12/31,2
300078,2016/12/31,2
300313,2016/12/31,1
300327,2016/12/31,2
300474,2016/12/31,1
300030,2016/12/31,1
300222,2016/12/31,2
300229,2016/12/31,2
300259,2016/12/31,2
300320,2016/12/31,1
300440,2016/12/31,2
300469,2016/12/31,1
300164,2016/12/31,2
300503,2016/12/31,2
300190,2016/12/31,2
300545,2016/12/31,1
300194,2016/12/31,2
300210,2016/12/31,2
300233,2016/12/31,2
300298,2016/12/31,1
300448,2016/12/31,2
300467,2016/12/31,2
300479,2016/12/31,2
300283,2016/12/31,1
300062,2016/12/31,2
300515,2016/12/31,2
300516,2016/12/31,2
300547,2016/12/31,2
300035,2016/12/31,2
300252,2016/12/31,2
300340,2016/12/31,2
300003,2016/12/31,1
300353,2016/12/31,2
300198,2016/12/31,1
300379,2016/12/31,2
300226,2016/12/31,2
300399,2016/12/31,2
300442,2016/12/31,1
300528,2016/12/31,2
300049,2016/12/31,2
300051,2016/12/31,1
300265,2016/12/31,2
300459,2016/12/31,2
300541,2016/12/31,2
300141,2016/12/31,1
300163,2016/12/31,1
300428,2016/12/31,2
300015,2016/12/31,2
300043,2016/12/31,1
300254,2016/12/31,2
300532,2016/12/31,2
300558,2016/12/31,1
300006,2016/12/31,1
300088,2016/12/31,2
300400,2016/12/31,2
300458,2016/12/31,2
300143,2016/12/31,2
300217,2016/12/31,2
300231,2016/12/31,1
300282,2016/12/31,2
300481,2016/12/31,1
300498,2016/12/31,2
300535,2016/12/31,1
300021,2016/12/31,2
300057,2016/12/31,1
300087,2016/12/31,1
300177,2016/12/31,2
300306,2016/12/31,1
300325,2016/12/31,2
300389,2016/12/31,2
300499,2016/12/31,2
300579,2016/12/31,2
300132,2016/12/31,2
300134,2016/12/31,2
300538,2016/12/31,2
300546,2016/12/31,1
300572,2016/12/31,1
300573,2016/12/31,1
300608,2016/12/31,1
300505,2016/12/31,2
300089,2016/12/31,1
300209,2016/12/31,2
300085,2016/12/31,2
300329,2016/12/31,1
300381,2016/12/31,1
300145,2016/12/31,2
300314,2016/12/31,1
300345,2016/12/31,
300603,2016/12/31,2
300124,2016/12/31,1
300240,2016/12/31,2
300339,2016/12/31,1
300425,2016/12/31,2
300070,2016/12/31,2
300205,2016/12/31,2
300330,2016/12/31,2
300356,2016/12/31,2
300512,2016/12/31,2
300054,2016/12/31,2
300548,2016/12/31,1
300161,2016/12/31,1
300312,2016/12/31,1
300349,2016/12/31,1
300414,2016/12/31,1
300531,2016/12/31,1
300570,2016/12/31,2
300081,2016/12/31,1
300150,2016/12/31,2
300167,2016/12/31,1
300358,2016/12/31,1
300364,2016/12/31,1
300523,2016/12/31,2
300540,2016/12/31,1
300553,2016/12/31,1
300577,2016/12/31,1
300368,2016/12/31,1
300393,2016/12/31,1
300484,2016/12/31,1
300331,2016/12/31,2
300071,2016/12/31,1
300348,2016/12/31,2
300097,2016/12/31,1
300412,2016/12/31,2
300560,2016/12/31,2
300247,2016/12/31,1
300196,2016/12/31,2
300250,2016/12/31,1
300214,2016/12/31,1
300268,2016/12/31,2
300295,2016/12/31,2
300494,2016/12/31,1
300502,2016/12/31,2
300001,2016/12/31,2
300096,2016/12/31,1
300580,2016/12/31,2
300130,2016/12/31,1
300211,2016/12/31,1
300274,2016/12/31,1
300148,2016/12/31,2
300243,2016/12/31,1
300284,2016/12/31,2
300112,2016/12/31,2
300138,2016/12/31,1
300463,2016/12/31,1
300083,2016/12/31,2
300197,2016/12/31,2
300258,2016/12/31,1
300533,2016/12/31,2
300352,2016/12/31,1
300212,2016/12/31,2
300490,2016/12/31,2
300255,2016/12/31,1
300279,2016/12/31,1
300318,2016/12/31,1
300157,2016/12/31,2
300362,2016/12/31,2
300366,2016/12/31,2
300471,2016/12/31,2
300519,2016/12/31,1
300517,2016/12/31,1
300590,2016/12/31,1
300098,2016/12/31,2
300140,2016/12/31,2
300142,2016/12/31,2
300435,2016/12/31,2
300048,2016/12/31,2
300216,2016/12/31,1
300257,2016/12/31,2
300407,2016/12/31,2
300424,2016/12/31,2
300592,2016/12/31,1
300025,2016/12/31,2
300117,2016/12/31,1
300104,2016/12/31,1
300055,2016/12/31,2
300261,2016/12/31,1
300388,2016/12/31,2
300139,2016/12/31,2
300119,2016/12/31,1
300333,2016/12/31,1
300011,2016/12/31,2
300441,2016/12/31,1
300408,2016/12/31,2
300522,2016/12/31,2
300107,2016/12/31,2
300410,2016/12/31,1
300239,2016/12/31,2
300464,2016/12/31,1
300492,2016/12/31,2
300346,2016/12/31,2
300565,2016/12/31,1
300588,2016/12/31,2
300433,2016/12/31,1
300569,2016/12/31,1
300600,2016/12/31,1
300521,2016/12/31,2
300591,2016/12/31,2
300593,2016/12/31,1
300578,2016/12/31,2
300606,2016/12/31,1
300596,2016/12/31,2
300079,2016/12/31,1
300004,2016/12/31,1
300091,2016/12/31,1
300200,2016/12/31,2
300246,2016/12/31,1
300202,2016/12/31,2
300267,2016/12/31,2
300251,2016/12/31,1
300413,2016/12/31,2
300047,2016/12/31,1
300555,2016/12/31,1
300308,2016/12/31,1
300605,2016/12/31,2
300151,2016/12/31,2
300245,2016/12/31,1
300529,2016/12/31,1
300263,2016/12/31,2
300321,2016/12/31,2
300542,2016/12/31,2
300584,2016/12/31,1
300602,2016/12/31,2
300612,2016/12/31,2
300206,2016/12/31,1
300153,2016/12/31,2
300065,2016/12/31,1
300369,2016/12/31,1
300099,2016/12/31,2
300038,2016/12/31,1
300473,2016/12/31,2
300126,2016/12/31,1
300500,2016/12/31,2
300610,2016/12/31,1
300082,2016/12/31,1
300020,2016/12/31,2
300248,2016/12/31,1
300291,2016/12/31,2
300359,2016/12/31,1
300556,2016/12/31,1
300173,2016/12/31,1
300002,2016/12/31,2
300100,2016/12/31,2
300191,2016/12/31,1
300266,2016/12/31,2
300040,2016/12/31,2
300307,2016/12/31,1
300154,2016/12/31,1
300237,2016/12/31,2
300061,2016/12/31,1
300042,2016/12/31,2
300280,2016/12/31,2
300007,2016/12/31,2
300160,2016/12/31,1
300152,2016/12/31,1
300337,2016/12/31,2
300155,2016/12/31,2
300253,2016/12/31,2
300390,2016/12/31,1
300133,2016/12/31,2
300249,2016/12/31,2
300236,2016/12/31,2
300478,2016/12/31,2
300551,2016/12/31,1
300232,2016/12/31,1
300293,2016/12/31,1
300631,2016/12/31,2
300344,2016/12/31,1
300075,2016/12/31,2
300275,2016/12/31,2
300270,2016/12/31,1
300360,2016/12/31,1
300165,2016/12/31,2
300322,2016/12/31,2
300415,2016/12/31,2
300426,2016/12/31,1
300260,2016/12/31,1
300372,2016/12/31,2
300513,2016/12/31,1
300483,2016/12/31,1
300302,2016/12/31,1
300470,2016/12/31,2
300601,2016/12/31,1
300315,2016/12/31,2
300530,2016/12/31,1
300566,2016/12/31,1
300615,2016/12/31,2
300354,2016/12/31,2
300461,2016/12/31,1
300421,2016/12/31,1
300525,2016/12/31,2
300301,2016/12/31,2
300351,2016/12/31,2
300508,2016/12/31,2
300589,2016/12/31,1
300418,2016/12/31,1
300607,2016/12/31,1
300497,2016/12/31,2
300583,2016/12/31,1
300022,2016/12/31,1
300084,2016/12/31,2
300137,2016/12/31,1
300180,2016/12/31,2
300013,2016/12/31,2
300076,2016/12/31,1
300203,2016/12/31,2
300028,2016/12/31,1
300262,2016/12/31,2
300136,2016/12/31,2
300311,2016/12/31,2
300178,2016/12/31,2
300201,2016/12/31,2
300053,2016/12/31,1
300063,2016/12/31,1
300382,2016/12/31,1
300123,2016/12/31,1
300118,2016/12/31,2
300429,2016/12/31,2
300170,2016/12/31,2
300242,2016/12/31,1
300158,2016/12/31,
300192,2016/12/31,1
300456,2016/12/31,2
300228,2016/12/31,2
300183,2016/12/31,2
300032,2016/12/31,2
300485,2016/12/31,1
300208,2016/12/31,2
300168,2016/12/31,1
300299,2016/12/31,1
300292,2016/12/31,2
300527,2016/12/31,2
300357,2016/12/31,1
300380,2016/12/31,2
300109,2016/12/31,2
300272,2016/12/31,2
300597,2016/12/31,1
300417,2016/12/31,2
300166,2016/12/31,1
300404,2016/12/31,1
300189,2016/12/31,2
300316,2016/12/31,2
300445,2016/12/31,2
300185,2016/12/31,2
300010,2016/12/31,2
300384,2016/12/31,1
300438,2016/12/31,1
300220,2016/12/31,1
300477,2016/12/31,2
300466,2016/12/31,1
300430,2016/12/31,2
300289,2016/12/31,1
300506,2016/12/31,2
300074,2016/12/31,2
300576,2016/12/31,2
300460,2016/12/31,1
300129,2016/12/31,2
300355,2016/12/31,2
300526,2016/12/31,2
300486,2016/12/31,2
300171,2016/12/31,1
300402,2016/12/31,2
300219,2016/12/31,1
300549,2016/12/31,1
300195,2016/12/31,1
300281,2016/12/31,2
300585,2016/12/31,1
300489,2016/12/31,2
300230,2016/12/31,1
300599,2016/12/31,1
300297,2016/12/31,2
300571,2016/12/31,1
300377,2016/12/31,1
300405,2016/12/31,1
300326,2016/12/31,2
300439,2016/12/31,2
300468,2016/12/31,1
300509,2016/12/31,2
300582,2016/12/31,1
300397,2016/12/31,1
300432,2016/12/31,2
300462,2016/12/31,1
300488,2016/12/31,2
300437,2016/12/31,2
300550,2016/12/31,1
300465,2016/12/31,2
300058,2016/12/31,1
300273,2016/12/31,1
300536,2016/12/31,2
300187,2016/12/31,1
300347,2016/12/31,1
300005,2016/12/31,1
300090,2016/12/31,2
300199,2016/12/31,2
300633,2016/12/31,2
300387,2016/12/31,1
300300,2016/12/31,2
300587,2016/12/31,2
300287,2016/12/31,1
300581,2016/12/31,1
300012,2016/12/31,1
300162,2016/12/31,1
300332,2016/12/31,2
300106,2016/12/31,2
300094,2016/12/31,2
300056,2016/12/31,2
300135,2016/12/31,2
300343,2016/12/31,2
300093,2016/12/31,1
300392,2016/12/31,2
300277,2016/12/31,2
300536,2017/12/31,2
300320,2017/12/31,1
300451,2017/12/31,2
300483,2017/12/31,1
300474,2017/12/31,1
300476,2017/12/31,1
300193,2017/12/31,1
300161,2017/12/31,2
300495,2017/12/31,1
300204,2017/12/31,2
300618,2017/12/31,1
300016,2017/12/31,2
300146,2017/12/31,2
300414,2017/12/31,1
300590,2017/12/31,1
300677,2017/12/31,2
300700,2017/12/31,1
300102,2017/12/31,2
300239,2017/12/31,2
300301,2017/12/31,2
300559,2017/12/31,2
300650,2017/12/31,1
300557,2017/12/31,2
300313,2017/12/31,2
300413,2017/12/31,2
300656,2017/12/31,1
300041,2017/12/31,2
300681,2017/12/31,1
300450,2017/12/31,1
300286,2017/12/31,1
300545,2017/12/31,1
300416,2017/12/31,1
300584,2017/12/31,1
300715,2017/12/31,2
300505,2017/12/31,2
300485,2017/12/31,1
300376,2017/12/31,1
300003,2017/12/31,1
300302,2017/12/31,1
300365,2017/12/31,2
300275,2017/12/31,2
300459,2017/12/31,2
300511,2017/12/31,1
300398,2017/12/31,1
300199,2017/12/31,2
300393,2017/12/31,1
300428,2017/12/31,2
300181,2017/12/31,2
300357,2017/12/31,1
300131,2017/12/31,2
300491,2017/12/31,2
300260,2017/12/31,1
300014,2017/12/31,1
300383,2017/12/31,2
300226,2017/12/31,2
300143,2017/12/31,1
300122,2017/12/31,1
300563,2017/12/31,2
300046,2017/12/31,2
300453,2017/12/31,2
300248,2017/12/31,1
300130,2017/12/31,1
300178,2017/12/31,2
300052,2017/12/31,1
300659,2017/12/31,1
300509,2017/12/31,2
300436,2017/12/31,2
300105,2017/12/31,2
300007,2017/12/31,2
300024,2017/12/31,2
300027,2017/12/31,2
300101,2017/12/31,2
300127,2017/12/31,2
300256,2017/12/31,2
300296,2017/12/31,1
300520,2017/12/31,2
300655,2017/12/31,1
300635,2017/12/31,2
300429,2017/12/31,2
300092,2017/12/31,2
300009,2017/12/31,1
300047,2017/12/31,1
300240,2017/12/31,2
300144,2017/12/31,2
300373,2017/12/31,2
300421,2017/12/31,1
300586,2017/12/31,2
300596,2017/12/31,2
300708,2017/12/31,1
300185,2017/12/31,2
300339,2017/12/31,1
300034,2017/12/31,2
300570,2017/12/31,2
300001,2017/12/31,2
300138,2017/12/31,1
300304,2017/12/31,2
300068,2017/12/31,2
300532,2017/12/31,2
300701,2017/12/31,2
300237,2017/12/31,2
300037,2017/12/31,2
300381,2017/12/31,1
300173,2017/12/31,2
300346,2017/12/31,1
300593,2017/12/31,1
300322,2017/12/31,2
300569,2017/12/31,1
300036,2017/12/31,2
300717,2017/12/31,1
300579,2017/12/31,2
300548,2017/12/31,1
300205,2017/12/31,2
300103,2017/12/31,1
300378,2017/12/31,2
300270,2017/12/31,1
300507,2017/12/31,2
300038,2017/12/31,2
300117,2017/12/31,1
300705,2017/12/31,2
300647,2017/12/31,1
300242,2017/12/31,2
300233,2017/12/31,2
300110,2017/12/31,2
300229,2017/12/31,2
300342,2017/12/31,2
300480,2017/12/31,1
300639,2017/12/31,2
300349,2017/12/31,1
300044,2017/12/31,1
300222,2017/12/31,2
300327,2017/12/31,2
300128,2017/12/31,1
300252,2017/12/31,2
300375,2017/12/31,2
300523,2017/12/31,2
300658,2017/12/31,1
300455,2017/12/31,2
300026,2017/12/31,2
300629,2017/12/31,1
300215,2017/12/31,1
300018,2017/12/31,1
300194,2017/12/31,2
300324,2017/12/31,2
300282,2017/12/31,2
300445,2017/12/31,2
300427,2017/12/31,1
300619,2017/12/31,1
300562,2017/12/31,1
300273,2017/12/31,1
300115,2017/12/31,2
300567,2017/12/31,2
300692,2017/12/31,1
300722,2017/12/31,2
300244,2017/12/31,1
300406,2017/12/31,2
300353,2017/12/31,1
300547,2017/12/31,2
300516,2017/12/31,2
300684,2017/12/31,2
300019,2017/12/31,2
300259,2017/12/31,2
300213,2017/12/31,2
300528,2017/12/31,2
300305,2017/12/31,2
300682,2017/12/31,2
300437,2017/12/31,2
300575,2017/12/31,1
300719,2017/12/31,1
300066,2017/12/31,2
300172,2017/12/31,2
300147,2017/12/31,1
300403,2017/12/31,1
300430,2017/12/31,2
300107,2017/12/31,2
300685,2017/12/31,1
300223,2017/12/31,1
300328,2017/12/31,2
300479,2017/12/31,2
300633,2017/12/31,2
300140,2017/12/31,2
300196,2017/12/31,2
300310,2017/12/31,2
300238,2017/12/31,2
300493,2017/12/31,2
300529,2017/12/31,1
300154,2017/12/31,1
300539,2017/12/31,1
300420,2017/12/31,1
300552,2017/12/31,1
300616,2017/12/31,2
300074,2017/12/31,2
300598,2017/12/31,2
300466,2017/12/31,2
300150,2017/12/31,1
300057,2017/12/31,1
300212,2017/12/31,2
300401,2017/12/31,2
300121,2017/12/31,1
300683,2017/12/31,1
300568,2017/12/31,2
300334,2017/12/31,2
300538,2017/12/31,2
300073,2017/12/31,2
300192,2017/12/31,1
300087,2017/12/31,1
300441,2017/12/31,1
300227,2017/12/31,1
300492,2017/12/31,2
300699,2017/12/31,2
300241,2017/12/31,1
300271,2017/12/31,2
300263,2017/12/31,2
300284,2017/12/31,2
300595,2017/12/31,1
300627,2017/12/31,2
300314,2017/12/31,1
300149,2017/12/31,2
300245,2017/12/31,1
300341,2017/12/31,2
300316,2017/12/31,2
300325,2017/12/31,2
300498,2017/12/31,2
300400,2017/12/31,2
300371,2017/12/31,2
300443,2017/12/31,2
300630,2017/12/31,1
300021,2017/12/31,2
300056,2017/12/31,2
300662,2017/12/31,2
300164,2017/12/31,2
300225,2017/12/31,1
300673,2017/12/31,1
300424,2017/12/31,2
300278,2017/12/31,1
300308,2017/12/31,2
300620,2017/12/31,2
300556,2017/12/31,1
300330,2017/12/31,2
300374,2017/12/31,2
300368,2017/12/31,1
300558,2017/12/31,1
300572,2017/12/31,1
300535,2017/12/31,1
300220,2017/12/31,1
300725,2017/12/31,2
300541,2017/12/31,2
300517,2017/12/31,1
300736,2017/12/31,1
300617,2017/12/31,2
300458,2017/12/31,2
300120,2017/12/31,1
300623,2017/12/31,1
300217,2017/12/31,2
300638,2017/12/31,2
300577,2017/12/31,1
300017,2017/12/31,1
300078,2017/12/31,1
300643,2017/12/31,1
300132,2017/12/31,
300329,2017/12/31,1
300255,2017/12/31,1
300731,2017/12/31,1
300343,2017/12/31,2
300546,2017/12/31,1
300389,2017/12/31,1
300713,2017/12/31,1
300224,2017/12/31,2
300735,2017/12/31,1
300440,2017/12/31,1
300503,2017/12/31,2
300500,2017/12/31,2
300668,2017/12/31,1
300379,2017/12/31,1
300537,2017/12/31,1
300697,2017/12/31,2
300211,2017/12/31,2
300489,2017/12/31,2
300258,2017/12/31,1
300112,2017/12/31,2
300508,2017/12/31,2
300631,2017/12/31,2
300202,2017/12/31,1
300469,2017/12/31,1
300395,2017/12/31,2
300592,2017/12/31,1
300554,2017/12/31,1
300671,2017/12/31,1
300197,2017/12/31,2
300207,2017/12/31,1
300487,2017/12/31,2
300080,2017/12/31,2
300285,2017/12/31,2
300626,2017/12/31,1
300444,2017/12/31,2
300519,2017/12/31,1
300732,2017/12/31,1
300432,2017/12/31,2
300560,2017/12/31,2
300691,2017/12/31,1
300125,2017/12/31,2
300484,2017/12/31,1
300264,2017/12/31,2
300513,2017/12/31,1
300051,2017/12/31,1
300370,2017/12/31,2
300648,2017/12/31,1
300020,2017/12/31,2
300039,2017/12/31,2
300113,2017/12/31,1
300348,2017/12/31,2
300363,2017/12/31,2
300632,2017/12/31,2
300412,2017/12/31,2
300472,2017/12/31,1
300257,2017/12/31,2
300136,2017/12/31,2
300642,2017/12/31,1
300448,2017/12/31,2
300319,2017/12/31,2
300380,2017/12/31,1
300624,2017/12/31,1
300739,2017/12/31,2
300134,2017/12/31,2
300167,2017/12/31,1
300235,2017/12/31,2
300447,2017/12/31,1
300738,2017/12/31,2
300195,2017/12/31,1
300072,2017/12/31,2
300280,2017/12/31,2
300277,2017/12/31,2
300290,2017/12/31,1
300470,2017/12/31,2
300295,2017/12/31,2
300737,2017/12/31,2
300402,2017/12/31,2
300578,2017/12/31,2
300088,2017/12/31,2
300281,2017/12/31,2
300408,2017/12/31,2
300478,2017/12/31,2
300067,2017/12/31,1
300261,2017/12/31,1
300388,2017/12/31,2
300351,2017/12/31,2
300606,2017/12/31,1
300463,2017/12/31,2
300095,2017/12/31,2
300582,2017/12/31,2
300119,2017/12/31,1
300170,2017/12/31,2
300288,2017/12/31,2
300726,2017/12/31,2
300317,2017/12/31,2
300333,2017/12/31,1
300411,2017/12/31,2
300415,2017/12/31,2
300434,2017/12/31,1
300497,2017/12/31,2
300180,2017/12/31,2
300396,2017/12/31,2
300679,2017/12/31,1
300612,2017/12/31,2
300045,2017/12/31,2
300622,2017/12/31,2
300243,2017/12/31,2
300347,2017/12/31,1
300553,2017/12/31,1
300456,2017/12/31,2
300162,2017/12/31,1
300573,2017/12/31,1
300332,2017/12/31,2
300431,2017/12/31,1
300141,2017/12/31,1
300032,2017/12/31,2
300703,2017/12/31,2
300510,2017/12/31,1
300321,2017/12/31,2
300670,2017/12/31,2
300418,2017/12/31,1
300501,2017/12/31,1
300133,2017/12/31,2
300168,2017/12/31,1
300676,2017/12/31,2
300387,2017/12/31,1
300636,2017/12/31,1
300407,2017/12/31,2
300157,2017/12/31,2
300661,2017/12/31,1
300645,2017/12/31,1
300200,2017/12/31,2
300335,2017/12/31,2
300542,2017/12/31,2
300338,2017/12/31,2
300174,2017/12/31,2
300390,2017/12/31,1
300439,2017/12/31,2
300654,2017/12/31,1
300473,2017/12/31,2
300307,2017/12/31,1
300555,2017/12/31,1
300006,2017/12/31,1
300695,2017/12/31,1
300015,2017/12/31,2
300184,2017/12/31,1
300077,2017/12/31,2
300303,2017/12/31,1
300410,2017/12/31,1
300219,2017/12/31,2
300435,2017/12/31,2
300521,2017/12/31,2
300707,2017/12/31,1
300142,2017/12/31,2
300053,2017/12/31,2
300246,2017/12/31,1
300250,2017/12/31,1
300089,2017/12/31,1
300318,2017/12/31,1
300461,2017/12/31,2
300409,2017/12/31,1
300386,2017/12/31,2
300008,2017/12/31,1
300488,2017/12/31,2
300587,2017/12/31,2
300588,2017/12/31,2
300210,2017/12/31,2
300649,2017/12/31,2
300417,2017/12/31,2
300706,2017/12/31,1
300075,2017/12/31,2
300137,2017/12/31,2
300729,2017/12/31,1
300221,2017/12/31,2
300165,2017/12/31,2
300300,2017/12/31,2
300391,2017/12/31,1
300054,2017/12/31,2
300340,2017/12/31,2
300385,2017/12/31,1
300583,2017/12/31,1
300464,2017/12/31,1
300657,2017/12/31,2
300561,2017/12/31,1
300640,2017/12/31,1
300069,2017/12/31,2
300698,2017/12/31,2
300129,2017/12/31,2
300730,2017/12/31,2
300214,2017/12/31,1
300291,2017/12/31,2
300262,2017/12/31,2
300203,2017/12/31,2
300384,2017/12/31,1
300236,2017/12/31,2
300468,2017/12/31,1
300082,2017/12/31,1
300031,2017/12/31,2
300494,2017/12/31,1
300462,2017/12/31,1
300471,2017/12/31,1
300693,2017/12/31,1
300279,2017/12/31,1
300675,2017/12/31,2
300666,2017/12/31,1
300551,2017/12/31,1
300549,2017/12/31,2
300712,2017/12/31,1
300637,2017/12/31,2
300696,2017/12/31,2
300070,2017/12/31,2
300251,2017/12/31,1
300061,2017/12/31,2
300475,2017/12/31,2
300079,2017/12/31,1
300109,2017/12/31,2
300139,2017/12/31,2
300206,2017/12/31,1
300287,2017/12/31,1
300234,2017/12/31,2
300369,2017/12/31,1
300025,2017/12/31,2
300460,2017/12/31,1
300533,2017/12/31,2
300311,2017/12/31,2
300099,2017/12/31,2
300011,2017/12/31,2
300182,2017/12/31,2
300688,2017/12/31,1
300272,2017/12/31,2
300086,2017/12/31,1
300085,2017/12/31,2
300352,2017/12/31,1
300166,2017/12/31,1
300159,2017/12/31,2
300399,2017/12/31,2
300438,2017/12/31,1
300005,2017/12/31,1
300265,2017/12/31,2
300040,2017/12/31,2
300727,2017/12/31,1
300249,2017/12/31,2
300035,2017/12/31,2
300486,2017/12/31,2
300522,2017/12/31,1
300336,2017/12/31,1
300345,2017/12/31,1
300084,2017/12/31,2
300608,2017/12/31,1
300326,2017/12/31,2
300433,2017/12/31,1
300585,2017/12/31,1
300515,2017/12/31,2
300151,2017/12/31,1
300419,2017/12/31,1
300665,2017/12/31,1
300004,2017/12/31,1
300641,2017/12/31,1
300187,2017/12/31,1
300490,2017/12/31,2
300028,2017/12/31,1
300100,2017/12/31,2
300702,2017/12/31,1
300603,2017/12/31,2
300081,2017/12/31,1
300711,2017/12/31,2
300253,2017/12/31,2
300183,2017/12/31,2
300148,2017/12/31,2
300096,2017/12/31,2
300663,2017/12/31,1
300355,2017/12/31,2
300710,2017/12/31,1
300179,2017/12/31,1
300153,2017/12/31,2
300274,2017/12/31,1
300597,2017/12/31,1
300247,2017/12/31,1
300356,2017/12/31,2
300512,2017/12/31,2
300198,2017/12/31,1
300442,2017/12/31,1
300354,2017/12/31,1
300660,2017/12/31,2
300576,2017/12/31,2
300628,2017/12/31,1
300405,2017/12/31,1
300709,2017/12/31,1
300689,2017/12/31,1
300289,2017/12/31,1
300504,2017/12/31,2
300609,2017/12/31,1
300362,2017/12/31,2
300566,2017/12/31,1
300426,2017/12/31,1
300613,2017/12/31,1
300672,2017/12/31,2
300591,2017/12/31,2
300720,2017/12/31,1
300733,2017/12/31,1
300065,2017/12/31,1
300177,2017/12/31,2
300232,2017/12/31,1
300344,2017/12/31,1
300571,2017/12/31,1
300392,2017/12/31,1
300718,2017/12/31,2
300502,2017/12/31,2
300048,2017/12/31,1
300042,2017/12/31,2
300118,2017/12/31,2
300010,2017/12/31,2
300565,2017/12/31,1
300098,2017/12/31,2
300163,2017/12/31,1
300160,2017/12/31,1
300093,2017/12/31,1
300209,2017/12/31,2
300268,2017/12/31,2
300607,2017/12/31,1
300208,2017/12/31,2
300312,2017/12/31,1
300610,2017/12/31,1
300721,2017/12/31,1
300298,2017/12/31,1
300152,2017/12/31,1
300254,2017/12/31,2
300467,2017/12/31,2
300423,2017/12/31,2
300540,2017/12/31,1
300191,2017/12/31,1
300366,2017/12/31,1
300602,2017/12/31,2
300267,2017/12/31,2
300687,2017/12/31,1
300030,2017/12/31,1
300531,2017/12/31,1
300359,2017/12/31,2
300518,2017/12/31,2
300097,2017/12/31,1
300123,2017/12/31,2
300667,2017/12/31,1
300155,2017/12/31,2
300145,2017/12/31,2
300581,2017/12/31,2
300652,2017/12/31,1
300404,2017/12/31,1
300601,2017/12/31,1
300058,2017/12/31,1
300050,2017/12/31,2
300201,2017/12/31,2
300171,2017/12/31,1
300686,2017/12/31,2
300108,2017/12/31,1
300292,2017/12/31,2
300189,2017/12/31,2
300230,2017/12/31,2
300364,2017/12/31,1
300276,2017/12/31,1
300315,2017/12/31,1
300425,2017/12/31,2
300377,2017/12/31,1
300358,2017/12/31,1
300457,2017/12/31,1
300477,2017/12/31,2
300530,2017/12/31,1
300543,2017/12/31,1
300452,2017/12/31,1
300526,2017/12/31,1
300604,2017/12/31,1
300599,2017/12/31,1
300678,2017/12/31,2
300091,2017/12/31,1
300397,2017/12/31,1
300615,2017/12/31,2
300076,2017/12/31,1
300680,2017/12/31,2
300723,2017/12/31,1
300266,2017/12/31,1
300449,2017/12/31,1
300293,2017/12/31,1
300653,2017/12/31,1
300083,2017/12/31,2
300062,2017/12/31,1
300664,2017/12/31,1
300297,2017/12/31,2
300055,2017/12/31,2
300482,2017/12/31,2
300283,2017/12/31,1
300124,2017/12/31,1
300175,2017/12/31,2
300094,2017/12/31,2
300002,2017/12/31,2
300231,2017/12/31,1
300337,2017/12/31,2
300382,2017/12/31,1
300116,2017/12/31,2
300104,2017/12/31,2
300499,2017/12/31,2
300550,2017/12/31,1
300605,2017/12/31,2
300716,2017/12/31,2
300013,2017/12/31,2
300299,2017/12/31,1
300012,2017/12/31,1
300176,2017/12/31,2
300090,2017/12/31,2
300331,2017/12/31,2
300111,2017/12/31,2
300514,2017/12/31,1
300651,2017/12/31,2
300156,2017/12/31,2
300049,2017/12/31,2
300043,2017/12/31,2
300600,2017/12/31,1
300228,2017/12/31,2
300611,2017/12/31,2
300063,2017/12/31,1
300169,2017/12/31,2
300158,2017/12/31,
300126,2017/12/31,1
300360,2017/12/31,1
300580,2017/12/31,2
300135,2017/12/31,2
300496,2017/12/31,2
300350,2017/12/31,1
300269,2017/12/31,1
300621,2017/12/31,2
300106,2017/12/31,2
300190,2017/12/31,2
300625,2017/12/31,1
300022,2017/12/31,1
300306,2017/12/31,1
300690,2017/12/31,2
300527,2017/12/31,2
300323,2017/12/31,2
300422,2017/12/31,2
300481,2017/12/31,1
300218,2017/12/31,1
300589,2017/12/31,1
300525,2017/12/31,2
300534,2017/12/31,2
300506,2017/12/31,2
300669,2017/12/31,1
300071,2017/12/31,1
300394,2017/12/31,1
300114,2017/12/31,2
300294,2017/12/31,2
300465,2017/12/31,2
300188,2017/12/31,2
300216,2017/12/31,1
300619,2018/12/31,1
300125,2018/12/31,2
300748,2018/12/31,1
300700,2018/12/31,1
300632,2018/12/31,2
300487,2018/12/31,2
300751,2018/12/31,2
300398,2018/12/31,1
300260,2018/12/31,1
300132,2018/12/31,1
300602,2018/12/31,2
300623,2018/12/31,1
300220,2018/12/31,1
300146,2018/12/31,2
300016,2018/12/31,2
300613,2018/12/31,1
300722,2018/12/31,2
300285,2018/12/31,2
300545,2018/12/31,1
300586,2018/12/31,2
300617,2018/12/31,2
300638,2018/12/31,2
300657,2018/12/31,2
300591,2018/12/31,2
300692,2018/12/31,1
300455,2018/12/31,2
300690,2018/12/31,2
300204,2018/12/31,2
300042,2018/12/31,2
300723,2018/12/31,1
300741,2018/12/31,2
300395,2018/12/31,2
300107,2018/12/31,2
300024,2018/12/31,2
300568,2018/12/31,2
300114,2018/12/31,2
300536,2018/12/31,2
300193,2018/12/31,1
300590,2018/12/31,1
300453,2018/12/31,2
300534,2018/12/31,2
300753,2018/12/31,2
300025,2018/12/31,1
300249,2018/12/31,2
300556,2018/12/31,1
300525,2018/12/31,2
300121,2018/12/31,1
300037,2018/12/31,2
300501,2018/12/31,1
300423,2018/12/31,2
300211,2018/12/31,2
300263,2018/12/31,2
300637,2018/12/31,2
300201,2018/12/31,2
300374,2018/12/31,2
300439,2018/12/31,2
300559,2018/12/31,2
300179,2018/12/31,1
300017,2018/12/31,1
300081,2018/12/31,1
300041,2018/12/31,2
300652,2018/12/31,1
300450,2018/12/31,1
300421,2018/12/31,1
300345,2018/12/31,1
300575,2018/12/31,1
300458,2018/12/31,2
300491,2018/12/31,2
300365,2018/12/31,2
300403,2018/12/31,1
300054,2018/12/31,2
300052,2018/12/31,1
300188,2018/12/31,2
300242,2018/12/31,2
300148,2018/12/31,2
300579,2018/12/31,2
300435,2018/12/31,2
300414,2018/12/31,1
300379,2018/12/31,1
300218,2018/12/31,1
300685,2018/12/31,1
300529,2018/12/31,1
300393,2018/12/31,1
300103,2018/12/31,2
300224,2018/12/31,2
300596,2018/12/31,2
300101,2018/12/31,2
300401,2018/12/31,2
300240,2018/12/31,2
300298,2018/12/31,1
300138,2018/12/31,1
300699,2018/12/31,2
300445,2018/12/31,2
300629,2018/12/31,1
300378,2018/12/31,2
300092,2018/12/31,2
300346,2018/12/31,1
300507,2018/12/31,2
300485,2018/12/31,1
300322,2018/12/31,2
300105,2018/12/31,2
300176,2018/12/31,2
300531,2018/12/31,1
300357,2018/12/31,1
300738,2018/12/31,2
300184,2018/12/31,1
300161,2018/12/31,2
300624,2018/12/31,1
300144,2018/12/31,2
300358,2018/12/31,2
300066,2018/12/31,2
300127,2018/12/31,2
300194,2018/12/31,2
300320,2018/12/31,1
300007,2018/12/31,2
300715,2018/12/31,2
300259,2018/12/31,2
300406,2018/12/31,2
300645,2018/12/31,1
300480,2018/12/31,1
300522,2018/12/31,2
300639,2018/12/31,2
300115,2018/12/31,2
300416,2018/12/31,1
300732,2018/12/31,1
300726,2018/12/31,2
300570,2018/12/31,2
300183,2018/12/31,2
300304,2018/12/31,2
300476,2018/12/31,1
300233,2018/12/31,2
300437,2018/12/31,1
300047,2018/12/31,2
300213,2018/12/31,2
300675,2018/12/31,2
300009,2018/12/31,1
300003,2018/12/31,1
300045,2018/12/31,2
300678,2018/12/31,2
300215,2018/12/31,1
300228,2018/12/31,2
300229,2018/12/31,2
300658,2018/12/31,1
300653,2018/12/31,2
300542,2018/12/31,2
300244,2018/12/31,1
300659,2018/12/31,1
300286,2018/12/31,1
300336,2018/12/31,1
300019,2018/12/31,2
300248,2018/12/31,1
300303,2018/12/31,2
300274,2018/12/31,1
300140,2018/12/31,2
300681,2018/12/31,1
300391,2018/12/31,2
300190,2018/12/31,2
300724,2018/12/31,2
300635,2018/12/31,2
300078,2018/12/31,1
300682,2018/12/31,2
300538,2018/12/31,2
300457,2018/12/31,1
300018,2018/12/31,1
300615,2018/12/31,2
300609,2018/12/31,1
300655,2018/12/31,1
300492,2018/12/31,2
300091,2018/12/31,1
300436,2018/12/31,2
300494,2018/12/31,1
300630,2018/12/31,1
300067,2018/12/31,1
300725,2018/12/31,2
300584,2018/12/31,1
300328,2018/12/31,2
300205,2018/12/31,2
300749,2018/12/31,1
300164,2018/12/31,2
300452,2018/12/31,1
300481,2018/12/31,1
300327,2018/12/31,2
300026,2018/12/31,2
300577,2018/12/31,1
300547,2018/12/31,2
300595,2018/12/31,1
300671,2018/12/31,1
300080,2018/12/31,2
300122,2018/12/31,1
300076,2018/12/31,1
300429,2018/12/31,2
300572,2018/12/31,1
300620,2018/12/31,1
300719,2018/12/31,1
300394,2018/12/31,2
300761,2018/12/31,1
300515,2018/12/31,2
300583,2018/12/31,
300668,2018/12/31,1
300196,2018/12/31,2
300746,2018/12/31,2
300342,2018/12/31,2
300541,2018/12/31,2
300673,2018/12/31,1
300316,2018/12/31,2
300129,2018/12/31,2
300330,2018/12/31,2
300057,2018/12/31,1
300385,2018/12/31,1
300443,2018/12/31,2
300610,2018/12/31,1
300349,2018/12/31,1
300430,2018/12/31,2
300580,2018/12/31,2
300036,2018/12/31,2
300389,2018/12/31,1
300498,2018/12/31,2
300717,2018/12/31,1
300469,2018/12/31,2
300227,2018/12/31,1
300517,2018/12/31,2
300475,2018/12/31,2
300612,2018/12/31,2
300539,2018/12/31,1
300062,2018/12/31,2
300314,2018/12/31,1
300479,2018/12/31,2
300474,2018/12/31,1
300669,2018/12/31,1
300210,2018/12/31,2
300454,2018/12/31,1
300097,2018/12/31,1
300440,2018/12/31,1
300757,2018/12/31,1
300697,2018/12/31,2
300441,2018/12/31,1
300371,2018/12/31,2
300177,2018/12/31,1
300562,2018/12/31,1
300569,2018/12/31,1
300348,2018/12/31,2
300490,2018/12/31,2
300284,2018/12/31,2
300124,2018/12/31,1
300503,2018/12/31,2
300200,2018/12/31,2
300520,2018/12/31,2
300425,2018/12/31,2
300558,2018/12/31,1
300212,2018/12/31,2
300276,2018/12/31,1
300159,2018/12/31,2
300245,2018/12/31,2
300072,2018/12/31,2
300070,2018/12/31,2
300329,2018/12/31,1
300214,2018/12/31,2
300341,2018/12/31,2
300375,2018/12/31,2
300708,2018/12/31,1
300640,2018/12/31,1
300695,2018/12/31,1
300301,2018/12/31,2
300172,2018/12/31,2
300282,2018/12/31,2
300592,2018/12/31,1
300400,2018/12/31,2
300554,2018/12/31,1
300508,2018/12/31,2
300548,2018/12/31,1
300607,2018/12/31,1
300321,2018/12/31,2
300383,2018/12/31,2
300448,2018/12/31,2
300755,2018/12/31,2
300739,2018/12/31,2
300560,2018/12/31,2
300170,2018/12/31,2
300747,2018/12/31,2
300636,2018/12/31,1
300119,2018/12/31,1
300288,2018/12/31,2
300139,2018/12/31,2
300065,2018/12/31,1
300021,2018/12/31,2
300094,2018/12/31,2
300020,2018/12/31,2
300670,2018/12/31,2
300387,2018/12/31,1
300573,2018/12/31,1
300277,2018/12/31,1
300106,2018/12/31,2
300759,2018/12/31,1
300420,2018/12/31,1
300519,2018/12/31,1
300703,2018/12/31,1
300598,2018/12/31,2
300239,2018/12/31,2
300207,2018/12/31,1
300691,2018/12/31,1
300150,2018/12/31,1
300262,2018/12/31,2
300419,2018/12/31,2
300051,2018/12/31,1
300588,2018/12/31,2
300278,2018/12/31,2
300169,2018/12/31,2
300098,2018/12/31,2
300281,2018/12/31,2
300456,2018/12/31,2
300683,2018/12/31,1
300412,2018/12/31,2
300540,2018/12/31,1
300295,2018/12/31,2
300643,2018/12/31,1
300500,2018/12/31,2
300396,2018/12/31,1
300250,2018/12/31,1
300162,2018/12/31,1
300600,2018/12/31,1
300557,2018/12/31,2
300243,2018/12/31,2
300627,2018/12/31,2
300110,2018/12/31,2
300261,2018/12/31,1
300356,2018/12/31,2
300167,2018/12/31,1
300408,2018/12/31,2
300223,2018/12/31,1
300087,2018/12/31,1
300616,2018/12/31,2
300730,2018/12/31,2
300068,2018/12/31,2
300546,2018/12/31,2
300651,2018/12/31,2
300354,2018/12/31,1
300289,2018/12/31,2
300718,2018/12/31,2
300145,2018/12/31,2
300386,2018/12/31,2
300368,2018/12/31,1
300648,2018/12/31,1
300649,2018/12/31,2
300283,2018/12/31,1
300063,2018/12/31,1
300333,2018/12/31,1
300502,2018/12/31,2
300206,2018/12/31,1
300667,2018/12/31,1
300380,2018/12/31,1
300056,2018/12/31,1
300294,2018/12/31,2
300332,2018/12/31,2
300628,2018/12/31,1
300593,2018/12/31,1
300032,2018/12/31,2
300376,2018/12/31,2
300008,2018/12/31,2
300505,2018/12/31,2
300702,2018/12/31,1
300510,2018/12/31,1
300752,2018/12/31,2
300326,2018/12/31,1
300608,2018/12/31,1
300279,2018/12/31,2
300131,2018/12/31,2
300470,2018/12/31,2
300308,2018/12/31,2
300660,2018/12/31,2
300581,2018/12/31,2
300664,2018/12/31,1
300306,2018/12/31,1
300711,2018/12/31,2
300126,2018/12/31,1
300231,2018/12/31,1
300141,2018/12/31,1
300171,2018/12/31,1
300075,2018/12/31,2
300405,2018/12/31,1
300399,2018/12/31,2
300576,2018/12/31,2
300707,2018/12/31,1
300633,2018/12/31,2
300656,2018/12/31,1
300642,2018/12/31,1
300674,2018/12/31,1
300625,2018/12/31,1
300202,2018/12/31,1
300477,2018/12/31,2
300099,2018/12/31,1
300158,2018/12/31,2
300377,2018/12/31,1
300031,2018/12/31,2
300543,2018/12/31,1
300698,2018/12/31,2
300537,2018/12/31,1
300267,2018/12/31,2
300136,2018/12/31,2
300442,2018/12/31,1
300566,2018/12/31,1
300265,2018/12/31,2
300302,2018/12/31,1
300360,2018/12/31,2
300706,2018/12/31,1
300483,2018/12/31,1
300473,2018/12/31,2
300046,2018/12/31,2
300514,2018/12/31,1
300291,2018/12/31,2
300338,2018/12/31,2
300006,2018/12/31,1
300606,2018/12/31,1
300710,2018/12/31,1
300337,2018/12/31,2
300050,2018/12/31,2
300713,2018/12/31,1
300369,2018/12/31,1
300672,2018/12/31,1
300290,2018/12/31,1
300108,2018/12/31,1
300745,2018/12/31,1
300513,2018/12/31,1
300363,2018/12/31,1
300165,2018/12/31,2
300735,2018/12/31,1
300355,2018/12/31,2
300693,2018/12/31,1
300654,2018/12/31,1
300597,2018/12/31,1
300530,2018/12/31,1
300209,2018/12/31,2
300663,2018/12/31,1
300427,2018/12/31,1
300208,2018/12/31,2
300013,2018/12/31,2
300384,2018/12/31,1
300252,2018/12/31,2
300043,2018/12/31,2
300449,2018/12/31,1
300185,2018/12/31,2
300647,2018/12/31,1
300603,2018/12/31,2
300511,2018/12/31,2
300464,2018/12/31,2
300293,2018/12/31,1
300335,2018/12/31,2
300058,2018/12/31,1
300680,2018/12/31,2
300381,2018/12/31,1
300687,2018/12/31,1
300661,2018/12/31,1
300438,2018/12/31,1
300750,2018/12/31,2
300225,2018/12/31,1
300173,2018/12/31,2
300287,2018/12/31,1
300134,2018/12/31,2
300195,2018/12/31,1
300310,2018/12/31,2
300424,2018/12/31,2
300599,2018/12/31,2
300527,2018/12/31,2
300694,2018/12/31,1
300621,2018/12/31,2
300178,2018/12/31,2
300676,2018/12/31,2
300709,2018/12/31,1
300199,2018/12/31,2
300605,2018/12/31,2
300109,2018/12/31,2
300137,2018/12/31,2
300373,2018/12/31,2
300270,2018/12/31,1
300382,2018/12/31,1
300305,2018/12/31,2
300618,2018/12/31,2
300155,2018/12/31,1
300100,2018/12/31,2
300641,2018/12/31,1
300040,2018/12/31,2
300489,2018/12/31,2
300493,2018/12/31,2
300488,2018/12/31,2
300549,2018/12/31,2
300352,2018/12/31,1
300246,2018/12/31,1
300666,2018/12/31,2
300168,2018/12/31,1
300397,2018/12/31,1
300292,2018/12/31,2
300048,2018/12/31,1
300004,2018/12/31,
300307,2018/12/31,1
300219,2018/12/31,2
300482,2018/12/31,2
300422,2018/12/31,2
300516,2018/12/31,2
300253,2018/12/31,2
300465,2018/12/31,2
300737,2018/12/31,2
300370,2018/12/31,2
300049,2018/12/31,2
300216,2018/12/31,1
300111,2018/12/31,2
300230,2018/12/31,2
300417,2018/12/31,2
300010,2018/12/31,2
300499,2018/12/31,2
300268,2018/12/31,1
300344,2018/12/31,1
300222,2018/12/31,2
300030,2018/12/31,1
300684,2018/12/31,2
300451,2018/12/31,2
300192,2018/12/31,1
300015,2018/12/31,2
300462,2018/12/31,1
300679,2018/12/31,1
300496,2018/12/31,1
300323,2018/12/31,2
300217,2018/12/31,2
300012,2018/12/31,2
300113,2018/12/31,1
300407,2018/12/31,2
300388,2018/12/31,2
300143,2018/12/31,1
300069,2018/12/31,2
300444,2018/12/31,2
300409,2018/12/31,1
300175,2018/12/31,1
300696,2018/12/31,2
300686,2018/12/31,2
300604,2018/12/31,1
300518,2018/12/31,2
300160,2018/12/31,1
300432,2018/12/31,2
300509,2018/12/31,2
300340,2018/12/31,2
300002,2018/12/31,2
300561,2018/12/31,1
300359,2018/12/31,2
300743,2018/12/31,1
300402,2018/12/31,2
300486,2018/12/31,2
300236,2018/12/31,2
300366,2018/12/31,1
300644,2018/12/31,1
300191,2018/12/31,1
300153,2018/12/31,2
300410,2018/12/31,1
300055,2018/12/31,1
300459,2018/12/31,2
300353,2018/12/31,1
300315,2018/12/31,1
300118,2018/12/31,2
300550,2018/12/31,2
300688,2018/12/31,1
300133,2018/12/31,2
300221,2018/12/31,2
300198,2018/12/31,1
300720,2018/12/31,1
300234,2018/12/31,1
300740,2018/12/31,1
300237,2018/12/31,2
300232,2018/12/31,1
300571,2018/12/31,1
300151,2018/12/31,1
300731,2018/12/31,1
300317,2018/12/31,2
300601,2018/12/31,1
300578,2018/12/31,2
300555,2018/12/31,1
300166,2018/12/31,1
300468,2018/12/31,1
300300,2018/12/31,2
300733,2018/12/31,1
300551,2018/12/31,1
300506,2018/12/31,2
300273,2018/12/31,1
300463,2018/12/31,2
300152,2018/12/31,2
300084,2018/12/31,2
300466,2018/12/31,2
300142,2018/12/31,2
300088,2018/12/31,2
300347,2018/12/31,1
300331,2018/12/31,2
300005,2018/12/31,1
300241,2018/12/31,1
300187,2018/12/31,2
300526,2018/12/31,1
300512,2018/12/31,2
300182,2018/12/31,2
300104,2018/12/31,2
300350,2018/12/31,1
300523,2018/12/31,2
300275,2018/12/31,2
300203,2018/12/31,2
300189,2018/12/31,2
300130,2018/12/31,1
300077,2018/12/31,1
300280,2018/12/31,2
300433,2018/12/31,1
300364,2018/12/31,1
300313,2018/12/31,2
300758,2018/12/31,2
300325,2018/12/31,1
300404,2018/12/31,1
300351,2018/12/31,2
300022,2018/12/31,1
300226,2018/12/31,2
300254,2018/12/31,2
300095,2018/12/31,2
300035,2018/12/31,2
300311,2018/12/31,2
300392,2018/12/31,2
300180,2018/12/31,2
300460,2018/12/31,1
300461,2018/12/31,2
300434,2018/12/31,1
300467,2018/12/31,2
300053,2018/12/31,2
300269,2018/12/31,1
300343,2018/12/31,2
300197,2018/12/31,2
300431,2018/12/31,1
300027,2018/12/31,2
300324,2018/12/31,2
300128,2018/12/31,2
300071,2018/12/31,2
300001,2018/12/31,2
300028,2018/12/31,1
300266,2018/12/31,2
300411,2018/12/31,1
300123,2018/12/31,2
300247,2018/12/31,2
300082,2018/12/31,2
300061,2018/12/31,2
300362,2018/12/31,2
300426,2018/12/31,1
300135,2018/12/31,2
300156,2018/12/31,2
300147,2018/12/31,1
300116,2018/12/31,2
300090,2018/12/31,
300742,2018/12/31,1
300089,2018/12/31,1
300093,2018/12/31,1
300257,2018/12/31,2
300038,2018/12/31,1
300074,2018/12/31,2
300149,2018/12/31,2
300181,2018/12/31,2
300504,2018/12/31,2
300528,2018/12/31,2
300535,2018/12/31,1
300552,2018/12/31,1
300553,2018/12/31,1
300622,2018/12/31,2
300705,2018/12/31,2
300756,2018/12/31,2
300312,2018/12/31,1
300011,2018/12/31,2
300039,2018/12/31,2
300044,2018/12/31,1
300073,2018/12/31,2
300079,2018/12/31,1
300083,2018/12/31,2
300085,2018/12/31,2
300096,2018/12/31,2
300086,2018/12/31,1
300117,2018/12/31,1
300154,2018/12/31,1
300174,2018/12/31,2
300235,2018/12/31,2
300255,2018/12/31,1
300256,2018/12/31,2
300258,2018/12/31,1
300251,2018/12/31,1
300272,2018/12/31,2
300318,2018/12/31,1
300319,2018/12/31,2
300390,2018/12/31,2
300415,2018/12/31,2
300418,2018/12/31,2
300297,2018/12/31,2
300478,2018/12/31,2
300428,2018/12/31,2
300271,2018/12/31,2
300447,2018/12/31,1
300471,2018/12/31,1
300472,2018/12/31,1
300484,2018/12/31,1
300495,2018/12/31,1
300521,2018/12/31,2
300014,2018/12/31,1
300532,2018/12/31,2
300533,2018/12/31,1
300563,2018/12/31,2
300565,2018/12/31,1
300567,2018/12/31,2
300587,2018/12/31,2
300611,2018/12/31,2
300626,2018/12/31,1
300631,2018/12/31,2
300650,2018/12/31,1
300662,2018/12/31,2
300665,2018/12/31,1
300689,2018/12/31,1
300701,2018/12/31,2
300712,2018/12/31,1
300716,2018/12/31,2
300727,2018/12/31,1
300729,2018/12/31,1
300736,2018/12/31,1
300760,2018/12/31,2
300585,2018/12/31,2
300102,2018/12/31,2
300339,2018/12/31,2
300721,2018/12/31,1
300497,2018/12/31,2
300334,2018/12/31,2
300677,2018/12/31,2
300413,2018/12/31,2
300163,2018/12/31,2
300034,2018/12/31,2
300296,2018/12/31,1
300589,2018/12/31,1
300112,2018/12/31,2
300264,2018/12/31,2
300299,2018/12/31,1
300582,2018/12/31,2
300238,2018/12/31,2
300157,2018/12/31,
300120,2018/12/31,2
300634,2018/12/31,2
