Stkcd,Reptdt,Num_of_meet
300108,2013/12/31,9
300181,2013/12/31,4
300044,2013/12/31,11
300267,2013/12/31,13
300228,2013/12/31,11
300286,2013/12/31,11
300263,2013/12/31,10
300054,2013/12/31,5
300032,2013/12/31,5
300074,2013/12/31,6
300213,2013/12/31,5
300165,2013/12/31,6
300062,2013/12/31,10
300169,2013/12/31,9
300144,2013/12/31,12
300010,2013/12/31,18
300011,2013/12/31,9
300014,2013/12/31,9
300039,2013/12/31,4
300113,2013/12/31,7
300143,2013/12/31,12
300146,2013/12/31,12
300148,2013/12/31,7
300174,2013/12/31,9
300278,2013/12/31,12
300294,2013/12/31,13
300050,2013/12/31,8
300358,2013/12/31,8
300052,2013/12/31,10
300360,2013/12/31,7
300046,2013/12/31,5
300184,2013/12/31,8
300019,2013/12/31,9
300085,2013/12/31,9
300140,2013/12/31,8
300253,2013/12/31,6
300084,2013/12/31,7
300127,2013/12/31,7
300172,2013/12/31,6
300190,2013/12/31,12
300227,2013/12/31,9
300292,2013/12/31,12
300295,2013/12/31,8
300298,2013/12/31,12
300095,2013/12/31,10
300110,2013/12/31,11
300159,2013/12/31,5
300349,2013/12/31,11
300035,2013/12/31,5
300124,2013/12/31,9
300247,2013/12/31,7
300017,2013/12/31,8
300119,2013/12/31,8
300233,2013/12/31,6
300342,2013/12/31,7
300002,2013/12/31,20
300068,2013/12/31,8
300145,2013/12/31,9
300284,2013/12/31,11
300238,2013/12/31,9
300341,2013/12/31,9
300347,2013/12/31,11
300030,2013/12/31,8
300116,2013/12/31,9
300177,2013/12/31,11
300231,2013/12/31,7
300383,2013/12/31,5
300008,2013/12/31,7
300126,2013/12/31,5
300199,2013/12/31,5
300237,2013/12/31,7
300274,2013/12/31,11
300334,2013/12/31,7
300336,2013/12/31,6
300225,2013/12/31,7
300241,2013/12/31,13
300304,2013/12/31,9
300015,2013/12/31,14
300101,2013/12/31,8
300104,2013/12/31,24
300210,2013/12/31,9
300216,2013/12/31,13
300289,2013/12/31,5
300303,2013/12/31,6
300003,2013/12/31,8
300037,2013/12/31,7
300042,2013/12/31,6
300047,2013/12/31,7
300092,2013/12/31,7
300103,2013/12/31,8
300112,2013/12/31,6
300125,2013/12/31,8
300138,2013/12/31,10
300154,2013/12/31,7
300212,2013/12/31,10
300218,2013/12/31,9
300221,2013/12/31,9
300224,2013/12/31,5
300249,2013/12/31,11
300254,2013/12/31,9
300275,2013/12/31,10
300339,2013/12/31,11
300354,2013/12/31,5
300363,2013/12/31,6
300001,2013/12/31,7
300006,2013/12/31,15
300009,2013/12/31,8
300041,2013/12/31,6
300067,2013/12/31,8
300072,2013/12/31,13
300078,2013/12/31,9
300105,2013/12/31,7
300114,2013/12/31,9
300115,2013/12/31,6
300251,2013/12/31,6
300301,2013/12/31,11
300306,2013/12/31,11
300320,2013/12/31,5
300321,2013/12/31,9
300371,2013/12/31,10
300027,2013/12/31,18
300071,2013/12/31,16
300097,2013/12/31,13
300121,2013/12/31,8
300200,2013/12/31,6
300264,2013/12/31,4
300296,2013/12/31,11
300379,2013/12/31,7
300043,2013/12/31,13
300070,2013/12/31,17
300088,2013/12/31,9
300091,2013/12/31,8
300099,2013/12/31,9
300117,2013/12/31,24
300120,2013/12/31,8
300134,2013/12/31,8
300152,2013/12/31,12
300188,2013/12/31,9
300194,2013/12/31,7
300222,2013/12/31,11
300229,2013/12/31,8
300250,2013/12/31,7
300256,2013/12/31,12
300259,2013/12/31,8
300261,2013/12/31,10
300310,2013/12/31,7
300319,2013/12/31,10
300338,2013/12/31,8
300348,2013/12/31,5
300375,2013/12/31,5
300007,2013/12/31,8
300018,2013/12/31,7
300034,2013/12/31,6
300141,2013/12/31,6
300147,2013/12/31,8
300153,2013/12/31,8
300158,2013/12/31,13
300162,2013/12/31,5
300163,2013/12/31,7
300179,2013/12/31,10
300193,2013/12/31,7
300215,2013/12/31,6
300223,2013/12/31,9
300234,2013/12/31,15
300248,2013/12/31,9
300272,2013/12/31,10
300322,2013/12/31,9
300324,2013/12/31,10
300327,2013/12/31,9
300331,2013/12/31,7
300343,2013/12/31,11
300056,2013/12/31,9
300107,2013/12/31,11
300209,2013/12/31,8
300255,2013/12/31,7
300281,2013/12/31,14
300291,2013/12/31,7
300021,2013/12/31,8
300202,2013/12/31,13
300329,2013/12/31,5
300051,2013/12/31,15
300087,2013/12/31,14
300118,2013/12/31,14
300196,2013/12/31,6
300368,2013/12/31,6
300016,2013/12/31,8
300036,2013/12/31,11
300048,2013/12/31,6
300066,2013/12/31,9
300203,2013/12/31,9
300230,2013/12/31,5
300244,2013/12/31,16
300373,2013/12/31,6
300090,2013/12/31,10
300186,2013/12/31,7
300257,2013/12/31,10
300282,2013/12/31,9
300370,2013/12/31,13
300381,2013/12/31,7
300012,2013/12/31,10
300024,2013/12/31,6
300026,2013/12/31,11
300129,2013/12/31,8
300132,2013/12/31,10
300314,2013/12/31,9
300340,2013/12/31,8
300356,2013/12/31,8
300359,2013/12/31,6
300058,2013/12/31,19
300076,2013/12/31,9
300150,2013/12/31,7
300176,2013/12/31,12
300206,2013/12/31,10
300211,2013/12/31,9
300245,2013/12/31,8
300246,2013/12/31,10
300136,2013/12/31,9
300151,2013/12/31,6
300214,2013/12/31,8
300313,2013/12/31,9
300325,2013/12/31,7
300345,2013/12/31,6
300005,2013/12/31,12
300031,2013/12/31,5
300073,2013/12/31,9
300083,2013/12/31,8
300086,2013/12/31,11
300130,2013/12/31,6
300135,2013/12/31,9
300195,2013/12/31,18
300197,2013/12/31,10
300207,2013/12/31,5
300235,2013/12/31,6
300265,2013/12/31,10
300280,2013/12/31,8
300285,2013/12/31,10
300290,2013/12/31,10
300311,2013/12/31,7
300335,2013/12/31,8
300352,2013/12/31,8
300372,2013/12/31,10
300142,2013/12/31,13
300160,2013/12/31,5
300164,2013/12/31,14
300205,2013/12/31,9
300240,2013/12/31,6
300242,2013/12/31,8
300262,2013/12/31,8
300149,2013/12/31,13
300191,2013/12/31,8
300271,2013/12/31,12
300353,2013/12/31,12
300004,2013/12/31,8
300045,2013/12/31,9
300053,2013/12/31,9
300065,2013/12/31,9
300077,2013/12/31,9
300079,2013/12/31,8
300081,2013/12/31,5
300093,2013/12/31,9
300123,2013/12/31,10
300131,2013/12/31,11
300182,2013/12/31,17
300226,2013/12/31,10
300239,2013/12/31,5
300288,2013/12/31,7
300323,2013/12/31,6
300333,2013/12/31,6
300357,2013/12/31,5
300365,2013/12/31,11
300040,2013/12/31,5
300096,2013/12/31,7
300168,2013/12/31,11
300300,2013/12/31,11
300337,2013/12/31,8
300350,2013/12/31,8
300380,2013/12/31,4
300069,2013/12/31,7
300075,2013/12/31,11
300082,2013/12/31,9
300098,2013/12/31,13
300100,2013/12/31,10
300102,2013/12/31,6
300173,2013/12/31,8
300198,2013/12/31,11
300201,2013/12/31,8
300232,2013/12/31,14
300236,2013/12/31,9
300305,2013/12/31,7
300307,2013/12/31,11
300317,2013/12/31,15
300318,2013/12/31,6
300366,2013/12/31,8
300376,2013/12/31,6
300382,2013/12/31,6
300063,2013/12/31,12
300080,2013/12/31,15
300106,2013/12/31,7
300133,2013/12/31,14
300180,2013/12/31,4
300185,2013/12/31,14
300258,2013/12/31,7
300273,2013/12/31,19
300283,2013/12/31,5
300302,2013/12/31,7
300316,2013/12/31,6
300328,2013/12/31,15
300330,2013/12/31,13
300362,2013/12/31,12
300013,2013/12/31,11
300038,2013/12/31,11
300055,2013/12/31,7
300089,2013/12/31,5
300155,2013/12/31,14
300170,2013/12/31,10
300192,2013/12/31,6
300220,2013/12/31,8
300243,2013/12/31,8
300252,2013/12/31,9
300287,2013/12/31,6
300299,2013/12/31,12
300326,2013/12/31,12
300346,2013/12/31,8
300020,2013/12/31,11
300025,2013/12/31,13
300028,2013/12/31,11
300049,2013/12/31,4
300057,2013/12/31,9
300061,2013/12/31,9
300094,2013/12/31,12
300109,2013/12/31,5
300111,2013/12/31,8
300122,2013/12/31,11
300128,2013/12/31,14
300137,2013/12/31,8
300139,2013/12/31,5
300157,2013/12/31,14
300161,2013/12/31,8
300166,2013/12/31,10
300171,2013/12/31,7
300175,2013/12/31,7
300178,2013/12/31,7
300183,2013/12/31,7
300187,2013/12/31,7
300189,2013/12/31,7
300208,2013/12/31,12
300217,2013/12/31,9
300219,2013/12/31,8
300260,2013/12/31,8
300266,2013/12/31,9
300268,2013/12/31,12
300270,2013/12/31,5
300276,2013/12/31,7
300279,2013/12/31,7
300297,2013/12/31,9
300308,2013/12/31,9
300312,2013/12/31,13
300315,2013/12/31,17
300332,2013/12/31,15
300344,2013/12/31,9
300351,2013/12/31,6
300377,2013/12/31,7
300293,2013/12/31,9
300369,2013/12/31,7
300378,2013/12/31,9
300022,2013/12/31,6
300156,2013/12/31,10
300167,2013/12/31,9
300269,2013/12/31,8
300277,2013/12/31,11
300355,2013/12/31,9
300204,2013/12/31,6
300358,2014/12/31,8
300208,2014/12/31,12
300278,2014/12/31,15
300056,2014/12/31,8
300011,2014/12/31,9
300196,2014/12/31,7
300131,2014/12/31,9
300286,2014/12/31,9
300390,2014/12/31,9
300198,2014/12/31,10
300239,2014/12/31,8
300294,2014/12/31,10
300317,2014/12/31,13
300357,2014/12/31,9
300193,2014/12/31,6
300238,2014/12/31,8
300242,2014/12/31,11
300241,2014/12/31,9
300248,2014/12/31,8
300335,2014/12/31,12
300030,2014/12/31,9
300353,2014/12/31,8
300256,2014/12/31,12
300204,2014/12/31,4
300125,2014/12/31,8
300179,2014/12/31,7
300363,2014/12/31,12
300299,2014/12/31,10
300144,2014/12/31,12
300146,2014/12/31,14
300201,2014/12/31,9
300226,2014/12/31,12
300253,2014/12/31,11
300009,2014/12/31,9
300267,2014/12/31,21
300328,2014/12/31,9
300351,2014/12/31,8
300134,2014/12/31,9
300140,2014/12/31,10
300054,2014/12/31,7
300055,2014/12/31,12
300139,2014/12/31,9
300289,2014/12/31,14
300141,2014/12/31,8
300227,2014/12/31,8
300156,2014/12/31,22
300127,2014/12/31,4
300322,2014/12/31,13
300365,2014/12/31,10
300295,2014/12/31,11
300345,2014/12/31,7
300379,2014/12/31,11
300121,2014/12/31,5
300199,2014/12/31,6
300221,2014/12/31,12
300237,2014/12/31,9
300316,2014/12/31,8
300406,2014/12/31,8
300165,2014/12/31,5
300184,2014/12/31,10
300067,2014/12/31,8
300209,2014/12/31,9
300247,2014/12/31,6
300017,2014/12/31,10
300072,2014/12/31,10
300111,2014/12/31,6
300190,2014/12/31,6
300303,2014/12/31,6
300305,2014/12/31,5
300380,2014/12/31,9
300172,2014/12/31,5
300216,2014/12/31,10
300244,2014/12/31,16
300281,2014/12/31,12
300298,2014/12/31,13
300324,2014/12/31,15
300341,2014/12/31,8
300343,2014/12/31,15
300395,2014/12/31,6
300003,2014/12/31,8
300074,2014/12/31,7
300133,2014/12/31,12
300195,2014/12/31,11
300225,2014/12/31,6
300323,2014/12/31,11
300398,2014/12/31,14
300046,2014/12/31,6
300078,2014/12/31,10
300105,2014/12/31,5
300006,2014/12/31,13
300025,2014/12/31,11
300031,2014/12/31,7
300043,2014/12/31,13
300058,2014/12/31,33
300124,2014/12/31,9
300164,2014/12/31,12
300178,2014/12/31,15
300288,2014/12/31,8
300349,2014/12/31,8
300019,2014/12/31,7
300095,2014/12/31,10
300142,2014/12/31,8
300396,2014/12/31,12
300419,2014/12/31,9
300037,2014/12/31,9
300068,2014/12/31,11
300073,2014/12/31,11
300101,2014/12/31,8
300138,2014/12/31,6
300154,2014/12/31,6
300166,2014/12/31,8
300231,2014/12/31,10
300249,2014/12/31,7
300254,2014/12/31,10
300255,2014/12/31,5
300272,2014/12/31,12
300275,2014/12/31,10
300284,2014/12/31,14
300370,2014/12/31,9
300421,2014/12/31,5
300212,2014/12/31,13
300283,2014/12/31,6
300403,2014/12/31,9
300412,2014/12/31,3
300039,2014/12/31,10
300271,2014/12/31,13
300296,2014/12/31,9
300304,2014/12/31,6
300310,2014/12/31,12
300332,2014/12/31,15
300339,2014/12/31,14
300384,2014/12/31,13
300027,2014/12/31,23
300032,2014/12/31,8
300047,2014/12/31,4
300048,2014/12/31,10
300066,2014/12/31,8
300071,2014/12/31,9
300081,2014/12/31,10
300090,2014/12/31,11
300113,2014/12/31,11
300114,2014/12/31,10
300180,2014/12/31,9
300181,2014/12/31,12
300188,2014/12/31,6
300200,2014/12/31,4
300207,2014/12/31,12
300210,2014/12/31,11
300218,2014/12/31,6
300222,2014/12/31,6
300264,2014/12/31,6
300293,2014/12/31,10
300334,2014/12/31,14
300392,2014/12/31,7
300393,2014/12/31,10
300092,2014/12/31,7
300420,2014/12/31,6
300007,2014/12/31,8
300008,2014/12/31,12
300038,2014/12/31,11
300126,2014/12/31,10
300163,2014/12/31,12
300194,2014/12/31,9
300223,2014/12/31,4
300250,2014/12/31,10
300259,2014/12/31,8
300290,2014/12/31,9
300306,2014/12/31,4
300313,2014/12/31,11
300338,2014/12/31,7
300360,2014/12/31,9
300378,2014/12/31,7
300401,2014/12/31,6
300015,2014/12/31,17
300016,2014/12/31,8
300026,2014/12/31,13
300036,2014/12/31,8
300042,2014/12/31,9
300044,2014/12/31,18
300080,2014/12/31,10
300082,2014/12/31,9
300091,2014/12/31,12
300103,2014/12/31,11
300104,2014/12/31,22
300109,2014/12/31,8
300115,2014/12/31,12
300120,2014/12/31,9
300130,2014/12/31,11
300215,2014/12/31,5
300234,2014/12/31,6
300252,2014/12/31,8
300287,2014/12/31,10
300325,2014/12/31,6
300327,2014/12/31,4
300354,2014/12/31,6
300375,2014/12/31,11
300400,2014/12/31,8
300098,2014/12/31,11
300168,2014/12/31,18
300232,2014/12/31,11
300269,2014/12/31,11
300108,2014/12/31,10
300174,2014/12/31,7
300265,2014/12/31,8
300376,2014/12/31,12
300399,2014/12/31,8
300028,2014/12/31,8
300050,2014/12/31,7
300150,2014/12/31,10
300159,2014/12/31,8
300233,2014/12/31,11
300371,2014/12/31,5
300388,2014/12/31,16
300118,2014/12/31,10
300292,2014/12/31,13
300112,2014/12/31,7
300145,2014/12/31,8
300213,2014/12/31,8
300224,2014/12/31,9
300301,2014/12/31,9
300001,2014/12/31,7
300116,2014/12/31,18
300321,2014/12/31,10
300342,2014/12/31,8
300382,2014/12/31,8
300389,2014/12/31,9
300415,2014/12/31,8
300077,2014/12/31,9
300106,2014/12/31,9
300119,2014/12/31,7
300205,2014/12/31,6
300240,2014/12/31,4
300010,2014/12/31,22
300012,2014/12/31,10
300024,2014/12/31,8
300051,2014/12/31,12
300085,2014/12/31,11
300087,2014/12/31,11
300148,2014/12/31,9
300170,2014/12/31,18
300203,2014/12/31,10
300211,2014/12/31,5
300245,2014/12/31,9
300246,2014/12/31,8
300279,2014/12/31,9
300291,2014/12/31,15
300314,2014/12/31,5
300329,2014/12/31,8
300359,2014/12/31,8
300416,2014/12/31,6
300034,2014/12/31,12
300261,2014/12/31,8
300312,2014/12/31,10
300347,2014/12/31,14
300425,2014/12/31,10
300089,2014/12/31,9
300107,2014/12/31,10
300407,2014/12/31,9
300005,2014/12/31,10
300057,2014/12/31,8
300153,2014/12/31,9
300185,2014/12/31,11
300214,2014/12/31,6
300274,2014/12/31,7
300319,2014/12/31,8
300331,2014/12/31,7
300405,2014/12/31,8
300065,2014/12/31,9
300132,2014/12/31,12
300136,2014/12/31,6
300158,2014/12/31,10
300189,2014/12/31,4
300243,2014/12/31,6
300251,2014/12/31,15
300262,2014/12/31,7
300040,2014/12/31,5
300062,2014/12/31,6
300149,2014/12/31,11
300160,2014/12/31,6
300206,2014/12/31,8
300300,2014/12/31,14
300340,2014/12/31,8
300391,2014/12/31,9
300413,2014/12/31,9
300202,2014/12/31,10
300235,2014/12/31,4
300408,2014/12/31,12
300021,2014/12/31,8
300084,2014/12/31,12
300088,2014/12/31,14
300110,2014/12/31,8
300129,2014/12/31,9
300135,2014/12/31,8
300173,2014/12/31,8
300177,2014/12/31,9
300258,2014/12/31,5
300315,2014/12/31,22
300350,2014/12/31,8
300368,2014/12/31,10
300022,2014/12/31,11
300045,2014/12/31,10
300069,2014/12/31,5
300083,2014/12/31,11
300086,2014/12/31,8
300093,2014/12/31,9
300096,2014/12/31,7
300100,2014/12/31,16
300122,2014/12/31,7
300161,2014/12/31,8
300197,2014/12/31,12
300260,2014/12/31,7
300276,2014/12/31,8
300280,2014/12/31,8
300285,2014/12/31,12
300302,2014/12/31,6
300318,2014/12/31,10
300336,2014/12/31,8
300383,2014/12/31,9
300417,2014/12/31,5
300435,2014/12/31,5
300409,2014/12/31,7
300052,2014/12/31,15
300075,2014/12/31,11
300079,2014/12/31,11
300097,2014/12/31,7
300147,2014/12/31,8
300167,2014/12/31,9
300175,2014/12/31,4
300257,2014/12/31,5
300311,2014/12/31,12
300330,2014/12/31,12
300333,2014/12/31,7
300346,2014/12/31,8
300356,2014/12/31,8
300014,2014/12/31,12
300018,2014/12/31,8
300128,2014/12/31,9
300169,2014/12/31,15
300364,2014/12/31,9
300373,2014/12/31,9
300381,2014/12/31,10
300410,2014/12/31,4
300418,2014/12/31,6
300348,2014/12/31,11
300004,2014/12/31,11
300013,2014/12/31,13
300020,2014/12/31,8
300041,2014/12/31,10
300053,2014/12/31,11
300061,2014/12/31,11
300076,2014/12/31,11
300099,2014/12/31,8
300117,2014/12/31,13
300143,2014/12/31,13
300152,2014/12/31,9
300162,2014/12/31,6
300176,2014/12/31,10
300183,2014/12/31,8
300191,2014/12/31,7
300192,2014/12/31,5
300220,2014/12/31,8
300229,2014/12/31,10
300236,2014/12/31,7
300268,2014/12/31,13
300277,2014/12/31,9
300297,2014/12/31,10
300326,2014/12/31,8
300352,2014/12/31,8
300355,2014/12/31,5
300387,2014/12/31,6
300402,2014/12/31,6
300411,2014/12/31,8
300385,2014/12/31,12
300123,2014/12/31,11
300429,2014/12/31,5
300397,2014/12/31,11
300002,2014/12/31,23
300035,2014/12/31,8
300049,2014/12/31,11
300063,2014/12/31,11
300070,2014/12/31,22
300137,2014/12/31,10
300151,2014/12/31,7
300155,2014/12/31,10
300157,2014/12/31,13
300171,2014/12/31,11
300182,2014/12/31,13
300187,2014/12/31,11
300217,2014/12/31,4
300219,2014/12/31,12
300228,2014/12/31,15
300230,2014/12/31,8
300263,2014/12/31,8
300266,2014/12/31,10
300270,2014/12/31,8
300273,2014/12/31,14
300307,2014/12/31,10
300308,2014/12/31,7
300320,2014/12/31,7
300337,2014/12/31,8
300344,2014/12/31,7
300362,2014/12/31,14
300366,2014/12/31,10
300369,2014/12/31,14
300372,2014/12/31,9
300374,2014/12/31,7
300377,2014/12/31,5
300386,2014/12/31,9
300102,2014/12/31,9
300186,2014/12/31,7
300282,2014/12/31,10
300094,2014/12/31,8
300401,2015/12/31,5
300301,2015/12/31,11
300351,2015/12/31,7
300298,2015/12/31,10
300125,2015/12/31,8
300131,2015/12/31,10
300227,2015/12/31,9
300450,2015/12/31,7
300376,2015/12/31,12
300437,2015/12/31,7
300349,2015/12/31,10
300054,2015/12/31,11
300118,2015/12/31,13
300161,2015/12/31,9
300271,2015/12/31,14
300324,2015/12/31,15
300132,2015/12/31,11
300363,2015/12/31,16
300443,2015/12/31,7
300140,2015/12/31,10
300278,2015/12/31,13
300453,2015/12/31,7
300121,2015/12/31,10
300175,2015/12/31,6
300233,2015/12/31,12
300095,2015/12/31,10
300336,2015/12/31,3
300162,2015/12/31,8
300193,2015/12/31,9
300228,2015/12/31,13
300243,2015/12/31,13
300146,2015/12/31,10
300259,2015/12/31,10
300331,2015/12/31,5
300191,2015/12/31,9
300014,2015/12/31,14
300144,2015/12/31,14
300122,2015/12/31,10
300204,2015/12/31,9
300077,2015/12/31,11
300203,2015/12/31,14
300009,2015/12/31,8
300441,2015/12/31,9
300432,2015/12/31,9
300485,2015/12/31,6
300283,2015/12/31,5
300163,2015/12/31,14
300148,2015/12/31,11
300335,2015/12/31,15
300314,2015/12/31,6
300105,2015/12/31,5
300238,2015/12/31,5
300024,2015/12/31,8
300316,2015/12/31,11
300414,2015/12/31,9
300245,2015/12/31,9
300430,2015/12/31,7
300111,2015/12/31,10
300457,2015/12/31,11
300116,2015/12/31,14
300322,2015/12/31,17
300360,2015/12/31,14
300421,2015/12/31,10
300073,2015/12/31,13
300383,2015/12/31,10
300408,2015/12/31,13
300244,2015/12/31,27
300068,2015/12/31,15
300087,2015/12/31,17
300375,2015/12/31,13
300172,2015/12/31,6
300072,2015/12/31,12
300176,2015/12/31,12
300216,2015/12/31,15
300403,2015/12/31,9
300080,2015/12/31,13
300143,2015/12/31,11
300428,2015/12/31,6
300025,2015/12/31,13
300225,2015/12/31,6
300458,2015/12/31,9
300422,2015/12/31,17
300393,2015/12/31,12
300149,2015/12/31,9
300398,2015/12/31,8
300104,2015/12/31,29
300120,2015/12/31,7
300365,2015/12/31,13
300215,2015/12/31,8
300296,2015/12/31,14
300488,2015/12/31,4
300472,2015/12/31,5
300019,2015/12/31,8
300045,2015/12/31,13
300184,2015/12/31,12
300255,2015/12/31,8
300017,2015/12/31,16
300036,2015/12/31,9
300037,2015/12/31,5
300101,2015/12/31,10
300213,2015/12/31,7
300222,2015/12/31,12
300249,2015/12/31,10
300256,2015/12/31,11
300491,2015/12/31,4
300466,2015/12/31,9
300034,2015/12/31,9
300056,2015/12/31,12
300368,2015/12/31,9
300026,2015/12/31,8
300410,2015/12/31,13
300247,2015/12/31,8
300114,2015/12/31,6
300081,2015/12/31,9
300027,2015/12/31,17
300262,2015/12/31,10
300052,2015/12/31,9
300066,2015/12/31,13
300067,2015/12/31,10
300092,2015/12/31,6
300117,2015/12/31,17
300139,2015/12/31,8
300150,2015/12/31,13
300207,2015/12/31,9
300209,2015/12/31,15
300210,2015/12/31,14
300237,2015/12/31,13
300293,2015/12/31,6
300320,2015/12/31,6
300339,2015/12/31,15
300392,2015/12/31,6
300455,2015/12/31,6
300476,2015/12/31,13
300200,2015/12/31,5
300218,2015/12/31,4
300289,2015/12/31,15
300378,2015/12/31,6
300373,2015/12/31,17
300436,2015/12/31,8
300495,2015/12/31,6
300475,2015/12/31,5
300451,2015/12/31,7
300008,2015/12/31,8
300127,2015/12/31,5
300147,2015/12/31,6
300160,2015/12/31,10
300190,2015/12/31,13
300208,2015/12/31,12
300253,2015/12/31,11
300286,2015/12/31,8
300482,2015/12/31,8
300354,2015/12/31,7
300015,2015/12/31,18
300223,2015/12/31,7
300307,2015/12/31,11
300230,2015/12/31,9
300480,2015/12/31,8
300416,2015/12/31,5
300044,2015/12/31,13
300291,2015/12/31,11
300103,2015/12/31,4
300089,2015/12/31,10
300328,2015/12/31,10
300138,2015/12/31,9
300284,2015/12/31,10
300134,2015/12/31,11
300007,2015/12/31,10
300039,2015/12/31,9
300071,2015/12/31,15
300093,2015/12/31,13
300099,2015/12/31,9
300115,2015/12/31,16
300177,2015/12/31,18
300229,2015/12/31,9
300231,2015/12/31,9
300290,2015/12/31,9
300338,2015/12/31,5
300382,2015/12/31,11
300386,2015/12/31,6
300390,2015/12/31,10
300412,2015/12/31,10
300481,2015/12/31,7
300469,2015/12/31,6
300018,2015/12/31,8
300047,2015/12/31,8
300057,2015/12/31,10
300419,2015/12/31,15
300145,2015/12/31,9
300062,2015/12/31,10
300317,2015/12/31,22
300214,2015/12/31,7
300090,2015/12/31,14
300277,2015/12/31,14
300406,2015/12/31,8
300425,2015/12/31,13
300217,2015/12/31,5
300327,2015/12/31,10
300133,2015/12/31,13
300221,2015/12/31,9
300003,2015/12/31,13
300239,2015/12/31,9
300065,2015/12/31,12
300078,2015/12/31,15
300299,2015/12/31,16
300442,2015/12/31,10
300479,2015/12/31,7
300050,2015/12/31,10
300371,2015/12/31,10
300074,2015/12/31,12
300051,2015/12/31,11
300076,2015/12/31,9
300306,2015/12/31,10
300069,2015/12/31,5
300107,2015/12/31,7
300112,2015/12/31,11
300049,2015/12/31,7
300174,2015/12/31,13
300235,2015/12/31,10
300257,2015/12/31,10
300267,2015/12/31,13
300041,2015/12/31,12
300187,2015/12/31,11
300420,2015/12/31,10
300424,2015/12/31,11
300415,2015/12/31,6
300195,2015/12/31,12
300357,2015/12/31,5
300181,2015/12/31,11
300242,2015/12/31,17
300212,2015/12/31,14
300294,2015/12/31,9
300490,2015/12/31,3
300046,2015/12/31,6
300097,2015/12/31,9
300389,2015/12/31,11
300473,2015/12/31,7
300011,2015/12/31,9
300325,2015/12/31,11
300396,2015/12/31,12
300303,2015/12/31,11
300136,2015/12/31,5
300156,2015/12/31,13
300426,2015/12/31,12
300418,2015/12/31,17
300031,2015/12/31,10
300085,2015/12/31,9
300124,2015/12/31,9
300211,2015/12/31,4
300240,2015/12/31,5
300251,2015/12/31,8
300334,2015/12/31,9
300341,2015/12/31,12
300359,2015/12/31,15
300394,2015/12/31,6
300400,2015/12/31,5
300434,2015/12/31,6
300012,2015/12/31,7
300084,2015/12/31,9
300100,2015/12/31,10
300126,2015/12/31,7
300205,2015/12/31,8
300330,2015/12/31,7
300358,2015/12/31,10
300438,2015/12/31,6
300021,2015/12/31,10
300058,2015/12/31,32
300356,2015/12/31,9
300470,2015/12/31,4
300435,2015/12/31,7
300070,2015/12/31,24
300088,2015/12/31,8
300096,2015/12/31,15
300202,2015/12/31,9
300224,2015/12/31,8
300282,2015/12/31,11
300295,2015/12/31,12
300340,2015/12/31,8
300348,2015/12/31,14
300387,2015/12/31,12
300500,2015/12/31,4
300427,2015/12/31,12
300448,2015/12/31,11
300493,2015/12/31,7
300098,2015/12/31,14
300110,2015/12/31,9
300196,2015/12/31,5
300241,2015/12/31,9
300344,2015/12/31,7
300347,2015/12/31,14
300380,2015/12/31,7
300391,2015/12/31,6
300498,2015/12/31,10
300477,2015/12/31,14
300010,2015/12/31,23
300020,2015/12/31,15
300032,2015/12/31,12
300086,2015/12/31,11
300159,2015/12/31,9
300197,2015/12/31,16
300219,2015/12/31,9
300254,2015/12/31,15
300269,2015/12/31,14
300285,2015/12/31,15
300311,2015/12/31,11
300319,2015/12/31,13
300352,2015/12/31,12
300384,2015/12/31,8
300395,2015/12/31,10
300484,2015/12/31,6
300431,2015/12/31,15
300449,2015/12/31,8
300075,2015/12/31,13
300079,2015/12/31,10
300130,2015/12/31,15
300171,2015/12/31,8
300236,2015/12/31,6
300246,2015/12/31,10
300250,2015/12/31,16
300258,2015/12/31,3
300261,2015/12/31,7
300263,2015/12/31,10
300281,2015/12/31,8
300312,2015/12/31,10
300313,2015/12/31,16
300346,2015/12/31,4
300423,2015/12/31,6
300040,2015/12/31,10
300315,2015/12/31,19
300494,2015/12/31,5
300501,2015/12/31,8
300042,2015/12/31,8
300061,2015/12/31,12
300108,2015/12/31,8
300113,2015/12/31,9
300129,2015/12/31,14
300153,2015/12/31,7
300164,2015/12/31,14
300165,2015/12/31,8
300185,2015/12/31,11
300198,2015/12/31,10
300234,2015/12/31,9
300276,2015/12/31,5
300304,2015/12/31,8
300332,2015/12/31,12
300333,2015/12/31,6
300381,2015/12/31,13
300397,2015/12/31,10
300411,2015/12/31,9
300417,2015/12/31,5
300460,2015/12/31,6
300452,2015/12/31,10
300489,2015/12/31,7
300083,2015/12/31,10
300141,2015/12/31,7
300167,2015/12/31,9
300170,2015/12/31,16
300188,2015/12/31,15
300192,2015/12/31,6
300353,2015/12/31,13
300355,2015/12/31,6
300370,2015/12/31,19
300377,2015/12/31,7
300388,2015/12/31,18
300402,2015/12/31,6
300440,2015/12/31,9
300444,2015/12/31,13
300462,2015/12/31,7
300465,2015/12/31,10
300496,2015/12/31,7
300487,2015/12/31,7
300486,2015/12/31,9
300006,2015/12/31,19
300035,2015/12/31,5
300038,2015/12/31,11
300043,2015/12/31,13
300053,2015/12/31,7
300106,2015/12/31,8
300119,2015/12/31,11
300128,2015/12/31,11
300151,2015/12/31,6
300166,2015/12/31,18
300173,2015/12/31,8
300182,2015/12/31,19
300232,2015/12/31,14
300248,2015/12/31,12
300265,2015/12/31,6
300268,2015/12/31,10
300308,2015/12/31,9
300310,2015/12/31,10
300350,2015/12/31,6
300366,2015/12/31,8
300369,2015/12/31,17
300374,2015/12/31,8
300413,2015/12/31,11
300468,2015/12/31,9
300492,2015/12/31,9
300506,2015/12/31,6
300433,2015/12/31,10
300467,2015/12/31,11
300001,2015/12/31,17
300002,2015/12/31,27
300004,2015/12/31,6
300005,2015/12/31,13
300022,2015/12/31,18
300030,2015/12/31,12
300048,2015/12/31,12
300063,2015/12/31,12
300091,2015/12/31,6
300094,2015/12/31,4
300102,2015/12/31,11
300109,2015/12/31,9
300123,2015/12/31,11
300137,2015/12/31,5
300152,2015/12/31,10
300154,2015/12/31,9
300155,2015/12/31,7
300157,2015/12/31,16
300158,2015/12/31,12
300168,2015/12/31,18
300169,2015/12/31,14
300178,2015/12/31,18
300180,2015/12/31,8
300183,2015/12/31,8
300189,2015/12/31,10
300194,2015/12/31,13
300201,2015/12/31,14
300206,2015/12/31,7
300220,2015/12/31,11
300226,2015/12/31,16
300252,2015/12/31,14
300260,2015/12/31,5
300264,2015/12/31,7
300266,2015/12/31,11
300272,2015/12/31,10
300273,2015/12/31,19
300275,2015/12/31,12
300279,2015/12/31,13
300280,2015/12/31,7
300288,2015/12/31,6
300292,2015/12/31,11
300297,2015/12/31,13
300302,2015/12/31,9
300305,2015/12/31,9
300321,2015/12/31,7
300323,2015/12/31,11
300329,2015/12/31,6
300337,2015/12/31,5
300345,2015/12/31,11
300362,2015/12/31,18
300364,2015/12/31,17
300372,2015/12/31,13
300379,2015/12/31,9
300385,2015/12/31,8
300399,2015/12/31,11
300405,2015/12/31,8
300407,2015/12/31,7
300409,2015/12/31,8
300459,2015/12/31,12
300464,2015/12/31,10
300483,2015/12/31,5
300497,2015/12/31,7
300499,2015/12/31,5
300463,2015/12/31,10
300445,2015/12/31,7
300456,2015/12/31,12
300478,2015/12/31,8
300471,2015/12/31,12
300404,2015/12/31,9
300447,2015/12/31,10
300055,2015/12/31,14
300082,2015/12/31,7
300179,2015/12/31,13
300270,2015/12/31,5
300274,2015/12/31,11
300326,2015/12/31,12
300342,2015/12/31,7
300461,2015/12/31,6
300199,2015/12/31,11
300300,2015/12/31,20
300439,2015/12/31,11
300016,2015/12/31,9
300287,2015/12/31,15
300343,2015/12/31,16
300429,2015/12/31,10
300013,2015/12/31,10
300028,2015/12/31,17
300135,2015/12/31,10
300142,2015/12/31,14
300318,2015/12/31,11
300561,2016/12/31,4
300401,2016/12/31,8
300304,2016/12/31,9
300411,2016/12/31,10
300385,2016/12/31,10
300131,2016/12/31,9
300184,2016/12/31,10
300264,2016/12/31,6
300391,2016/12/31,6
300398,2016/12/31,12
300409,2016/12/31,10
300046,2016/12/31,10
300510,2016/12/31,8
300121,2016/12/31,10
300286,2016/12/31,9
300363,2016/12/31,14
300416,2016/12/31,7
300095,2016/12/31,9
300453,2016/12/31,7
300568,2016/12/31,9
300238,2016/12/31,10
300323,2016/12/31,17
300487,2016/12/31,6
300014,2016/12/31,15
300016,2016/12/31,7
300039,2016/12/31,6
300102,2016/12/31,8
300111,2016/12/31,14
300144,2016/12/31,14
300146,2016/12/31,10
300586,2016/12/31,5
300376,2016/12/31,15
300557,2016/12/31,4
300365,2016/12/31,18
300562,2016/12/31,5
300128,2016/12/31,10
300420,2016/12/31,8
300149,2016/12/31,8
300050,2016/12/31,10
300116,2016/12/31,14
300169,2016/12/31,10
300444,2016/12/31,12
300447,2016/12/31,17
300305,2016/12/31,5
300423,2016/12/31,9
300482,2016/12/31,8
300501,2016/12/31,7
300450,2016/12/31,11
300024,2016/12/31,8
300207,2016/12/31,12
300221,2016/12/31,10
300386,2016/12/31,9
300476,2016/12/31,10
300493,2016/12/31,7
300595,2016/12/31,6
300422,2016/12/31,19
300068,2016/12/31,8
300598,2016/12/31,6
300472,2016/12/31,9
300017,2016/12/31,10
300073,2016/12/31,9
300114,2016/12/31,4
300122,2016/12/31,9
300172,2016/12/31,7
300511,2016/12/31,9
300520,2016/12/31,11
300069,2016/12/31,10
300285,2016/12/31,15
300310,2016/12/31,16
300334,2016/12/31,11
300419,2016/12/31,11
300457,2016/12/31,11
300066,2016/12/31,9
300072,2016/12/31,13
300213,2016/12/31,9
300271,2016/12/31,19
300609,2016/12/31,5
300518,2016/12/31,8
300018,2016/12/31,6
300031,2016/12/31,9
300080,2016/12/31,12
300328,2016/12/31,14
300375,2016/12/31,7
300403,2016/12/31,5
300374,2016/12/31,17
300394,2016/12/31,10
300125,2016/12/31,10
300204,2016/12/31,12
300224,2016/12/31,12
300234,2016/12/31,10
300276,2016/12/31,9
300371,2016/12/31,6
300383,2016/12/31,10
300395,2016/12/31,6
300436,2016/12/31,14
300496,2016/12/31,11
300559,2016/12/31,5
300611,2016/12/31,8
300563,2016/12/31,7
300507,2016/12/31,8
300067,2016/12/31,10
300110,2016/12/31,10
300181,2016/12/31,10
300269,2016/12/31,14
300449,2016/12/31,12
300491,2016/12/31,10
300034,2016/12/31,6
300052,2016/12/31,10
300101,2016/12/31,11
300105,2016/12/31,6
300179,2016/12/31,8
300288,2016/12/31,9
300294,2016/12/31,8
300427,2016/12/31,8
300534,2016/12/31,6
300225,2016/12/31,9
300036,2016/12/31,11
300108,2016/12/31,7
300115,2016/12/31,12
300317,2016/12/31,19
300342,2016/12/31,7
300434,2016/12/31,12
300452,2016/12/31,5
300480,2016/12/31,9
300113,2016/12/31,11
300026,2016/12/31,12
300027,2016/12/31,26
300037,2016/12/31,7
300044,2016/12/31,15
300086,2016/12/31,11
300103,2016/12/31,5
300159,2016/12/31,7
300188,2016/12/31,6
300215,2016/12/31,8
300235,2016/12/31,17
300244,2016/12/31,32
300296,2016/12/31,20
300335,2016/12/31,10
300336,2016/12/31,11
300341,2016/12/31,14
300370,2016/12/31,25
300406,2016/12/31,9
300451,2016/12/31,17
300495,2016/12/31,16
300537,2016/12/31,9
300567,2016/12/31,8
300575,2016/12/31,12
300319,2016/12/31,13
300019,2016/12/31,13
300045,2016/12/31,10
300147,2016/12/31,13
300156,2016/12/31,13
300175,2016/12/31,10
300182,2016/12/31,21
300193,2016/12/31,8
300218,2016/12/31,5
300223,2016/12/31,12
300227,2016/12/31,9
300256,2016/12/31,11
300278,2016/12/31,11
300303,2016/12/31,9
300324,2016/12/31,24
300350,2016/12/31,5
300396,2016/12/31,8
300543,2016/12/31,6
300552,2016/12/31,5
300008,2016/12/31,11
300009,2016/12/31,9
300041,2016/12/31,6
300092,2016/12/31,10
300338,2016/12/31,13
300373,2016/12/31,12
300378,2016/12/31,8
300443,2016/12/31,6
300455,2016/12/31,5
300539,2016/12/31,9
300127,2016/12/31,5
300241,2016/12/31,17
300030,2016/12/31,7
300077,2016/12/31,6
300078,2016/12/31,8
300120,2016/12/31,10
300174,2016/12/31,18
300176,2016/12/31,13
300222,2016/12/31,12
300229,2016/12/31,10
300259,2016/12/31,10
300290,2016/12/31,12
300313,2016/12/31,14
300320,2016/12/31,5
300327,2016/12/31,13
300431,2016/12/31,16
300475,2016/12/31,5
300474,2016/12/31,11
300448,2016/12/31,15
300467,2016/12/31,7
300469,2016/12/31,11
300479,2016/12/31,10
300516,2016/12/31,6
300515,2016/12/31,7
300545,2016/12/31,10
300547,2016/12/31,5
300528,2016/12/31,9
300503,2016/12/31,12
300003,2016/12/31,10
300035,2016/12/31,8
300062,2016/12/31,14
300164,2016/12/31,16
300190,2016/12/31,12
300194,2016/12/31,10
300198,2016/12/31,6
300210,2016/12/31,11
300226,2016/12/31,16
300233,2016/12/31,14
300252,2016/12/31,17
300283,2016/12/31,6
300298,2016/12/31,15
300340,2016/12/31,13
300353,2016/12/31,14
300379,2016/12/31,8
300399,2016/12/31,6
300440,2016/12/31,11
300442,2016/12/31,5
300049,2016/12/31,9
300265,2016/12/31,8
300459,2016/12/31,14
300051,2016/12/31,13
300541,2016/12/31,8
300015,2016/12/31,24
300043,2016/12/31,11
300141,2016/12/31,10
300163,2016/12/31,8
300254,2016/12/31,14
300428,2016/12/31,9
300532,2016/12/31,11
300558,2016/12/31,11
300006,2016/12/31,11
300217,2016/12/31,6
300231,2016/12/31,13
300400,2016/12/31,6
300458,2016/12/31,16
300481,2016/12/31,7
300535,2016/12/31,7
300143,2016/12/31,13
300088,2016/12/31,9
300498,2016/12/31,16
300282,2016/12/31,13
300021,2016/12/31,12
300057,2016/12/31,10
300087,2016/12/31,10
300177,2016/12/31,11
300306,2016/12/31,11
300325,2016/12/31,17
300389,2016/12/31,12
300499,2016/12/31,10
300579,2016/12/31,8
300132,2016/12/31,9
300134,2016/12/31,13
300505,2016/12/31,7
300546,2016/12/31,6
300572,2016/12/31,7
300573,2016/12/31,10
300608,2016/12/31,7
300538,2016/12/31,10
300085,2016/12/31,14
300089,2016/12/31,11
300124,2016/12/31,13
300145,2016/12/31,9
300209,2016/12/31,7
300240,2016/12/31,6
300314,2016/12/31,6
300329,2016/12/31,4
300339,2016/12/31,16
300345,2016/12/31,12
300381,2016/12/31,10
300425,2016/12/31,11
300603,2016/12/31,4
300054,2016/12/31,7
300070,2016/12/31,17
300161,2016/12/31,12
300205,2016/12/31,7
300312,2016/12/31,11
300330,2016/12/31,9
300356,2016/12/31,9
300414,2016/12/31,10
300512,2016/12/31,11
300531,2016/12/31,11
300548,2016/12/31,11
300570,2016/12/31,9
300349,2016/12/31,17
300150,2016/12/31,14
300167,2016/12/31,8
300358,2016/12/31,11
300364,2016/12/31,15
300523,2016/12/31,9
300540,2016/12/31,12
300553,2016/12/31,6
300577,2016/12/31,6
300081,2016/12/31,9
300368,2016/12/31,12
300393,2016/12/31,15
300484,2016/12/31,8
300001,2016/12/31,13
300096,2016/12/31,17
300580,2016/12/31,5
300295,2016/12/31,9
300331,2016/12/31,7
300348,2016/12/31,21
300412,2016/12/31,12
300494,2016/12/31,10
300560,2016/12/31,8
300502,2016/12/31,9
300071,2016/12/31,20
300097,2016/12/31,8
300196,2016/12/31,9
300214,2016/12/31,8
300247,2016/12/31,12
300250,2016/12/31,9
300268,2016/12/31,7
300083,2016/12/31,9
300112,2016/12/31,6
300130,2016/12/31,15
300138,2016/12/31,10
300148,2016/12/31,10
300157,2016/12/31,19
300197,2016/12/31,13
300211,2016/12/31,5
300212,2016/12/31,11
300243,2016/12/31,9
300255,2016/12/31,9
300258,2016/12/31,4
300274,2016/12/31,7
300279,2016/12/31,13
300284,2016/12/31,14
300318,2016/12/31,12
300352,2016/12/31,11
300362,2016/12/31,16
300366,2016/12/31,13
300463,2016/12/31,7
300471,2016/12/31,12
300490,2016/12/31,7
300517,2016/12/31,7
300519,2016/12/31,4
300533,2016/12/31,8
300590,2016/12/31,5
300048,2016/12/31,9
300098,2016/12/31,13
300140,2016/12/31,8
300142,2016/12/31,18
300216,2016/12/31,12
300257,2016/12/31,7
300407,2016/12/31,12
300424,2016/12/31,7
300435,2016/12/31,4
300592,2016/12/31,6
300011,2016/12/31,13
300025,2016/12/31,13
300055,2016/12/31,15
300104,2016/12/31,22
300107,2016/12/31,8
300117,2016/12/31,16
300119,2016/12/31,10
300139,2016/12/31,6
300239,2016/12/31,5
300261,2016/12/31,9
300333,2016/12/31,5
300346,2016/12/31,3
300388,2016/12/31,20
300408,2016/12/31,9
300410,2016/12/31,11
300433,2016/12/31,11
300441,2016/12/31,17
300464,2016/12/31,14
300492,2016/12/31,9
300521,2016/12/31,9
300522,2016/12/31,7
300565,2016/12/31,5
300569,2016/12/31,7
300578,2016/12/31,5
300588,2016/12/31,9
300591,2016/12/31,7
300593,2016/12/31,3
300596,2016/12/31,8
300600,2016/12/31,6
300606,2016/12/31,6
300004,2016/12/31,7
300047,2016/12/31,14
300079,2016/12/31,8
300091,2016/12/31,9
300151,2016/12/31,4
300200,2016/12/31,7
300202,2016/12/31,8
300206,2016/12/31,5
300245,2016/12/31,12
300246,2016/12/31,14
300251,2016/12/31,12
300263,2016/12/31,12
300267,2016/12/31,12
300308,2016/12/31,10
300321,2016/12/31,4
300413,2016/12/31,7
300529,2016/12/31,11
300542,2016/12/31,9
300555,2016/12/31,6
300584,2016/12/31,7
300602,2016/12/31,6
300605,2016/12/31,4
300612,2016/12/31,4
300020,2016/12/31,8
300038,2016/12/31,19
300065,2016/12/31,6
300082,2016/12/31,5
300099,2016/12/31,7
300126,2016/12/31,5
300153,2016/12/31,10
300248,2016/12/31,15
300369,2016/12/31,18
300473,2016/12/31,7
300500,2016/12/31,12
300610,2016/12/31,5
300173,2016/12/31,9
300291,2016/12/31,14
300359,2016/12/31,8
300556,2016/12/31,6
300236,2016/12/31,10
300237,2016/12/31,9
300249,2016/12/31,14
300253,2016/12/31,14
300260,2016/12/31,3
300266,2016/12/31,9
300270,2016/12/31,5
300275,2016/12/31,9
300280,2016/12/31,12
300293,2016/12/31,12
300301,2016/12/31,10
300302,2016/12/31,9
300307,2016/12/31,10
300315,2016/12/31,27
300322,2016/12/31,12
300337,2016/12/31,7
300344,2016/12/31,13
300351,2016/12/31,7
300354,2016/12/31,5
300360,2016/12/31,10
300372,2016/12/31,8
300390,2016/12/31,7
300415,2016/12/31,9
300418,2016/12/31,29
300421,2016/12/31,14
300426,2016/12/31,16
300461,2016/12/31,8
300470,2016/12/31,6
300478,2016/12/31,6
300483,2016/12/31,6
300497,2016/12/31,10
300583,2016/12/31,3
300607,2016/12/31,9
300615,2016/12/31,4
300566,2016/12/31,7
300589,2016/12/31,7
300551,2016/12/31,7
300530,2016/12/31,5
300601,2016/12/31,9
300513,2016/12/31,9
300508,2016/12/31,4
300525,2016/12/31,5
300631,2016/12/31,5
300002,2016/12/31,26
300007,2016/12/31,15
300040,2016/12/31,8
300042,2016/12/31,9
300061,2016/12/31,15
300075,2016/12/31,12
300100,2016/12/31,14
300133,2016/12/31,13
300152,2016/12/31,20
300154,2016/12/31,5
300155,2016/12/31,11
300160,2016/12/31,7
300165,2016/12/31,6
300191,2016/12/31,8
300232,2016/12/31,20
300262,2016/12/31,14
300272,2016/12/31,10
300281,2016/12/31,10
300289,2016/12/31,10
300292,2016/12/31,18
300297,2016/12/31,20
300299,2016/12/31,18
300311,2016/12/31,12
300316,2016/12/31,11
300326,2016/12/31,10
300355,2016/12/31,14
300357,2016/12/31,4
300377,2016/12/31,11
300380,2016/12/31,6
300382,2016/12/31,8
300384,2016/12/31,13
300397,2016/12/31,7
300402,2016/12/31,8
300404,2016/12/31,5
300405,2016/12/31,6
300417,2016/12/31,6
300429,2016/12/31,6
300430,2016/12/31,6
300432,2016/12/31,12
300437,2016/12/31,10
300438,2016/12/31,8
300439,2016/12/31,17
300445,2016/12/31,10
300456,2016/12/31,16
300460,2016/12/31,6
300462,2016/12/31,7
300465,2016/12/31,14
300466,2016/12/31,15
300468,2016/12/31,7
300477,2016/12/31,17
300485,2016/12/31,5
300486,2016/12/31,15
300488,2016/12/31,8
300489,2016/12/31,7
300506,2016/12/31,10
300509,2016/12/31,8
300599,2016/12/31,3
300242,2016/12/31,23
300582,2016/12/31,8
300597,2016/12/31,5
300527,2016/12/31,6
300576,2016/12/31,4
300585,2016/12/31,8
300571,2016/12/31,7
300526,2016/12/31,12
300550,2016/12/31,5
300549,2016/12/31,9
300010,2016/12/31,25
300013,2016/12/31,10
300022,2016/12/31,14
300028,2016/12/31,17
300032,2016/12/31,12
300053,2016/12/31,11
300063,2016/12/31,18
300192,2016/12/31,4
300195,2016/12/31,13
300201,2016/12/31,12
300203,2016/12/31,7
300208,2016/12/31,13
300219,2016/12/31,12
300220,2016/12/31,11
300228,2016/12/31,16
300230,2016/12/31,9
300074,2016/12/31,8
300076,2016/12/31,9
300084,2016/12/31,16
300094,2016/12/31,6
300109,2016/12/31,15
300118,2016/12/31,11
300123,2016/12/31,11
300129,2016/12/31,8
300136,2016/12/31,9
300137,2016/12/31,7
300158,2016/12/31,16
300166,2016/12/31,14
300168,2016/12/31,14
300170,2016/12/31,14
300171,2016/12/31,7
300178,2016/12/31,12
300180,2016/12/31,10
300183,2016/12/31,6
300185,2016/12/31,10
300189,2016/12/31,14
300005,2016/12/31,9
300058,2016/12/31,21
300090,2016/12/31,12
300187,2016/12/31,14
300199,2016/12/31,5
300273,2016/12/31,17
300287,2016/12/31,9
300300,2016/12/31,29
300347,2016/12/31,14
300387,2016/12/31,10
300581,2016/12/31,7
300587,2016/12/31,3
300633,2016/12/31,2
300536,2016/12/31,6
300012,2016/12/31,12
300106,2016/12/31,10
300162,2016/12/31,12
300332,2016/12/31,12
300056,2016/12/31,10
300093,2016/12/31,14
300135,2016/12/31,10
300277,2016/12/31,9
300343,2016/12/31,7
300392,2016/12/31,15
300536,2017/12/31,10
300320,2017/12/31,11
300451,2017/12/31,13
300483,2017/12/31,8
300474,2017/12/31,7
300476,2017/12/31,9
300193,2017/12/31,6
300161,2017/12/31,10
300495,2017/12/31,18
300204,2017/12/31,6
300618,2017/12/31,15
300414,2017/12/31,9
300590,2017/12/31,14
300146,2017/12/31,12
300016,2017/12/31,6
300700,2017/12/31,10
300677,2017/12/31,9
300102,2017/12/31,12
300301,2017/12/31,13
300413,2017/12/31,12
300286,2017/12/31,9
300650,2017/12/31,9
300041,2017/12/31,7
300505,2017/12/31,10
300459,2017/12/31,15
300450,2017/12/31,14
300239,2017/12/31,6
300559,2017/12/31,6
300545,2017/12/31,10
300557,2017/12/31,8
300584,2017/12/31,11
300003,2017/12/31,9
300302,2017/12/31,11
300313,2017/12/31,13
300656,2017/12/31,10
300681,2017/12/31,6
300715,2017/12/31,4
300114,2017/12/31,5
300485,2017/12/31,4
300416,2017/12/31,12
300357,2017/12/31,5
300393,2017/12/31,14
300376,2017/12/31,21
300511,2017/12/31,15
300428,2017/12/31,8
300275,2017/12/31,9
300365,2017/12/31,13
300181,2017/12/31,10
300398,2017/12/31,10
300199,2017/12/31,9
300383,2017/12/31,8
300248,2017/12/31,8
300226,2017/12/31,13
300143,2017/12/31,17
300453,2017/12/31,6
300131,2017/12/31,11
300509,2017/12/31,5
300052,2017/12/31,10
300436,2017/12/31,13
300563,2017/12/31,7
300260,2017/12/31,7
300046,2017/12/31,19
300122,2017/12/31,9
300034,2017/12/31,9
300534,2017/12/31,6
300024,2017/12/31,8
300304,2017/12/31,8
300635,2017/12/31,10
300188,2017/12/31,10
300001,2017/12/31,15
300014,2017/12/31,14
300491,2017/12/31,9
300394,2017/12/31,10
300690,2017/12/31,5
300178,2017/12/31,15
300593,2017/12/31,7
300240,2017/12/31,8
300659,2017/12/31,12
300130,2017/12/31,17
300105,2017/12/31,7
300007,2017/12/31,11
300270,2017/12/31,5
300256,2017/12/31,11
300586,2017/12/31,6
300322,2017/12/31,16
300520,2017/12/31,9
300532,2017/12/31,8
300103,2017/12/31,8
300037,2017/12/31,6
300068,2017/12/31,16
300138,2017/12/31,8
300185,2017/12/31,4
300296,2017/12/31,20
300027,2017/12/31,19
300655,2017/12/31,10
300038,2017/12/31,10
300173,2017/12/31,8
300237,2017/12/31,8
300381,2017/12/31,18
300701,2017/12/31,6
300421,2017/12/31,9
300092,2017/12/31,9
300507,2017/12/31,8
300127,2017/12/31,7
300708,2017/12/31,11
300346,2017/12/31,9
300567,2017/12/31,10
300242,2017/12/31,13
300233,2017/12/31,14
300036,2017/12/31,11
300349,2017/12/31,20
300378,2017/12/31,7
300579,2017/12/31,14
300205,2017/12/31,8
300548,2017/12/31,7
300117,2017/12/31,11
300705,2017/12/31,7
300429,2017/12/31,8
300101,2017/12/31,9
300339,2017/12/31,15
300596,2017/12/31,9
300009,2017/12/31,6
300570,2017/12/31,8
300569,2017/12/31,17
300144,2017/12/31,12
300373,2017/12/31,10
300047,2017/12/31,9
300717,2017/12/31,6
300215,2017/12/31,7
300305,2017/12/31,6
300375,2017/12/31,9
300273,2017/12/31,17
300107,2017/12/31,6
300194,2017/12/31,5
300244,2017/12/31,25
300633,2017/12/31,5
300110,2017/12/31,8
300019,2017/12/31,10
300223,2017/12/31,6
300044,2017/12/31,12
300147,2017/12/31,13
300252,2017/12/31,14
300324,2017/12/31,15
300128,2017/12/31,14
300190,2017/12/31,14
300437,2017/12/31,9
300213,2017/12/31,8
300342,2017/12/31,9
300353,2017/12/31,14
300259,2017/12/31,8
300629,2017/12/31,6
300639,2017/12/31,11
300719,2017/12/31,12
300328,2017/12/31,16
300026,2017/12/31,8
300229,2017/12/31,11
300282,2017/12/31,16
300403,2017/12/31,5
300619,2017/12/31,8
300480,2017/12/31,10
300406,2017/12/31,10
300528,2017/12/31,8
300222,2017/12/31,9
300562,2017/12/31,8
300401,2017/12/31,9
300073,2017/12/31,9
300066,2017/12/31,8
300192,2017/12/31,11
300568,2017/12/31,13
300400,2017/12/31,7
300227,2017/12/31,7
300106,2017/12/31,7
300334,2017/12/31,15
300492,2017/12/31,11
300172,2017/12/31,6
300424,2017/12/31,11
300430,2017/12/31,11
300538,2017/12/31,8
300150,2017/12/31,15
300699,2017/12/31,9
300529,2017/12/31,17
300149,2017/12/31,15
300154,2017/12/31,6
300310,2017/12/31,16
300056,2017/12/31,16
300685,2017/12/31,7
300620,2017/12/31,6
300196,2017/12/31,9
300493,2017/12/31,10
300140,2017/12/31,9
300552,2017/12/31,9
300539,2017/12/31,6
300238,2017/12/31,10
300616,2017/12/31,11
300683,2017/12/31,5
300572,2017/12/31,10
300245,2017/12/31,13
300673,2017/12/31,10
300327,2017/12/31,7
300479,2017/12/31,13
300682,2017/12/31,7
300722,2017/12/31,6
300018,2017/12/31,11
300445,2017/12/31,7
300115,2017/12/31,13
300427,2017/12/31,15
300575,2017/12/31,5
300516,2017/12/31,9
300523,2017/12/31,16
300455,2017/12/31,8
300684,2017/12/31,6
300692,2017/12/31,7
300653,2017/12/31,9
300658,2017/12/31,7
300329,2017/12/31,5
300202,2017/12/31,7
300120,2017/12/31,7
300517,2017/12/31,11
300368,2017/12/31,9
300577,2017/12/31,14
300458,2017/12/31,12
300220,2017/12/31,7
300535,2017/12/31,13
300217,2017/12/31,8
300731,2017/12/31,7
300638,2017/12/31,8
300736,2017/12/31,6
300669,2017/12/31,5
300643,2017/12/31,5
300725,2017/12/31,8
300547,2017/12/31,9
300074,2017/12/31,7
300164,2017/12/31,21
300121,2017/12/31,13
300087,2017/12/31,13
300466,2017/12/31,15
300598,2017/12/31,5
300420,2017/12/31,17
300218,2017/12/31,6
300441,2017/12/31,12
300395,2017/12/31,8
300560,2017/12/31,10
300211,2017/12/31,4
300080,2017/12/31,15
300112,2017/12/31,6
300125,2017/12/31,12
300484,2017/12/31,11
300508,2017/12/31,7
300592,2017/12/31,7
300258,2017/12/31,5
300489,2017/12/31,5
300432,2017/12/31,8
300285,2017/12/31,19
300519,2017/12/31,5
300224,2017/12/31,5
300469,2017/12/31,15
300537,2017/12/31,12
300554,2017/12/31,6
300197,2017/12/31,14
300379,2017/12/31,10
300503,2017/12/31,11
300487,2017/12/31,7
300611,2017/12/31,8
300631,2017/12/31,6
300626,2017/12/31,7
300691,2017/12/31,10
300697,2017/12/31,6
300671,2017/12/31,7
300668,2017/12/31,7
300341,2017/12/31,9
300589,2017/12/31,5
300314,2017/12/31,4
300325,2017/12/31,17
300057,2017/12/31,17
300443,2017/12/31,8
300371,2017/12/31,4
300263,2017/12/31,7
300498,2017/12/31,11
300316,2017/12/31,11
300284,2017/12/31,6
300558,2017/12/31,13
300241,2017/12/31,14
300271,2017/12/31,15
300212,2017/12/31,16
300556,2017/12/31,9
300595,2017/12/31,13
300627,2017/12/31,11
300412,2017/12/31,11
300277,2017/12/31,8
300472,2017/12/31,10
300113,2017/12/31,9
300039,2017/12/31,5
300020,2017/12/31,11
300642,2017/12/31,9
300195,2017/12/31,12
300290,2017/12/31,10
300402,2017/12/31,6
300167,2017/12/31,12
300134,2017/12/31,11
300308,2017/12/31,12
300623,2017/12/31,10
300374,2017/12/31,10
300225,2017/12/31,10
300021,2017/12/31,12
300617,2017/12/31,10
300330,2017/12/31,4
300541,2017/12/31,12
300278,2017/12/31,10
300630,2017/12/31,9
300662,2017/12/31,9
300228,2017/12/31,15
300500,2017/12/31,13
300389,2017/12/31,16
300343,2017/12/31,10
300078,2017/12/31,11
300017,2017/12/31,19
300132,2017/12/31,5
300546,2017/12/31,10
300514,2017/12/31,8
300255,2017/12/31,9
300440,2017/12/31,20
300735,2017/12/31,4
300713,2017/12/31,5
300210,2017/12/31,14
300077,2017/12/31,12
300410,2017/12/31,9
300174,2017/12/31,18
300396,2017/12/31,6
300461,2017/12/31,11
300435,2017/12/31,7
300070,2017/12/31,14
300015,2017/12/31,20
300417,2017/12/31,3
300580,2017/12/31,11
300180,2017/12/31,8
300390,2017/12/31,5
300250,2017/12/31,10
300335,2017/12/31,9
300158,2017/12/31,5
300303,2017/12/31,7
300542,2017/12/31,11
300521,2017/12/31,7
300219,2017/12/31,11
300053,2017/12/31,12
300360,2017/12/31,10
300008,2017/12/31,14
300184,2017/12/31,8
300157,2017/12/31,20
300006,2017/12/31,10
300475,2017/12/31,7
300251,2017/12/31,13
300707,2017/12/31,6
300729,2017/12/31,9
300679,2017/12/31,5
300654,2017/12/31,6
300168,2017/12/31,21
300471,2017/12/31,10
300571,2017/12/31,9
300279,2017/12/31,15
300391,2017/12/31,7
300387,2017/12/31,8
300054,2017/12/31,9
300236,2017/12/31,8
300386,2017/12/31,10
300718,2017/12/31,7
300257,2017/12/31,7
300448,2017/12/31,17
300370,2017/12/31,25
300264,2017/12/31,8
300295,2017/12/31,14
300494,2017/12/31,11
300587,2017/12/31,8
300165,2017/12/31,5
300468,2017/12/31,12
300645,2017/12/31,9
300661,2017/12/31,11
300336,2017/12/31,8
300583,2017/12/31,13
300089,2017/12/31,11
300133,2017/12/31,9
300203,2017/12/31,7
300551,2017/12/31,10
300407,2017/12/31,12
300031,2017/12/31,4
300040,2017/12/31,12
300340,2017/12/31,15
300730,2017/12/31,3
300262,2017/12/31,9
300666,2017/12/31,8
300693,2017/12/31,10
300657,2017/12/31,8
300712,2017/12/31,6
300675,2017/12/31,10
300732,2017/12/31,7
300363,2017/12/31,17
300380,2017/12/31,5
300207,2017/12/31,12
300648,2017/12/31,8
300051,2017/12/31,17
300444,2017/12/31,11
300235,2017/12/31,8
300447,2017/12/31,7
300319,2017/12/31,16
300578,2017/12/31,12
300136,2017/12/31,8
300738,2017/12/31,11
300625,2017/12/31,9
300624,2017/12/31,4
300651,2017/12/31,9
300632,2017/12/31,9
300513,2017/12/31,15
300739,2017/12/31,7
300179,2017/12/31,9
300354,2017/12/31,5
300042,2017/12/31,12
300231,2017/12/31,11
300201,2017/12/31,11
300160,2017/12/31,6
300576,2017/12/31,8
300004,2017/12/31,7
300540,2017/12/31,6
300591,2017/12/31,7
300604,2017/12/31,7
300321,2017/12/31,5
300553,2017/12/31,5
300573,2017/12/31,8
300141,2017/12/31,10
300338,2017/12/31,12
300408,2017/12/31,13
300501,2017/12/31,4
300067,2017/12/31,10
300333,2017/12/31,7
300281,2017/12/31,9
300415,2017/12/31,7
300622,2017/12/31,9
300439,2017/12/31,13
300162,2017/12/31,8
300582,2017/12/31,12
300351,2017/12/31,8
300434,2017/12/31,12
300497,2017/12/31,10
300170,2017/12/31,14
300280,2017/12/31,14
300119,2017/12/31,14
300243,2017/12/31,9
300726,2017/12/31,7
300703,2017/12/31,7
300118,2017/12/31,10
300405,2017/12/31,5
300247,2017/12/31,12
300155,2017/12/31,7
300253,2017/12/31,8
300344,2017/12/31,10
300422,2017/12/31,22
300230,2017/12/31,5
300525,2017/12/31,9
300171,2017/12/31,10
300465,2017/12/31,15
300084,2017/12/31,15
300499,2017/12/31,7
300298,2017/12/31,16
300097,2017/12/31,12
300601,2017/12/31,9
300602,2017/12/31,7
300096,2017/12/31,12
300126,2017/12/31,3
300543,2017/12/31,9
300289,2017/12/31,7
300292,2017/12/31,11
300392,2017/12/31,14
300163,2017/12/31,16
300502,2017/12/31,11
300148,2017/12/31,14
300028,2017/12/31,13
300382,2017/12/31,9
300512,2017/12/31,6
300599,2017/12/31,6
300198,2017/12/31,10
300093,2017/12/31,9
300550,2017/12/31,4
300686,2017/12/31,9
300607,2017/12/31,8
300652,2017/12/31,8
300716,2017/12/31,6
300613,2017/12/31,9
300504,2017/12/31,8
300689,2017/12/31,5
300678,2017/12/31,6
300628,2017/12/31,8
300565,2017/12/31,5
300605,2017/12/31,6
300030,2017/12/31,16
300191,2017/12/31,9
300209,2017/12/31,9
300288,2017/12/31,10
300095,2017/12/31,9
300200,2017/12/31,8
300478,2017/12/31,8
300481,2017/12/31,8
300045,2017/12/31,15
300418,2017/12/31,28
300670,2017/12/31,7
300072,2017/12/31,15
300606,2017/12/31,8
300676,2017/12/31,9
300612,2017/12/31,11
300737,2017/12/31,7
300347,2017/12/31,7
300555,2017/12/31,9
300088,2017/12/31,11
300317,2017/12/31,16
300431,2017/12/31,14
300261,2017/12/31,9
300456,2017/12/31,20
300470,2017/12/31,7
300332,2017/12/31,16
300032,2017/12/31,10
300510,2017/12/31,23
300463,2017/12/31,10
300411,2017/12/31,10
300636,2017/12/31,9
300695,2017/12/31,5
300359,2017/12/31,6
300151,2017/12/31,9
300581,2017/12/31,6
300005,2017/12/31,9
300175,2017/12/31,7
300355,2017/12/31,13
300425,2017/12/31,11
300312,2017/12/31,8
300048,2017/12/31,12
300315,2017/12/31,14
300337,2017/12/31,7
300518,2017/12/31,17
300566,2017/12/31,10
300467,2017/12/31,23
300098,2017/12/31,18
300123,2017/12/31,10
300124,2017/12/31,9
300153,2017/12/31,8
300177,2017/12/31,15
300364,2017/12/31,16
300050,2017/12/31,18
300426,2017/12/31,10
300010,2017/12/31,19
300232,2017/12/31,24
300055,2017/12/31,11
300362,2017/12/31,22
300366,2017/12/31,9
300477,2017/12/31,14
300377,2017/12/31,5
300187,2017/12/31,10
300081,2017/12/31,14
300526,2017/12/31,10
300065,2017/12/31,16
300733,2017/12/31,7
300208,2017/12/31,4
300531,2017/12/31,9
300452,2017/12/31,5
300152,2017/12/31,17
300404,2017/12/31,9
300268,2017/12/31,13
300145,2017/12/31,16
300610,2017/12/31,5
300267,2017/12/31,8
300667,2017/12/31,11
300687,2017/12/31,6
300721,2017/12/31,6
300283,2017/12/31,11
300423,2017/12/31,7
300350,2017/12/31,7
300482,2017/12/31,13
300135,2017/12/31,6
300323,2017/12/31,22
300049,2017/12/31,7
300043,2017/12/31,15
300062,2017/12/31,15
300091,2017/12/31,11
300254,2017/12/31,8
300266,2017/12/31,8
300294,2017/12/31,13
300297,2017/12/31,12
300449,2017/12/31,13
300011,2017/12/31,12
300025,2017/12/31,10
300035,2017/12/31,8
300058,2017/12/31,16
300061,2017/12/31,15
300069,2017/12/31,10
300075,2017/12/31,12
300079,2017/12/31,9
300082,2017/12/31,11
300085,2017/12/31,10
300086,2017/12/31,7
300099,2017/12/31,10
300100,2017/12/31,17
300108,2017/12/31,13
300109,2017/12/31,11
300129,2017/12/31,6
300137,2017/12/31,5
300139,2017/12/31,7
300142,2017/12/31,11
300159,2017/12/31,6
300166,2017/12/31,16
300182,2017/12/31,16
300183,2017/12/31,4
300189,2017/12/31,5
300206,2017/12/31,6
300214,2017/12/31,7
300221,2017/12/31,9
300234,2017/12/31,9
300246,2017/12/31,14
300249,2017/12/31,19
300265,2017/12/31,16
300272,2017/12/31,7
300274,2017/12/31,7
300276,2017/12/31,9
300287,2017/12/31,11
300291,2017/12/31,12
300300,2017/12/31,28
300063,2017/12/31,8
300397,2017/12/31,9
300293,2017/12/31,8
300002,2017/12/31,17
300012,2017/12/31,6
300013,2017/12/31,7
300022,2017/12/31,21
300071,2017/12/31,32
300076,2017/12/31,11
300083,2017/12/31,11
300094,2017/12/31,10
300111,2017/12/31,8
300116,2017/12/31,12
300169,2017/12/31,12
300331,2017/12/31,7
300090,2017/12/31,17
300269,2017/12/31,13
300156,2017/12/31,16
300176,2017/12/31,10
300299,2017/12/31,9
300306,2017/12/31,9
300496,2017/12/31,13
300664,2017/12/31,7
300307,2017/12/31,6
300311,2017/12/31,11
300318,2017/12/31,8
300326,2017/12/31,5
300345,2017/12/31,11
300352,2017/12/31,10
300356,2017/12/31,9
300358,2017/12/31,15
300369,2017/12/31,16
300384,2017/12/31,10
300385,2017/12/31,9
300399,2017/12/31,6
300409,2017/12/31,19
300419,2017/12/31,6
300433,2017/12/31,12
300438,2017/12/31,9
300442,2017/12/31,8
300457,2017/12/31,13
300460,2017/12/31,7
300462,2017/12/31,12
300464,2017/12/31,10
300473,2017/12/31,15
300486,2017/12/31,11
300488,2017/12/31,7
300490,2017/12/31,15
300515,2017/12/31,6
300522,2017/12/31,6
300527,2017/12/31,3
300530,2017/12/31,8
300533,2017/12/31,5
300549,2017/12/31,4
300561,2017/12/31,11
300585,2017/12/31,7
300588,2017/12/31,9
300597,2017/12/31,5
300603,2017/12/31,13
300608,2017/12/31,9
300609,2017/12/31,8
300615,2017/12/31,11
300637,2017/12/31,11
300641,2017/12/31,7
300663,2017/12/31,10
300665,2017/12/31,9
300649,2017/12/31,9
300621,2017/12/31,14
300672,2017/12/31,7
300640,2017/12/31,7
300660,2017/12/31,11
300710,2017/12/31,6
300680,2017/12/31,7
300706,2017/12/31,6
300702,2017/12/31,10
300698,2017/12/31,2
300711,2017/12/31,7
300688,2017/12/31,7
300720,2017/12/31,5
300709,2017/12/31,5
300696,2017/12/31,6
300727,2017/12/31,5
300723,2017/12/31,5
300647,2017/12/31,13
300388,2017/12/31,20
300600,2017/12/31,6
300348,2017/12/31,15
300104,2017/12/31,19
300506,2017/12/31,12
300216,2017/12/31,13
300619,2018/12/31,7
300125,2018/12/31,11
300748,2018/12/31,13
300700,2018/12/31,8
300632,2018/12/31,6
300751,2018/12/31,5
300487,2018/12/31,10
300260,2018/12/31,6
300398,2018/12/31,8
300132,2018/12/31,12
300602,2018/12/31,13
300623,2018/12/31,8
300285,2018/12/31,12
300220,2018/12/31,8
300545,2018/12/31,13
300617,2018/12/31,8
300586,2018/12/31,13
300016,2018/12/31,8
300146,2018/12/31,16
300613,2018/12/31,5
300204,2018/12/31,9
300722,2018/12/31,9
300638,2018/12/31,14
300657,2018/12/31,17
300423,2018/12/31,7
300455,2018/12/31,9
300692,2018/12/31,18
300591,2018/12/31,9
300690,2018/12/31,7
300042,2018/12/31,6
300723,2018/12/31,12
300741,2018/12/31,8
300395,2018/12/31,8
300536,2018/12/31,12
300107,2018/12/31,8
300114,2018/12/31,6
300568,2018/12/31,10
300024,2018/12/31,8
300193,2018/12/31,7
300590,2018/12/31,11
300534,2018/12/31,5
300453,2018/12/31,8
300753,2018/12/31,5
300025,2018/12/31,14
300121,2018/12/31,15
300525,2018/12/31,10
300556,2018/12/31,10
300249,2018/12/31,13
300037,2018/12/31,9
300501,2018/12/31,6
300637,2018/12/31,8
300263,2018/12/31,8
300211,2018/12/31,5
300201,2018/12/31,17
300374,2018/12/31,15
300439,2018/12/31,10
300179,2018/12/31,10
300559,2018/12/31,8
300017,2018/12/31,15
300034,2018/12/31,12
300041,2018/12/31,7
300081,2018/12/31,15
300450,2018/12/31,13
300652,2018/12/31,7
300421,2018/12/31,9
300345,2018/12/31,6
300575,2018/12/31,6
300458,2018/12/31,8
300491,2018/12/31,13
300365,2018/12/31,12
300403,2018/12/31,5
300054,2018/12/31,9
300052,2018/12/31,15
300188,2018/12/31,8
300148,2018/12/31,11
300242,2018/12/31,14
300414,2018/12/31,7
300435,2018/12/31,7
300579,2018/12/31,9
300401,2018/12/31,7
300101,2018/12/31,10
300596,2018/12/31,10
300224,2018/12/31,6
300103,2018/12/31,11
300393,2018/12/31,8
300529,2018/12/31,13
300685,2018/12/31,10
300218,2018/12/31,5
300379,2018/12/31,12
300138,2018/12/31,10
300240,2018/12/31,7
300298,2018/12/31,13
300699,2018/12/31,8
300445,2018/12/31,6
300629,2018/12/31,8
300378,2018/12/31,9
300296,2018/12/31,15
300092,2018/12/31,4
300507,2018/12/31,7
300346,2018/12/31,7
300485,2018/12/31,8
300322,2018/12/31,13
300105,2018/12/31,7
300176,2018/12/31,17
300357,2018/12/31,7
300531,2018/12/31,8
300738,2018/12/31,8
300144,2018/12/31,10
300161,2018/12/31,11
300184,2018/12/31,7
300624,2018/12/31,9
300358,2018/12/31,8
300066,2018/12/31,11
300127,2018/12/31,4
300194,2018/12/31,9
300007,2018/12/31,10
300320,2018/12/31,8
300715,2018/12/31,10
300259,2018/12/31,9
300406,2018/12/31,10
300645,2018/12/31,12
300480,2018/12/31,9
300522,2018/12/31,8
300115,2018/12/31,9
300639,2018/12/31,13
300416,2018/12/31,7
300726,2018/12/31,11
300732,2018/12/31,13
300183,2018/12/31,5
300570,2018/12/31,6
300304,2018/12/31,6
300233,2018/12/31,7
300476,2018/12/31,10
300047,2018/12/31,7
300437,2018/12/31,10
300003,2018/12/31,13
300009,2018/12/31,9
300045,2018/12/31,14
300213,2018/12/31,6
300675,2018/12/31,9
300678,2018/12/31,6
300215,2018/12/31,7
300228,2018/12/31,12
300229,2018/12/31,12
300658,2018/12/31,7
300653,2018/12/31,4
300542,2018/12/31,10
300244,2018/12/31,15
300286,2018/12/31,7
300659,2018/12/31,14
300248,2018/12/31,10
300274,2018/12/31,8
300303,2018/12/31,9
300336,2018/12/31,7
300019,2018/12/31,7
300681,2018/12/31,6
300140,2018/12/31,12
300391,2018/12/31,6
300190,2018/12/31,13
300724,2018/12/31,8
300635,2018/12/31,12
300078,2018/12/31,11
300538,2018/12/31,11
300682,2018/12/31,14
300328,2018/12/31,9
300584,2018/12/31,9
300725,2018/12/31,12
300067,2018/12/31,9
300630,2018/12/31,11
300494,2018/12/31,9
300436,2018/12/31,19
300091,2018/12/31,10
300492,2018/12/31,11
300655,2018/12/31,11
300609,2018/12/31,10
300615,2018/12/31,8
300018,2018/12/31,5
300457,2018/12/31,13
300205,2018/12/31,8
300749,2018/12/31,8
300164,2018/12/31,19
300452,2018/12/31,7
300481,2018/12/31,6
300327,2018/12/31,10
300026,2018/12/31,6
300547,2018/12/31,8
300577,2018/12/31,15
300595,2018/12/31,9
300080,2018/12/31,13
300671,2018/12/31,9
300122,2018/12/31,11
300076,2018/12/31,8
300429,2018/12/31,8
300572,2018/12/31,10
300196,2018/12/31,10
300668,2018/12/31,9
300583,2018/12/31,8
300515,2018/12/31,9
300761,2018/12/31,6
300394,2018/12/31,9
300719,2018/12/31,10
300620,2018/12/31,11
300746,2018/12/31,10
300342,2018/12/31,9
300541,2018/12/31,12
300673,2018/12/31,11
300316,2018/12/31,12
300129,2018/12/31,11
300330,2018/12/31,6
300385,2018/12/31,11
300057,2018/12/31,11
300443,2018/12/31,6
300610,2018/12/31,8
300349,2018/12/31,14
300430,2018/12/31,7
300580,2018/12/31,10
300036,2018/12/31,9
300389,2018/12/31,9
300498,2018/12/31,16
300717,2018/12/31,8
300469,2018/12/31,18
300227,2018/12/31,9
300517,2018/12/31,10
300475,2018/12/31,5
300612,2018/12/31,12
300539,2018/12/31,8
300553,2018/12/31,5
300074,2018/12/31,9
300062,2018/12/31,6
300257,2018/12/31,8
300622,2018/12/31,9
300314,2018/12/31,5
300705,2018/12/31,5
300479,2018/12/31,11
300339,2018/12/31,14
300535,2018/12/31,13
300120,2018/12/31,14
300721,2018/12/31,9
300149,2018/12/31,14
300181,2018/12/31,9
300474,2018/12/31,10
300504,2018/12/31,6
300528,2018/12/31,5
300756,2018/12/31,3
300038,2018/12/31,16
300552,2018/12/31,6
300669,2018/12/31,6
300210,2018/12/31,9
300454,2018/12/31,12
300097,2018/12/31,13
300264,2018/12/31,4
300440,2018/12/31,11
300757,2018/12/31,3
300697,2018/12/31,8
300441,2018/12/31,9
300371,2018/12/31,8
300177,2018/12/31,17
300562,2018/12/31,7
300348,2018/12/31,10
300569,2018/12/31,12
300634,2018/12/31,13
300708,2018/12/31,17
300375,2018/12/31,11
300341,2018/12/31,9
300214,2018/12/31,10
300329,2018/12/31,8
300070,2018/12/31,19
300072,2018/12/31,11
300245,2018/12/31,9
300159,2018/12/31,9
300276,2018/12/31,7
300212,2018/12/31,15
300558,2018/12/31,12
300425,2018/12/31,8
300520,2018/12/31,10
300200,2018/12/31,7
300503,2018/12/31,8
300124,2018/12/31,10
300284,2018/12/31,10
300490,2018/12/31,10
300640,2018/12/31,11
300301,2018/12/31,17
300695,2018/12/31,12
300172,2018/12/31,6
300282,2018/12/31,12
300589,2018/12/31,5
300592,2018/12/31,8
300400,2018/12/31,6
300554,2018/12/31,5
300508,2018/12/31,7
300548,2018/12/31,11
300607,2018/12/31,7
300321,2018/12/31,4
300383,2018/12/31,11
300448,2018/12/31,14
300755,2018/12/31,6
300739,2018/12/31,6
300560,2018/12/31,11
300170,2018/12/31,12
300636,2018/12/31,7
300747,2018/12/31,12
300119,2018/12/31,11
300288,2018/12/31,13
300139,2018/12/31,7
300065,2018/12/31,17
300021,2018/12/31,15
300094,2018/12/31,10
300020,2018/12/31,12
300670,2018/12/31,9
300573,2018/12/31,9
300387,2018/12/31,9
300106,2018/12/31,15
300277,2018/12/31,11
300759,2018/12/31,5
300420,2018/12/31,9
300519,2018/12/31,7
300703,2018/12/31,7
300598,2018/12/31,6
300207,2018/12/31,12
300239,2018/12/31,10
300691,2018/12/31,4
300150,2018/12/31,16
300262,2018/12/31,11
300419,2018/12/31,6
300051,2018/12/31,12
300278,2018/12/31,9
300588,2018/12/31,11
300098,2018/12/31,15
300169,2018/12/31,9
300281,2018/12/31,9
300456,2018/12/31,12
300412,2018/12/31,9
300683,2018/12/31,10
300540,2018/12/31,10
300295,2018/12/31,11
300643,2018/12/31,6
300500,2018/12/31,10
300396,2018/12/31,14
300250,2018/12/31,10
300600,2018/12/31,9
300162,2018/12/31,11
300243,2018/12/31,14
300557,2018/12/31,7
300627,2018/12/31,7
300299,2018/12/31,8
300110,2018/12/31,8
300261,2018/12/31,10
300582,2018/12/31,11
300356,2018/12/31,9
300167,2018/12/31,13
300408,2018/12/31,11
300087,2018/12/31,11
300223,2018/12/31,10
300616,2018/12/31,7
300730,2018/12/31,6
300068,2018/12/31,11
300546,2018/12/31,10
300651,2018/12/31,11
300157,2018/12/31,27
300718,2018/12/31,7
300112,2018/12/31,10
300484,2018/12/31,10
300563,2018/12/31,5
300701,2018/12/31,8
300073,2018/12/31,8
300174,2018/12/31,14
300235,2018/12/31,8
300255,2018/12/31,6
300289,2018/12/31,14
300354,2018/12/31,5
300011,2018/12/31,7
300039,2018/12/31,4
300044,2018/12/31,13
300079,2018/12/31,8
300083,2018/12/31,9
300085,2018/12/31,7
300096,2018/12/31,11
300102,2018/12/31,15
300117,2018/12/31,9
300145,2018/12/31,10
300154,2018/12/31,8
300251,2018/12/31,8
300256,2018/12/31,10
300258,2018/12/31,5
300272,2018/12/31,9
300318,2018/12/31,11
300319,2018/12/31,10
300368,2018/12/31,13
300386,2018/12/31,10
300390,2018/12/31,5
300415,2018/12/31,5
300418,2018/12/31,26
300428,2018/12/31,10
300447,2018/12/31,8
300471,2018/12/31,8
300472,2018/12/31,11
300495,2018/12/31,13
300521,2018/12/31,8
300532,2018/12/31,7
300533,2018/12/31,9
300565,2018/12/31,6
300567,2018/12/31,10
300585,2018/12/31,11
300587,2018/12/31,11
300611,2018/12/31,7
300626,2018/12/31,7
300631,2018/12/31,7
300648,2018/12/31,7
300649,2018/12/31,4
300650,2018/12/31,9
300662,2018/12/31,10
300665,2018/12/31,8
300689,2018/12/31,7
300712,2018/12/31,11
300716,2018/12/31,8
300727,2018/12/31,7
300729,2018/12/31,10
300760,2018/12/31,10
300063,2018/12/31,19
300283,2018/12/31,6
300502,2018/12/31,6
300333,2018/12/31,6
300667,2018/12/31,8
300206,2018/12/31,7
300056,2018/12/31,10
300380,2018/12/31,5
300294,2018/12/31,7
300332,2018/12/31,14
300593,2018/12/31,10
300628,2018/12/31,7
300032,2018/12/31,11
300008,2018/12/31,13
300376,2018/12/31,18
300510,2018/12/31,16
300702,2018/12/31,9
300505,2018/12/31,8
300608,2018/12/31,10
300326,2018/12/31,12
300752,2018/12/31,7
300131,2018/12/31,14
300279,2018/12/31,10
300308,2018/12/31,13
300470,2018/12/31,12
300581,2018/12/31,8
300660,2018/12/31,10
300664,2018/12/31,8
300306,2018/12/31,9
300711,2018/12/31,8
300126,2018/12/31,5
300231,2018/12/31,11
300141,2018/12/31,7
300075,2018/12/31,9
300171,2018/12/31,8
300405,2018/12/31,7
300399,2018/12/31,5
300576,2018/12/31,5
300707,2018/12/31,6
300633,2018/12/31,6
300656,2018/12/31,10
300642,2018/12/31,7
300674,2018/12/31,8
300202,2018/12/31,7
300625,2018/12/31,6
300477,2018/12/31,21
300099,2018/12/31,5
300158,2018/12/31,7
300377,2018/12/31,7
300606,2018/12/31,6
300031,2018/12/31,7
300543,2018/12/31,10
300698,2018/12/31,8
300710,2018/12/31,9
300267,2018/12/31,8
300537,2018/12/31,7
300136,2018/12/31,6
300442,2018/12/31,9
300566,2018/12/31,5
300265,2018/12/31,7
300302,2018/12/31,13
300706,2018/12/31,7
300360,2018/12/31,9
300473,2018/12/31,13
300483,2018/12/31,11
300046,2018/12/31,10
300291,2018/12/31,14
300514,2018/12/31,8
300338,2018/12/31,14
300006,2018/12/31,15
300337,2018/12/31,7
300050,2018/12/31,9
300369,2018/12/31,10
300713,2018/12/31,11
300709,2018/12/31,6
300672,2018/12/31,8
300745,2018/12/31,12
300108,2018/12/31,14
300290,2018/12/31,9
300513,2018/12/31,11
300736,2018/12/31,12
300735,2018/12/31,6
300165,2018/12/31,8
300363,2018/12/31,18
300209,2018/12/31,13
300530,2018/12/31,10
300597,2018/12/31,4
300654,2018/12/31,5
300043,2018/12/31,9
300252,2018/12/31,19
300384,2018/12/31,12
300424,2018/12/31,20
300013,2018/12/31,16
300208,2018/12/31,7
300647,2018/12/31,11
300185,2018/12/31,5
300058,2018/12/31,21
300310,2018/12/31,9
300195,2018/12/31,16
300335,2018/12/31,8
300293,2018/12/31,8
300693,2018/12/31,8
300355,2018/12/31,16
300381,2018/12/31,21
300427,2018/12/31,9
300663,2018/12/31,9
300225,2018/12/31,13
300449,2018/12/31,9
300464,2018/12/31,13
300511,2018/12/31,14
300603,2018/12/31,13
300680,2018/12/31,11
300750,2018/12/31,15
300438,2018/12/31,11
300661,2018/12/31,9
300687,2018/12/31,12
300134,2018/12/31,8
300287,2018/12/31,21
300527,2018/12/31,8
300599,2018/12/31,5
300694,2018/12/31,6
300621,2018/12/31,10
300676,2018/12/31,10
300178,2018/12/31,10
300199,2018/12/31,11
300605,2018/12/31,10
300109,2018/12/31,15
300305,2018/12/31,8
300137,2018/12/31,8
300270,2018/12/31,5
300373,2018/12/31,10
300382,2018/12/31,14
300155,2018/12/31,7
300618,2018/12/31,14
300100,2018/12/31,11
300422,2018/12/31,21
300040,2018/12/31,11
300641,2018/12/31,7
300489,2018/12/31,5
300493,2018/12/31,9
300482,2018/12/31,12
300488,2018/12/31,5
300465,2018/12/31,10
300549,2018/12/31,5
300370,2018/12/31,15
300230,2018/12/31,8
300111,2018/12/31,12
300246,2018/12/31,8
300352,2018/12/31,9
300666,2018/12/31,7
300168,2018/12/31,20
300397,2018/12/31,9
300216,2018/12/31,4
300292,2018/12/31,20
300499,2018/12/31,7
300696,2018/12/31,8
300048,2018/12/31,10
300004,2018/12/31,12
300010,2018/12/31,35
300222,2018/12/31,6
300307,2018/12/31,5
300344,2018/12/31,12
300219,2018/12/31,11
300253,2018/12/31,9
300268,2018/12/31,7
300516,2018/12/31,9
300737,2018/12/31,15
300049,2018/12/31,10
300417,2018/12/31,4
300030,2018/12/31,5
300684,2018/12/31,7
300604,2018/12/31,9
300686,2018/12/31,12
300015,2018/12/31,16
300160,2018/12/31,10
300192,2018/12/31,9
300451,2018/12/31,12
300462,2018/12/31,7
300323,2018/12/31,11
300496,2018/12/31,8
300518,2018/12/31,15
300679,2018/12/31,12
300217,2018/12/31,8
300012,2018/12/31,9
300432,2018/12/31,8
300407,2018/12/31,4
300113,2018/12/31,6
300143,2018/12/31,17
300238,2018/12/31,12
300388,2018/12/31,21
300444,2018/12/31,13
300069,2018/12/31,5
300175,2018/12/31,11
300409,2018/12/31,12
300002,2018/12/31,16
300340,2018/12/31,8
300509,2018/12/31,11
300359,2018/12/31,6
300561,2018/12/31,14
300743,2018/12/31,6
300402,2018/12/31,10
300486,2018/12/31,11
300236,2018/12/31,8
300366,2018/12/31,11
300644,2018/12/31,12
300153,2018/12/31,9
300191,2018/12/31,10
300118,2018/12/31,15
300315,2018/12/31,10
300353,2018/12/31,12
300459,2018/12/31,18
300055,2018/12/31,12
300410,2018/12/31,12
300688,2018/12/31,14
300550,2018/12/31,8
300198,2018/12/31,7
300221,2018/12/31,11
300133,2018/12/31,10
300720,2018/12/31,6
300234,2018/12/31,13
300740,2018/12/31,9
300232,2018/12/31,19
300237,2018/12/31,8
300571,2018/12/31,8
300731,2018/12/31,13
300151,2018/12/31,7
300317,2018/12/31,18
300578,2018/12/31,13
300601,2018/12/31,12
300555,2018/12/31,7
300166,2018/12/31,13
300300,2018/12/31,15
300468,2018/12/31,11
300551,2018/12/31,4
300733,2018/12/31,10
300463,2018/12/31,6
300273,2018/12/31,18
300506,2018/12/31,16
300152,2018/12/31,20
300466,2018/12/31,10
300084,2018/12/31,16
300088,2018/12/31,12
300142,2018/12/31,12
300187,2018/12/31,17
300241,2018/12/31,15
300005,2018/12/31,10
300331,2018/12/31,11
300347,2018/12/31,11
300512,2018/12/31,16
300526,2018/12/31,13
300104,2018/12/31,19
300182,2018/12/31,18
300523,2018/12/31,13
300350,2018/12/31,6
300061,2018/12/31,17
300189,2018/12/31,11
300203,2018/12/31,8
300275,2018/12/31,8
300313,2018/12/31,10
300364,2018/12/31,11
300433,2018/12/31,10
300280,2018/12/31,11
300077,2018/12/31,9
300130,2018/12/31,18
300758,2018/12/31,10
300325,2018/12/31,17
300351,2018/12/31,6
300404,2018/12/31,5
300022,2018/12/31,21
300226,2018/12/31,12
300254,2018/12/31,12
300095,2018/12/31,19
300035,2018/12/31,9
300311,2018/12/31,8
300392,2018/12/31,16
300180,2018/12/31,12
300460,2018/12/31,5
300461,2018/12/31,8
300434,2018/12/31,6
300467,2018/12/31,14
300173,2018/12/31,10
300197,2018/12/31,18
300431,2018/12/31,16
300027,2018/12/31,10
300001,2018/12/31,12
300053,2018/12/31,13
300071,2018/12/31,19
300128,2018/12/31,8
300269,2018/12/31,25
300343,2018/12/31,18
300324,2018/12/31,18
300677,2018/12/31,10
300014,2018/12/31,14
300478,2018/12/31,7
300271,2018/12/31,12
300297,2018/12/31,19
300086,2018/12/31,12
300334,2018/12/31,10
300312,2018/12/31,9
300497,2018/12/31,10
300082,2018/12/31,11
300413,2018/12/31,12
300247,2018/12/31,13
300123,2018/12/31,10
300411,2018/12/31,14
300266,2018/12/31,9
300028,2018/12/31,8
300135,2018/12/31,6
300426,2018/12/31,13
300362,2018/12/31,15
300090,2018/12/31,11
300116,2018/12/31,23
300147,2018/12/31,9
300156,2018/12/31,9
300163,2018/12/31,10
300089,2018/12/31,11
300093,2018/12/31,10
300742,2018/12/31,12
