Stkcd,Reptdt,Roa
300108,2013/12/31,0.06264
300181,2013/12/31,0.089694
300044,2013/12/31,0.036343
300267,2013/12/31,0.1443
300286,2013/12/31,0.137704
300228,2013/12/31,0.090267
300263,2013/12/31,0.069765
300054,2013/12/31,0.077806
300074,2013/12/31,0.101932
300032,2013/12/31,0.008191
300213,2013/12/31,0.050896
300165,2013/12/31,0.036001
300169,2013/12/31,-0.062391
300062,2013/12/31,0.045663
300144,2013/12/31,0.092796
300146,2013/12/31,0.184948
300294,2013/12/31,0.092443
300174,2013/12/31,0.009284
300113,2013/12/31,0.094995
300014,2013/12/31,0.148184
300011,2013/12/31,0.064092
300143,2013/12/31,-0.164465
300010,2013/12/31,0.063566
300148,2013/12/31,0.032923
300039,2013/12/31,0.191372
300278,2013/12/31,0.021605
300050,2013/12/31,-0.04642
300358,2013/12/31,0.147644
300052,2013/12/31,0.049957
300360,2013/12/31,0.217909
300046,2013/12/31,0.044068
300184,2013/12/31,0.034675
300253,2013/12/31,0.114956
300140,2013/12/31,0.012714
300019,2013/12/31,0.110393
300085,2013/12/31,0.02717
300127,2013/12/31,0.052325
300295,2013/12/31,0.140606
300227,2013/12/31,0.046627
300190,2013/12/31,0.024644
300084,2013/12/31,0.033496
300298,2013/12/31,0.165721
300204,2013/12/31,0.072989
300172,2013/12/31,0.060559
300292,2013/12/31,0.033807
300095,2013/12/31,0.068291
300159,2013/12/31,0.09234
300110,2013/12/31,0.058538
300349,2013/12/31,0.128669
300035,2013/12/31,0.068556
300124,2013/12/31,0.168166
300247,2013/12/31,0.025132
300233,2013/12/31,0.042419
300342,2013/12/31,0.121496
300119,2013/12/31,0.080725
300017,2013/12/31,0.199782
300002,2013/12/31,0.134029
300341,2013/12/31,0.079041
300145,2013/12/31,0.099688
300284,2013/12/31,0.063968
300238,2013/12/31,0.07281
300068,2013/12/31,0.037181
300347,2013/12/31,0.122981
300231,2013/12/31,0.105635
300030,2013/12/31,0.062499
300116,2013/12/31,0.008477
300177,2013/12/31,0.102995
300383,2013/12/31,0.176625
300336,2013/12/31,0.104024
300274,2013/12/31,0.054361
300334,2013/12/31,0.08377
300126,2013/12/31,0.055463
300199,2013/12/31,0.10773
300237,2013/12/31,0.031279
300008,2013/12/31,0.010891
300225,2013/12/31,0.083621
300304,2013/12/31,0.091384
300241,2013/12/31,0.069738
300015,2013/12/31,0.10834
300216,2013/12/31,0.077074
300303,2013/12/31,0.115626
300101,2013/12/31,-0.012718
300210,2013/12/31,0.094374
300104,2013/12/31,0.058671
300289,2013/12/31,0.092724
300221,2013/12/31,0.0123
300354,2013/12/31,0.048313
300112,2013/12/31,0.069456
300103,2013/12/31,0.070795
300249,2013/12/31,0.028659
300125,2013/12/31,0.015146
300003,2013/12/31,0.124744
300154,2013/12/31,0.055917
300037,2013/12/31,0.089655
300275,2013/12/31,0.149906
300224,2013/12/31,0.04158
300212,2013/12/31,0.054218
300254,2013/12/31,0.036584
300339,2013/12/31,0.080333
300092,2013/12/31,-0.041948
300047,2013/12/31,0.089816
300218,2013/12/31,0.052938
300138,2013/12/31,0.006931
300042,2013/12/31,0.006741
300363,2013/12/31,0.115896
300114,2013/12/31,0.079272
300041,2013/12/31,0.082439
300320,2013/12/31,0.081462
300067,2013/12/31,0.059181
300072,2013/12/31,0.07114
300251,2013/12/31,0.138155
300105,2013/12/31,0.070262
300301,2013/12/31,0.022608
300321,2013/12/31,0.038541
300371,2013/12/31,0.28717
300306,2013/12/31,0.091227
300009,2013/12/31,0.128135
300006,2013/12/31,0.035028
300078,2013/12/31,0.06909
300001,2013/12/31,0.067202
300115,2013/12/31,0.104384
300264,2013/12/31,0.026111
300296,2013/12/31,0.073078
300121,2013/12/31,0.01662
300097,2013/12/31,0.050297
300027,2013/12/31,0.118613
300200,2013/12/31,0.0606
300071,2013/12/31,0.089473
300379,2013/12/31,0.170067
300088,2013/12/31,0.130498
300117,2013/12/31,0.023829
300099,2013/12/31,0.084325
300120,2013/12/31,0.050047
300259,2013/12/31,0.131765
300338,2013/12/31,0.057077
300310,2013/12/31,0.049177
300229,2013/12/31,0.07428
300194,2013/12/31,0.021044
300261,2013/12/31,0.056723
300188,2013/12/31,0.063754
300250,2013/12/31,0.071349
300375,2013/12/31,0.126561
300319,2013/12/31,0.072095
300070,2013/12/31,0.140352
300348,2013/12/31,0.049584
300152,2013/12/31,0.023911
300091,2013/12/31,0.002219
300134,2013/12/31,0.019298
300256,2013/12/31,-0.093453
300222,2013/12/31,0.016897
300043,2013/12/31,0.086061
300163,2013/12/31,0.032173
300007,2013/12/31,0.057457
300141,2013/12/31,0.082151
300248,2013/12/31,0.043238
300322,2013/12/31,0.050877
300331,2013/12/31,0.016155
300147,2013/12/31,0.053268
300324,2013/12/31,0.035748
300018,2013/12/31,0.049553
300179,2013/12/31,0.043317
300193,2013/12/31,0.032171
300158,2013/12/31,0.023047
300234,2013/12/31,0.094344
300223,2013/12/31,0.022961
300153,2013/12/31,0.019186
300343,2013/12/31,0.098229
300215,2013/12/31,0.070136
300162,2013/12/31,0.019805
300272,2013/12/31,0.099394
300327,2013/12/31,0.042088
300034,2013/12/31,0.073045
300255,2013/12/31,0.075214
300281,2013/12/31,0.069782
300291,2013/12/31,0.111525
300056,2013/12/31,0.072011
300209,2013/12/31,0.008822
300107,2013/12/31,0.043538
300021,2013/12/31,0.012703
300329,2013/12/31,0.049708
300202,2013/12/31,0.249394
300051,2013/12/31,0.016559
300087,2013/12/31,0.024754
300196,2013/12/31,0.082206
300118,2013/12/31,0.018525
300368,2013/12/31,0.150485
300016,2013/12/31,0.109575
300066,2013/12/31,0.094693
300036,2013/12/31,0.070041
300048,2013/12/31,0.025287
300203,2013/12/31,0.067993
300373,2013/12/31,0.216085
300230,2013/12/31,0.086088
300244,2013/12/31,0.11865
300257,2013/12/31,0.098326
300282,2013/12/31,-0.027658
300186,2013/12/31,0.097541
300381,2013/12/31,0.187469
300090,2013/12/31,0.048597
300370,2013/12/31,0.101305
300356,2013/12/31,0.055114
300314,2013/12/31,0.096805
300026,2013/12/31,0.169566
300012,2013/12/31,0.144517
300340,2013/12/31,0.003659
300129,2013/12/31,0.032089
300359,2013/12/31,0.190577
300024,2013/12/31,0.117145
300132,2013/12/31,0.027879
300150,2013/12/31,0.042569
300246,2013/12/31,0.067507
300245,2013/12/31,0.093834
300176,2013/12/31,0.02072
300211,2013/12/31,0.040474
300058,2013/12/31,0.104136
300206,2013/12/31,0.0262
300076,2013/12/31,0.006866
300325,2013/12/31,0.04789
300214,2013/12/31,0.042573
300151,2013/12/31,0.03998
300136,2013/12/31,-0.080871
300313,2013/12/31,0.021168
300345,2013/12/31,0.027951
300086,2013/12/31,0.00745
300352,2013/12/31,0.101114
300073,2013/12/31,0.009883
300285,2013/12/31,0.117228
300083,2013/12/31,0.053306
300195,2013/12/31,0.097428
300135,2013/12/31,0.049944
300031,2013/12/31,0.107915
300130,2013/12/31,0.044307
300235,2013/12/31,0.072606
300335,2013/12/31,0.081224
300197,2013/12/31,0.077319
300372,2013/12/31,0.086976
300005,2013/12/31,0.187459
300265,2013/12/31,0.037066
300311,2013/12/31,0.041184
300290,2013/12/31,0.100089
300280,2013/12/31,0.002279
300207,2013/12/31,0.033733
300240,2013/12/31,0.045473
300160,2013/12/31,0.023957
300242,2013/12/31,-0.092693
300164,2013/12/31,0.021773
300205,2013/12/31,0.055599
300262,2013/12/31,0.068889
300142,2013/12/31,0.000922
300149,2013/12/31,0.055462
300271,2013/12/31,0.102581
300191,2013/12/31,0.076811
300353,2013/12/31,0.078165
300045,2013/12/31,0.014139
300004,2013/12/31,0.040143
300077,2013/12/31,0.001633
300182,2013/12/31,0.130505
300123,2013/12/31,0.044619
300288,2013/12/31,0.103913
300333,2013/12/31,0.081381
300081,2013/12/31,-0.055382
300365,2013/12/31,0.233198
300226,2013/12/31,0.032521
300357,2013/12/31,0.310068
300093,2013/12/31,0.008857
300239,2013/12/31,0.084869
300053,2013/12/31,0.043001
300323,2013/12/31,-0.003985
300079,2013/12/31,0.052029
300131,2013/12/31,-0.008804
300065,2013/12/31,0.021359
300168,2013/12/31,0.076178
300040,2013/12/31,0.005946
300350,2013/12/31,0.050594
300096,2013/12/31,0.048896
300300,2013/12/31,0.065394
300337,2013/12/31,0.035603
300380,2013/12/31,0.192479
300069,2013/12/31,0.031352
300201,2013/12/31,0.005752
300075,2013/12/31,0.078315
300305,2013/12/31,0.047188
300307,2013/12/31,0.059559
300317,2013/12/31,0.018732
300100,2013/12/31,0.061471
300382,2013/12/31,0.184688
300102,2013/12/31,0.054788
300082,2013/12/31,0.021998
300173,2013/12/31,-0.029086
300366,2013/12/31,0.14348
300098,2013/12/31,0.052499
300376,2013/12/31,0.116065
300318,2013/12/31,0.072671
300198,2013/12/31,0.074392
300232,2013/12/31,0.040585
300236,2013/12/31,0.063774
300133,2013/12/31,0.141431
300316,2013/12/31,0.023434
300180,2013/12/31,0.065955
300106,2013/12/31,0.025016
300330,2013/12/31,0.038361
300328,2013/12/31,0.067795
300273,2013/12/31,0.127816
300302,2013/12/31,0.036242
300080,2013/12/31,0.020713
300258,2013/12/31,0.096517
300185,2013/12/31,0.00937
300283,2013/12/31,0.005563
300063,2013/12/31,0.018363
300362,2013/12/31,0.025498
300155,2013/12/31,0.07868
300252,2013/12/31,0.011534
300346,2013/12/31,0.051596
300326,2013/12/31,0.118475
300220,2013/12/31,0.016942
300243,2013/12/31,0.040653
300170,2013/12/31,0.105473
300013,2013/12/31,0.013046
300055,2013/12/31,0.061602
300299,2013/12/31,0.03077
300287,2013/12/31,0.078289
300038,2013/12/31,0.043285
300089,2013/12/31,0.003429
300192,2013/12/31,0.052283
300109,2013/12/31,0.048458
300111,2013/12/31,0.002985
300297,2013/12/31,0.031478
300219,2013/12/31,0.063219
300344,2013/12/31,0.026822
300270,2013/12/31,0.029661
300171,2013/12/31,0.079976
300137,2013/12/31,0.057132
300183,2013/12/31,0.13854
300351,2013/12/31,0.06645
300266,2013/12/31,0.029935
300308,2013/12/31,0.022169
300187,2013/12/31,0.041591
300161,2013/12/31,0.012892
300057,2013/12/31,0.048434
300175,2013/12/31,0.017653
300020,2013/12/31,0.059859
300028,2013/12/31,-0.093141
300061,2013/12/31,0.05064
300276,2013/12/31,0.033529
300166,2013/12/31,0.093949
300128,2013/12/31,0.058521
300178,2013/12/31,0.069842
300217,2013/12/31,0.061674
300332,2013/12/31,0.070324
300189,2013/12/31,0.021445
300377,2013/12/31,0.18702
300312,2013/12/31,-0.046302
300094,2013/12/31,0.024295
300208,2013/12/31,0.032822
300157,2013/12/31,0.061293
300260,2013/12/31,0.014028
300268,2013/12/31,-0.269871
300315,2013/12/31,0.108138
300122,2013/12/31,0.051203
300279,2013/12/31,0.033134
300025,2013/12/31,0.059829
300049,2013/12/31,0.001766
300139,2013/12/31,0.056826
300369,2013/12/31,0.174581
300293,2013/12/31,0.073442
300378,2013/12/31,0.100749
300022,2013/12/31,-0.062673
300156,2013/12/31,-0.061443
300167,2013/12/31,0.003063
300355,2013/12/31,0.067156
300269,2013/12/31,0.015433
300277,2013/12/31,0.006406
300358,2014/12/31,0.124917
300208,2014/12/31,0.089273
300278,2014/12/31,0.034812
300056,2014/12/31,0.077057
300011,2014/12/31,0.113367
300196,2014/12/31,0.100253
300131,2014/12/31,0.023109
300286,2014/12/31,0.126428
300390,2014/12/31,0.120108
300317,2014/12/31,0.004904
300294,2014/12/31,0.113934
300198,2014/12/31,0.034557
300239,2014/12/31,0.009309
300357,2014/12/31,0.250354
300193,2014/12/31,0.023145
300242,2014/12/31,0.013049
300238,2014/12/31,0.084062
300248,2014/12/31,0.061905
300241,2014/12/31,0.022013
300335,2014/12/31,0.058499
300353,2014/12/31,0.050508
300030,2014/12/31,0.059656
300204,2014/12/31,0.115502
300256,2014/12/31,0.005451
300125,2014/12/31,0.007903
300179,2014/12/31,0.039601
300363,2014/12/31,0.087462
300299,2014/12/31,0.036845
300144,2014/12/31,0.099949
300201,2014/12/31,0.015661
300146,2014/12/31,0.194936
300253,2014/12/31,0.125187
300226,2014/12/31,0.011094
300267,2014/12/31,0.156732
300009,2014/12/31,0.130626
300351,2014/12/31,0.104736
300328,2014/12/31,0.061456
300134,2014/12/31,0.166093
300140,2014/12/31,0.013714
300054,2014/12/31,0.106941
300139,2014/12/31,0.049337
300055,2014/12/31,0.063428
300141,2014/12/31,0.064417
300227,2014/12/31,0.054535
300156,2014/12/31,0.007986
300289,2014/12/31,0.100498
300127,2014/12/31,0.067084
300322,2014/12/31,0.050059
300365,2014/12/31,0.142596
300295,2014/12/31,0.166978
300379,2014/12/31,0.090171
300345,2014/12/31,0.01417
300221,2014/12/31,0.020512
300121,2014/12/31,0.023569
300316,2014/12/31,0.034654
300237,2014/12/31,0.05196
300199,2014/12/31,0.114905
300406,2014/12/31,0.269129
300165,2014/12/31,0.03115
300184,2014/12/31,0.036439
300072,2014/12/31,0.095632
300305,2014/12/31,0.052255
300017,2014/12/31,0.287147
300303,2014/12/31,0.131253
300111,2014/12/31,0.012308
300190,2014/12/31,0.062656
300380,2014/12/31,0.102823
300067,2014/12/31,0.109578
300209,2014/12/31,0.009513
300247,2014/12/31,0.026772
300216,2014/12/31,0.090774
300172,2014/12/31,0.068302
300281,2014/12/31,0.062679
300244,2014/12/31,0.133166
300341,2014/12/31,0.062832
300324,2014/12/31,0.079579
300395,2014/12/31,0.118068
300298,2014/12/31,0.174598
300343,2014/12/31,0.014593
300074,2014/12/31,0.026971
300323,2014/12/31,0.029117
300133,2014/12/31,0.114064
300225,2014/12/31,0.087609
300398,2014/12/31,0.143901
300003,2014/12/31,0.129987
300195,2014/12/31,0.085168
300046,2014/12/31,0.049136
300105,2014/12/31,0.055548
300078,2014/12/31,0.064598
300164,2014/12/31,0.018356
300025,2014/12/31,0.060786
300006,2014/12/31,0.005088
300124,2014/12/31,0.163008
300288,2014/12/31,0.034043
300058,2014/12/31,0.081172
300031,2014/12/31,0.074106
300178,2014/12/31,0.076016
300043,2014/12/31,0.116092
300095,2014/12/31,0.042315
300019,2014/12/31,0.10685
300419,2014/12/31,0.164258
300142,2014/12/31,0.01598
300396,2014/12/31,0.127275
300349,2014/12/31,0.131414
300037,2014/12/31,0.08785
300073,2014/12/31,-0.025452
300101,2014/12/31,0.061075
300166,2014/12/31,0.091364
300231,2014/12/31,0.11905
300254,2014/12/31,0.049206
300275,2014/12/31,0.035808
300272,2014/12/31,0.095512
300068,2014/12/31,0.022605
300421,2014/12/31,0.089803
300249,2014/12/31,0.02601
300255,2014/12/31,0.072799
300370,2014/12/31,0.076746
300138,2014/12/31,0.013168
300154,2014/12/31,0.064501
300284,2014/12/31,0.072591
300283,2014/12/31,0.029274
300212,2014/12/31,0.057264
300412,2014/12/31,0.123058
300403,2014/12/31,0.146533
300271,2014/12/31,0.097572
300039,2014/12/31,0.179699
300304,2014/12/31,0.069742
300296,2014/12/31,0.102466
300339,2014/12/31,0.068102
300384,2014/12/31,0.107401
300310,2014/12/31,0.052782
300332,2014/12/31,0.068837
300048,2014/12/31,0.025929
300210,2014/12/31,0.082467
300293,2014/12/31,0.038291
300222,2014/12/31,0.064316
300066,2014/12/31,0.108419
300081,2014/12/31,0.008768
300207,2014/12/31,0.045006
300071,2014/12/31,0.051455
300113,2014/12/31,0.123946
300032,2014/12/31,0.03398
300090,2014/12/31,0.044641
300114,2014/12/31,0.065417
300181,2014/12/31,0.100553
300188,2014/12/31,0.104598
300200,2014/12/31,0.058987
300218,2014/12/31,0.035532
300334,2014/12/31,0.074372
300027,2014/12/31,0.121469
300392,2014/12/31,0.121545
300393,2014/12/31,0.151371
300047,2014/12/31,0.039411
300180,2014/12/31,0.071769
300264,2014/12/31,0.025566
300163,2014/12/31,0.037271
300338,2014/12/31,0.055818
300038,2014/12/31,0.035373
300250,2014/12/31,0.078191
300259,2014/12/31,0.118139
300007,2014/12/31,0.042382
300194,2014/12/31,0.024823
300360,2014/12/31,0.182966
300378,2014/12/31,0.050755
300126,2014/12/31,0.052125
300223,2014/12/31,-0.009237
300290,2014/12/31,0.095499
300306,2014/12/31,0.083989
300401,2014/12/31,0.052146
300008,2014/12/31,0.041956
300313,2014/12/31,0.003681
300420,2014/12/31,0.101539
300092,2014/12/31,0.009032
300354,2014/12/31,0.021126
300103,2014/12/31,0.053387
300109,2014/12/31,0.067132
300130,2014/12/31,0.060416
300234,2014/12/31,0.149919
300036,2014/12/31,0.054453
300120,2014/12/31,0.007097
300091,2014/12/31,0.007601
300016,2014/12/31,0.123289
300287,2014/12/31,0.052236
300375,2014/12/31,0.125263
300400,2014/12/31,0.082865
300026,2014/12/31,0.17062
300080,2014/12/31,0.005355
300082,2014/12/31,0.020232
300104,2014/12/31,0.01857
300115,2014/12/31,0.09289
300325,2014/12/31,0.03744
300327,2014/12/31,0.049077
300015,2014/12/31,0.134018
300044,2014/12/31,0.062311
300252,2014/12/31,0.056634
300042,2014/12/31,0.023144
300215,2014/12/31,0.026107
300168,2014/12/31,0.068474
300269,2014/12/31,0.089943
300098,2014/12/31,0.092563
300232,2014/12/31,0.068141
300174,2014/12/31,0.013616
300265,2014/12/31,0.027479
300376,2014/12/31,0.082107
300108,2014/12/31,0.043656
300399,2014/12/31,0.097582
300050,2014/12/31,0.022155
300150,2014/12/31,0.078609
300159,2014/12/31,0.091561
300371,2014/12/31,0.206174
300028,2014/12/31,0.005985
300233,2014/12/31,0.064682
300388,2014/12/31,0.022407
300118,2014/12/31,0.015595
300292,2014/12/31,0.052093
300112,2014/12/31,0.045556
300145,2014/12/31,0.102597
300213,2014/12/31,0.067359
300224,2014/12/31,0.05759
300301,2014/12/31,0.03322
300382,2014/12/31,0.126772
300321,2014/12/31,0.040325
300001,2014/12/31,0.066704
300342,2014/12/31,0.103468
300389,2014/12/31,0.167266
300415,2014/12/31,0.065938
300116,2014/12/31,0.009197
300106,2014/12/31,0.020358
300240,2014/12/31,0.030264
300077,2014/12/31,0.003554
300205,2014/12/31,0.031613
300119,2014/12/31,0.014462
300012,2014/12/31,0.108562
300314,2014/12/31,0.07695
300329,2014/12/31,0.038826
300024,2014/12/31,0.117269
300245,2014/12/31,0.100831
300170,2014/12/31,0.109187
300203,2014/12/31,0.074
300211,2014/12/31,0.018068
300051,2014/12/31,0.003743
300085,2014/12/31,0.037653
300087,2014/12/31,0.023575
300246,2014/12/31,0.071073
300291,2014/12/31,0.057782
300359,2014/12/31,0.141501
300148,2014/12/31,0.089235
300416,2014/12/31,0.104616
300010,2014/12/31,0.071637
300279,2014/12/31,0.028957
300034,2014/12/31,0.079501
300261,2014/12/31,0.047877
300312,2014/12/31,0.004402
300347,2014/12/31,0.125964
300425,2014/12/31,0.096211
300107,2014/12/31,0.045954
300089,2014/12/31,0.007529
300407,2014/12/31,0.083158
300057,2014/12/31,0.052901
300214,2014/12/31,0.038265
300319,2014/12/31,0.068579
300153,2014/12/31,0.028117
300185,2014/12/31,0.010756
300405,2014/12/31,0.032391
300274,2014/12/31,0.064489
300005,2014/12/31,0.173147
300331,2014/12/31,0.002558
300132,2014/12/31,0.049129
300136,2014/12/31,0.068415
300065,2014/12/31,0.021838
300189,2014/12/31,-0.070975
300243,2014/12/31,0.043711
300251,2014/12/31,0.09291
300262,2014/12/31,0.064624
300158,2014/12/31,0.012208
300040,2014/12/31,-0.039115
300149,2014/12/31,0.053001
300160,2014/12/31,0.023189
300206,2014/12/31,0.008683
300391,2014/12/31,0.046143
300062,2014/12/31,0.032559
300300,2014/12/31,0.081706
300340,2014/12/31,-0.04755
300413,2014/12/31,0.107407
300021,2014/12/31,0.014081
300350,2014/12/31,0.044873
300110,2014/12/31,0.022502
300135,2014/12/31,0.027132
300173,2014/12/31,0.005415
300129,2014/12/31,0.037489
300258,2014/12/31,0.085779
300368,2014/12/31,0.086881
300177,2014/12/31,0.086284
300315,2014/12/31,0.100842
300084,2014/12/31,0.033872
300088,2014/12/31,0.057044
300202,2014/12/31,0.24588
300235,2014/12/31,0.062997
300408,2014/12/31,0.195401
300285,2014/12/31,0.087851
300336,2014/12/31,0.094276
300197,2014/12/31,0.056197
300302,2014/12/31,0.045485
300435,2014/12/31,0.133749
300022,2014/12/31,-0.156196
300069,2014/12/31,0.022623
300122,2014/12/31,0.055826
300260,2014/12/31,0.00545
300409,2014/12/31,0.115369
300417,2014/12/31,0.14702
300318,2014/12/31,0.0471
300383,2014/12/31,0.144819
300045,2014/12/31,0.043001
300100,2014/12/31,0.049118
300161,2014/12/31,0.012012
300083,2014/12/31,0.02261
300086,2014/12/31,0.030587
300280,2014/12/31,0.003548
300093,2014/12/31,0.012691
300096,2014/12/31,0.05181
300276,2014/12/31,0.037433
300075,2014/12/31,0.095085
300097,2014/12/31,0.04063
300257,2014/12/31,0.081077
300079,2014/12/31,0.061032
300333,2014/12/31,0.057681
300346,2014/12/31,0.041231
300311,2014/12/31,0.063733
300175,2014/12/31,0.068878
300147,2014/12/31,0.061318
300356,2014/12/31,0.02011
300167,2014/12/31,-0.005132
300330,2014/12/31,0.021153
300052,2014/12/31,0.004388
300018,2014/12/31,0.059987
300410,2014/12/31,0.070409
300381,2014/12/31,0.082319
300014,2014/12/31,0.054841
300169,2014/12/31,0.01119
300373,2014/12/31,0.156674
300364,2014/12/31,0.122304
300418,2014/12/31,0.240171
300128,2014/12/31,0.027808
300348,2014/12/31,0.069144
300297,2014/12/31,0.030727
300099,2014/12/31,0.009983
300041,2014/12/31,0.089289
300061,2014/12/31,0.056919
300229,2014/12/31,0.075899
300152,2014/12/31,0.020348
300076,2014/12/31,0.016877
300162,2014/12/31,0.0359
300176,2014/12/31,0.009622
300411,2014/12/31,0.059289
300143,2014/12/31,-0.325666
300236,2014/12/31,0.06771
300013,2014/12/31,0.014163
300385,2014/12/31,0.057368
300192,2014/12/31,0.050496
300220,2014/12/31,0.013827
300387,2014/12/31,0.094458
300402,2014/12/31,0.03387
300004,2014/12/31,0.043398
300355,2014/12/31,0.068607
300352,2014/12/31,0.090825
300053,2014/12/31,0.035241
300191,2014/12/31,0.019652
300183,2014/12/31,0.126706
300117,2014/12/31,0.014801
300326,2014/12/31,0.069596
300268,2014/12/31,0.01142
300020,2014/12/31,0.055632
300277,2014/12/31,-0.074095
300263,2014/12/31,0.062511
300337,2014/12/31,0.022809
300217,2014/12/31,0.06509
300070,2014/12/31,0.108244
300219,2014/12/31,0.071538
300230,2014/12/31,0.087053
300344,2014/12/31,-0.021837
300035,2014/12/31,0.047824
300137,2014/12/31,0.062448
300308,2014/12/31,0.0117
300270,2014/12/31,0.071338
300369,2014/12/31,0.146068
300377,2014/12/31,0.133362
300063,2014/12/31,0.003288
300157,2014/12/31,0.042192
300171,2014/12/31,0.088429
300266,2014/12/31,0.068644
300366,2014/12/31,0.099955
300372,2014/12/31,0.051539
300374,2014/12/31,0.074412
300002,2014/12/31,0.124188
300155,2014/12/31,0.061627
300182,2014/12/31,0.124207
300187,2014/12/31,0.037109
300228,2014/12/31,0.068343
300307,2014/12/31,-0.076222
300320,2014/12/31,0.092784
300362,2014/12/31,0.022836
300049,2014/12/31,0.068586
300151,2014/12/31,0.053436
300386,2014/12/31,0.232654
300273,2014/12/31,0.113855
300123,2014/12/31,0.015022
300397,2014/12/31,0.067066
300429,2014/12/31,0.211552
300102,2014/12/31,0.027144
300282,2014/12/31,0.018249
300186,2014/12/31,0.048217
300094,2014/12/31,0.085002
300401,2015/12/31,0.01565
300301,2015/12/31,0.055259
300351,2015/12/31,0.092347
300298,2015/12/31,0.112431
300125,2015/12/31,0.00451
300131,2015/12/31,0.021452
300227,2015/12/31,0.040862
300450,2015/12/31,0.118714
300376,2015/12/31,0.080087
300437,2015/12/31,0.099382
300349,2015/12/31,0.073914
300054,2015/12/31,0.111626
300118,2015/12/31,0.04761
300161,2015/12/31,-0.031571
300271,2015/12/31,0.093423
300324,2015/12/31,0.07128
300132,2015/12/31,0.01114
300363,2015/12/31,0.049894
300443,2015/12/31,0.175832
300140,2015/12/31,0.012139
300278,2015/12/31,0.038549
300453,2015/12/31,0.106561
300121,2015/12/31,0.03197
300175,2015/12/31,0.024582
300233,2015/12/31,0.089489
300095,2015/12/31,0.049222
300243,2015/12/31,0.044986
300336,2015/12/31,0.096868
300162,2015/12/31,0.016797
300193,2015/12/31,0.03396
300228,2015/12/31,0.003396
300146,2015/12/31,0.163106
300259,2015/12/31,0.079251
300331,2015/12/31,0.00505
300014,2015/12/31,0.079442
300144,2015/12/31,0.119203
300191,2015/12/31,-0.038514
300122,2015/12/31,0.073165
300204,2015/12/31,0.107869
300203,2015/12/31,0.0768
300077,2015/12/31,0.028353
300432,2015/12/31,0.165166
300009,2015/12/31,0.114319
300441,2015/12/31,0.056756
300485,2015/12/31,0.157128
300283,2015/12/31,0.00281
300163,2015/12/31,0.027897
300148,2015/12/31,0.086022
300335,2015/12/31,0.028336
300105,2015/12/31,-0.017061
300414,2015/12/31,0.127131
300314,2015/12/31,0.061072
300238,2015/12/31,0.087591
300024,2015/12/31,0.082078
300316,2015/12/31,0.053192
300430,2015/12/31,0.065491
300111,2015/12/31,0.028131
300245,2015/12/31,0.053528
300457,2015/12/31,0.079379
300116,2015/12/31,0.025529
300360,2015/12/31,0.15191
300322,2015/12/31,-0.100826
300073,2015/12/31,0.009628
300408,2015/12/31,0.190202
300421,2015/12/31,0.080862
300244,2015/12/31,0.10514
300383,2015/12/31,0.093651
300068,2015/12/31,0.047339
300375,2015/12/31,0.096336
300087,2015/12/31,0.039769
300172,2015/12/31,0.073263
300072,2015/12/31,0.105002
300403,2015/12/31,0.111745
300176,2015/12/31,0.019878
300216,2015/12/31,0.015495
300080,2015/12/31,-0.00016
300143,2015/12/31,0.011416
300428,2015/12/31,0.103715
300458,2015/12/31,0.085822
300025,2015/12/31,0.055075
300422,2015/12/31,0.052381
300225,2015/12/31,0.060185
300393,2015/12/31,0.081183
300398,2015/12/31,0.11499
300149,2015/12/31,0.081096
300120,2015/12/31,0.006846
300365,2015/12/31,0.142107
300488,2015/12/31,0.128762
300104,2015/12/31,0.016809
300215,2015/12/31,0.007549
300296,2015/12/31,0.091754
300472,2015/12/31,0.058808
300255,2015/12/31,0.071655
300019,2015/12/31,0.10423
300045,2015/12/31,0.02594
300184,2015/12/31,0.043559
300222,2015/12/31,0.076863
300256,2015/12/31,0.010683
300037,2015/12/31,0.067511
300101,2015/12/31,0.079912
300036,2015/12/31,0.061302
300017,2015/12/31,0.302569
300213,2015/12/31,0.060652
300249,2015/12/31,0.018087
300466,2015/12/31,0.063566
300491,2015/12/31,0.110005
300034,2015/12/31,0.083804
300056,2015/12/31,0.059317
300368,2015/12/31,0.067447
300026,2015/12/31,0.112702
300410,2015/12/31,0.061743
300247,2015/12/31,0.030249
300262,2015/12/31,0.051532
300114,2015/12/31,0.066403
300081,2015/12/31,0.001262
300027,2015/12/31,0.087919
300210,2015/12/31,0.056457
300067,2015/12/31,0.05115
300092,2015/12/31,-0.071197
300209,2015/12/31,-0.000918
300455,2015/12/31,0.100149
300293,2015/12/31,0.005469
300320,2015/12/31,0.065637
300117,2015/12/31,0.01762
300392,2015/12/31,0.12065
300066,2015/12/31,0.096874
300139,2015/12/31,0.027643
300150,2015/12/31,0.069329
300207,2015/12/31,0.063078
300237,2015/12/31,0.056616
300339,2015/12/31,0.053157
300052,2015/12/31,0.044863
300476,2015/12/31,0.077438
300482,2015/12/31,0.207949
300208,2015/12/31,0.189454
300160,2015/12/31,0.041719
300286,2015/12/31,0.095033
300127,2015/12/31,0.083793
300253,2015/12/31,0.109379
300008,2015/12/31,0.033689
300190,2015/12/31,0.053519
300147,2015/12/31,0.048942
300200,2015/12/31,0.064292
300218,2015/12/31,0.034612
300289,2015/12/31,0.108782
300373,2015/12/31,0.124705
300378,2015/12/31,0.008034
300436,2015/12/31,0.250953
300451,2015/12/31,0.071764
300475,2015/12/31,0.100839
300495,2015/12/31,0.081647
300354,2015/12/31,0.022507
300291,2015/12/31,0.061407
300103,2015/12/31,0.038447
300089,2015/12/31,0.010534
300138,2015/12/31,0.039072
300284,2015/12/31,0.069696
300416,2015/12/31,0.101637
300480,2015/12/31,0.0563
300044,2015/12/31,0.07348
300015,2015/12/31,0.150362
300230,2015/12/31,0.081305
300328,2015/12/31,0.060172
300223,2015/12/31,0.029602
300307,2015/12/31,0.023918
300390,2015/12/31,0.070381
300231,2015/12/31,0.140813
300382,2015/12/31,0.119466
300039,2015/12/31,0.119141
300412,2015/12/31,0.103616
300007,2015/12/31,0.042824
300099,2015/12/31,0.036771
300386,2015/12/31,0.107111
300115,2015/12/31,0.101019
300134,2015/12/31,0.02505
300469,2015/12/31,0.070186
300229,2015/12/31,0.071724
300338,2015/12/31,0.002047
300177,2015/12/31,0.000099
300093,2015/12/31,0.002868
300290,2015/12/31,0.067584
300481,2015/12/31,0.146572
300071,2015/12/31,0.048346
300047,2015/12/31,0.034714
300479,2015/12/31,0.128038
300419,2015/12/31,0.063992
300057,2015/12/31,0.013633
300214,2015/12/31,0.073307
300062,2015/12/31,0.014067
300090,2015/12/31,0.082606
300425,2015/12/31,0.049733
300317,2015/12/31,0.034659
300217,2015/12/31,0.039989
300133,2015/12/31,0.075852
300003,2015/12/31,0.103114
300327,2015/12/31,0.072299
300406,2015/12/31,0.212505
300065,2015/12/31,0.029167
300221,2015/12/31,0.031652
300442,2015/12/31,0.049097
300145,2015/12/31,0.076041
300277,2015/12/31,0.004707
300018,2015/12/31,0.062209
300239,2015/12/31,0.008988
300299,2015/12/31,0.06688
300078,2015/12/31,0.075119
300050,2015/12/31,0.047622
300371,2015/12/31,0.126596
300074,2015/12/31,0.027305
300306,2015/12/31,0.049257
300051,2015/12/31,-0.081459
300076,2015/12/31,0.004259
300069,2015/12/31,0.015637
300107,2015/12/31,0.024911
300112,2015/12/31,0.020431
300174,2015/12/31,0.051714
300257,2015/12/31,0.041652
300235,2015/12/31,0.059101
300267,2015/12/31,0.166463
300049,2015/12/31,0.056378
300041,2015/12/31,0.053787
300187,2015/12/31,0.056957
300420,2015/12/31,0.024865
300424,2015/12/31,0.077697
300415,2015/12/31,0.056849
300357,2015/12/31,0.20619
300212,2015/12/31,0.037624
300242,2015/12/31,0.038359
300294,2015/12/31,0.104206
300181,2015/12/31,0.061764
300195,2015/12/31,0.053978
300490,2015/12/31,0.053778
300097,2015/12/31,0.045525
300046,2015/12/31,0.033573
300389,2015/12/31,0.099806
300011,2015/12/31,0.100222
300396,2015/12/31,0.085261
300325,2015/12/31,0.032894
300303,2015/12/31,0.054644
300426,2015/12/31,0.093951
300136,2015/12/31,0.1479
300156,2015/12/31,0.057844
300473,2015/12/31,0.091297
300418,2015/12/31,0.151319
300240,2015/12/31,0.035961
300394,2015/12/31,0.196222
300341,2015/12/31,0.092831
300124,2015/12/31,0.157088
300211,2015/12/31,0.01996
300031,2015/12/31,0.068972
300434,2015/12/31,0.064975
300251,2015/12/31,0.063252
300085,2015/12/31,0.073058
300400,2015/12/31,0.068555
300359,2015/12/31,0.084437
300334,2015/12/31,0.031655
300438,2015/12/31,0.078653
300330,2015/12/31,-0.023303
300100,2015/12/31,0.06384
300012,2015/12/31,0.104817
300358,2015/12/31,0.08026
300084,2015/12/31,0.00708
300126,2015/12/31,0.002898
300205,2015/12/31,0.003296
300021,2015/12/31,0.038043
300058,2015/12/31,0.005589
300356,2015/12/31,0.023718
300435,2015/12/31,0.113765
300470,2015/12/31,0.117618
300427,2015/12/31,0.127634
300387,2015/12/31,0.075612
300295,2015/12/31,0.113536
300070,2015/12/31,0.100774
300202,2015/12/31,0.14472
300088,2015/12/31,0.057517
300096,2015/12/31,0.020379
300448,2015/12/31,0.125101
300282,2015/12/31,-0.039873
300493,2015/12/31,0.075678
300500,2015/12/31,0.123884
300224,2015/12/31,0.064214
300348,2015/12/31,0.044567
300340,2015/12/31,-0.085179
300110,2015/12/31,0.008259
300196,2015/12/31,0.118177
300380,2015/12/31,0.040272
300344,2015/12/31,-0.075022
300241,2015/12/31,0.027404
300347,2015/12/31,0.117191
300098,2015/12/31,0.04724
300391,2015/12/31,0.005745
300477,2015/12/31,0.06818
300498,2015/12/31,0.219675
300395,2015/12/31,0.103615
300159,2015/12/31,0.068267
300285,2015/12/31,0.093398
300219,2015/12/31,0.091231
300384,2015/12/31,0.090795
300254,2015/12/31,0.023339
300020,2015/12/31,0.023996
300032,2015/12/31,0.080962
300197,2015/12/31,0.050673
300319,2015/12/31,0.060527
300352,2015/12/31,0.080225
300484,2015/12/31,0.228003
300086,2015/12/31,0.033353
300431,2015/12/31,0.175145
300269,2015/12/31,0.084424
300449,2015/12/31,0.058689
300010,2015/12/31,0.057133
300311,2015/12/31,0.051574
300263,2015/12/31,0.05725
300130,2015/12/31,0.053942
300171,2015/12/31,0.096045
300246,2015/12/31,0.053274
300346,2015/12/31,0.035049
300075,2015/12/31,0.07372
300236,2015/12/31,0.037662
300079,2015/12/31,0.061999
300250,2015/12/31,0.095529
300258,2015/12/31,0.082494
300261,2015/12/31,0.043268
300312,2015/12/31,0.004402
300423,2015/12/31,0.083003
300281,2015/12/31,0.029154
300313,2015/12/31,-0.062419
300040,2015/12/31,0.010763
300494,2015/12/31,0.131031
300501,2015/12/31,0.187547
300315,2015/12/31,0.077696
300397,2015/12/31,-0.033902
300417,2015/12/31,0.105726
300061,2015/12/31,0.070911
300164,2015/12/31,-0.017612
300165,2015/12/31,0.026751
300333,2015/12/31,0.067182
300153,2015/12/31,0.040465
300276,2015/12/31,0.027683
300304,2015/12/31,0.05677
300042,2015/12/31,0.027856
300129,2015/12/31,0.057562
300332,2015/12/31,0.042605
300185,2015/12/31,0.016566
300234,2015/12/31,0.079535
300452,2015/12/31,0.122224
300489,2015/12/31,0.053747
300113,2015/12/31,0.192
300460,2015/12/31,0.055139
300108,2015/12/31,0.061633
300198,2015/12/31,0.029262
300381,2015/12/31,0.047
300411,2015/12/31,0.050882
300035,2015/12/31,0.014524
300468,2015/12/31,0.085342
300106,2015/12/31,0.010435
300506,2015/12/31,0.096396
300265,2015/12/31,0.072047
300248,2015/12/31,0.060951
300374,2015/12/31,0.041344
300268,2015/12/31,-0.288533
300467,2015/12/31,0.172453
300366,2015/12/31,0.088843
300310,2015/12/31,0.058107
300151,2015/12/31,0.030198
300308,2015/12/31,0.008626
300413,2015/12/31,0.048403
300119,2015/12/31,0.056468
300173,2015/12/31,0.036442
300350,2015/12/31,0.059919
300433,2015/12/31,0.078281
300492,2015/12/31,0.080246
300006,2015/12/31,0.00763
300053,2015/12/31,0.052204
300166,2015/12/31,0.098088
300182,2015/12/31,0.128244
300232,2015/12/31,0.09488
300369,2015/12/31,0.115302
300043,2015/12/31,0.130883
300038,2015/12/31,0.022872
300128,2015/12/31,0.009512
300167,2015/12/31,0.013795
300353,2015/12/31,0.071071
300388,2015/12/31,0.024835
300355,2015/12/31,0.043093
300487,2015/12/31,0.079123
300444,2015/12/31,0.094128
300486,2015/12/31,0.04482
300188,2015/12/31,0.08671
300370,2015/12/31,0.066703
300462,2015/12/31,0.077818
300465,2015/12/31,0.053339
300083,2015/12/31,-0.075235
300141,2015/12/31,0.02692
300170,2015/12/31,0.11111
300192,2015/12/31,0.042944
300377,2015/12/31,0.119245
300402,2015/12/31,0.002751
300440,2015/12/31,0.107557
300496,2015/12/31,0.143939
300005,2015/12/31,0.115084
300155,2015/12/31,0.025422
300252,2015/12/31,0.071405
300302,2015/12/31,0.086892
300091,2015/12/31,0.01511
300337,2015/12/31,-0.074226
300459,2015/12/31,0.072225
300497,2015/12/31,0.114009
300048,2015/12/31,0.025522
300109,2015/12/31,0.066626
300305,2015/12/31,0.060767
300409,2015/12/31,0.054058
300499,2015/12/31,0.079153
300178,2015/12/31,0.058027
300183,2015/12/31,0.120427
300288,2015/12/31,0.079224
300329,2015/12/31,0.040162
300194,2015/12/31,0.030411
300169,2015/12/31,0.006517
300405,2015/12/31,-0.021336
300471,2015/12/31,0.091518
300275,2015/12/31,-0.083769
300004,2015/12/31,0.010582
300180,2015/12/31,0.053915
300260,2015/12/31,-0.002225
300364,2015/12/31,0.044762
300264,2015/12/31,0.002179
300399,2015/12/31,0.074623
300002,2015/12/31,0.051136
300137,2015/12/31,0.065022
300168,2015/12/31,0.052081
300280,2015/12/31,0.007693
300273,2015/12/31,0.035145
300323,2015/12/31,-0.02401
300345,2015/12/31,0.026098
300266,2015/12/31,0.061029
300157,2015/12/31,0.037804
300279,2015/12/31,0.020037
300063,2015/12/31,0.018868
300001,2015/12/31,0.028932
300158,2015/12/31,0.015924
300206,2015/12/31,0.071947
300292,2015/12/31,0.074193
300404,2015/12/31,0.06181
300464,2015/12/31,0.060441
300102,2015/12/31,-0.032847
300123,2015/12/31,0.00901
300385,2015/12/31,0.060091
300463,2015/12/31,0.13987
300094,2015/12/31,0.008518
300189,2015/12/31,0.000081
300022,2015/12/31,0.01372
300297,2015/12/31,0.068224
300478,2015/12/31,0.081264
300220,2015/12/31,-0.034766
300321,2015/12/31,0.049038
300154,2015/12/31,0.046367
300407,2015/12/31,0.063303
300456,2015/12/31,0.093228
300201,2015/12/31,0.02073
300226,2015/12/31,-0.259477
300379,2015/12/31,0.074656
300483,2015/12/31,0.046233
300362,2015/12/31,0.019869
300445,2015/12/31,0.131898
300447,2015/12/31,0.14179
300030,2015/12/31,0.033581
300272,2015/12/31,0.071115
300372,2015/12/31,0.004845
300274,2015/12/31,0.073074
300461,2015/12/31,0.079019
300326,2015/12/31,0.099601
300342,2015/12/31,0.128598
300055,2015/12/31,0.060034
300082,2015/12/31,-0.04531
300179,2015/12/31,0.050023
300270,2015/12/31,0.056937
300199,2015/12/31,0.116466
300300,2015/12/31,0.055143
300439,2015/12/31,0.154216
300016,2015/12/31,0.031595
300343,2015/12/31,0.016181
300429,2015/12/31,0.16845
300287,2015/12/31,0.044735
300142,2015/12/31,-0.151266
300028,2015/12/31,0.020436
300135,2015/12/31,0.00911
300318,2015/12/31,0.01079
300013,2015/12/31,-0.09018
300561,2016/12/31,0.156658
300401,2016/12/31,0.05258
300304,2016/12/31,0.066467
300411,2016/12/31,0.049556
300385,2016/12/31,0.068458
300131,2016/12/31,0.068567
300264,2016/12/31,0.008643
300184,2016/12/31,0.034478
300409,2016/12/31,0.072745
300391,2016/12/31,0.003189
300398,2016/12/31,0.063312
300046,2016/12/31,0.040921
300510,2016/12/31,0.094799
300286,2016/12/31,0.111421
300416,2016/12/31,0.088223
300121,2016/12/31,0.118179
300363,2016/12/31,0.061874
300095,2016/12/31,0.033659
300453,2016/12/31,0.060144
300568,2016/12/31,0.108654
300323,2016/12/31,0.04815
300487,2016/12/31,0.072528
300238,2016/12/31,0.039531
300016,2016/12/31,0.015458
300111,2016/12/31,0.010186
300039,2016/12/31,0.114079
300102,2016/12/31,0.014534
300586,2016/12/31,0.088277
300144,2016/12/31,0.125937
300014,2016/12/31,0.091703
300146,2016/12/31,0.099212
300376,2016/12/31,0.069144
300557,2016/12/31,0.090687
300365,2016/12/31,0.155165
300562,2016/12/31,0.160428
300128,2016/12/31,0.015649
300420,2016/12/31,0.049317
300149,2016/12/31,0.083821
300169,2016/12/31,0.004573
300050,2016/12/31,0.048919
300447,2016/12/31,0.114324
300116,2016/12/31,0.038413
300444,2016/12/31,0.068368
300305,2016/12/31,0.050446
300501,2016/12/31,0.12705
300423,2016/12/31,0.041111
300482,2016/12/31,0.161287
300450,2016/12/31,0.140673
300493,2016/12/31,0.060209
300221,2016/12/31,0.107089
300024,2016/12/31,0.061483
300207,2016/12/31,0.065905
300386,2016/12/31,0.063917
300422,2016/12/31,0.036664
300476,2016/12/31,0.10683
300595,2016/12/31,0.348129
300068,2016/12/31,0.059206
300472,2016/12/31,0.028959
300598,2016/12/31,0.152654
300069,2016/12/31,0.031579
300073,2016/12/31,0.050871
300122,2016/12/31,0.012064
300520,2016/12/31,0.072331
300114,2016/12/31,0.065622
300172,2016/12/31,0.072573
300017,2016/12/31,0.205154
300511,2016/12/31,0.050254
300285,2016/12/31,0.084556
300310,2016/12/31,0.076828
300334,2016/12/31,0.022378
300457,2016/12/31,0.092498
300419,2016/12/31,0.0384
300066,2016/12/31,0.081264
300072,2016/12/31,0.113746
300609,2016/12/31,0.18101
300518,2016/12/31,0.121191
300213,2016/12/31,0.051864
300271,2016/12/31,0.098795
300403,2016/12/31,0.132537
300328,2016/12/31,0.029385
300080,2016/12/31,0.005026
300375,2016/12/31,0.105347
300018,2016/12/31,0.070747
300031,2016/12/31,0.094437
300394,2016/12/31,0.159611
300374,2016/12/31,0.041412
300125,2016/12/31,-0.032669
300496,2016/12/31,0.077392
300395,2016/12/31,0.113646
300204,2016/12/31,0.115288
300507,2016/12/31,0.145952
300383,2016/12/31,0.063129
300234,2016/12/31,0.029037
300276,2016/12/31,0.017597
300436,2016/12/31,0.102067
300371,2016/12/31,0.090925
300559,2016/12/31,0.131087
300563,2016/12/31,0.072904
300224,2016/12/31,0.06341
300611,2016/12/31,0.105199
300067,2016/12/31,0.057364
300110,2016/12/31,0.008187
300449,2016/12/31,0.03548
300181,2016/12/31,0.042163
300491,2016/12/31,0.075178
300269,2016/12/31,0.075455
300105,2016/12/31,-0.065071
300101,2016/12/31,0.045077
300034,2016/12/31,0.055584
300225,2016/12/31,0.053686
300294,2016/12/31,0.120474
300427,2016/12/31,0.102449
300052,2016/12/31,-0.055556
300179,2016/12/31,0.034507
300534,2016/12/31,0.067014
300288,2016/12/31,0.056868
300036,2016/12/31,0.077846
300115,2016/12/31,0.105508
300317,2016/12/31,0.04375
300452,2016/12/31,0.100494
300434,2016/12/31,0.05492
300108,2016/12/31,0.077898
300342,2016/12/31,0.131333
300480,2016/12/31,0.058423
300256,2016/12/31,0.020558
300543,2016/12/31,0.104199
300193,2016/12/31,0.043264
300350,2016/12/31,0.057148
300396,2016/12/31,0.086901
300113,2016/12/31,0.230099
300218,2016/12/31,0.034769
300303,2016/12/31,0.060716
300019,2016/12/31,0.099721
300175,2016/12/31,0.027884
300227,2016/12/31,0.021234
300324,2016/12/31,0.132324
300552,2016/12/31,0.07617
300045,2016/12/31,0.040693
300147,2016/12/31,0.015448
300182,2016/12/31,0.106344
300278,2016/12/31,0.030426
300223,2016/12/31,0.006238
300156,2016/12/31,0.173334
300341,2016/12/31,0.104839
300026,2016/12/31,0.096129
300567,2016/12/31,0.127012
300044,2016/12/31,0.061548
300215,2016/12/31,0.018844
300244,2016/12/31,0.084385
300319,2016/12/31,0.058905
300037,2016/12/31,0.102973
300235,2016/12/31,0.047456
300370,2016/12/31,0.046897
300537,2016/12/31,0.091061
300406,2016/12/31,0.198798
300451,2016/12/31,0.06639
300086,2016/12/31,0.017986
300188,2016/12/31,0.074026
300336,2016/12/31,0.064531
300495,2016/12/31,0.063488
300103,2016/12/31,0.023545
300027,2016/12/31,0.052664
300159,2016/12/31,0.031448
300335,2016/12/31,0.059018
300575,2016/12/31,0.066103
300296,2016/12/31,0.098724
300092,2016/12/31,0.045787
300127,2016/12/31,0.102745
300338,2016/12/31,0.004101
300443,2016/12/31,0.152097
300373,2016/12/31,0.105923
300041,2016/12/31,0.053661
300009,2016/12/31,0.117915
300455,2016/12/31,0.08745
300539,2016/12/31,0.078482
300008,2016/12/31,0.056093
300378,2016/12/31,0.025508
300241,2016/12/31,0.032552
300174,2016/12/31,0.063242
300222,2016/12/31,0.08006
300259,2016/12/31,0.071907
300320,2016/12/31,0.072824
300030,2016/12/31,0.020965
300229,2016/12/31,0.076035
300120,2016/12/31,0.022727
300077,2016/12/31,0.031181
300475,2016/12/31,0.071359
300176,2016/12/31,0.02608
300078,2016/12/31,0.069703
300474,2016/12/31,0.140914
300313,2016/12/31,-0.207571
300327,2016/12/31,0.136464
300431,2016/12/31,-0.123573
300290,2016/12/31,0.036703
300298,2016/12/31,0.081564
300448,2016/12/31,0.117868
300516,2016/12/31,0.140795
300547,2016/12/31,0.126236
300062,2016/12/31,0.040632
300210,2016/12/31,0.039651
300283,2016/12/31,0.016398
300515,2016/12/31,0.079741
300190,2016/12/31,0.025859
300194,2016/12/31,0.064603
300164,2016/12/31,0.004462
300233,2016/12/31,0.073474
300035,2016/12/31,0.02353
300467,2016/12/31,0.033015
300479,2016/12/31,0.042448
300340,2016/12/31,0.021765
300528,2016/12/31,0.056112
300442,2016/12/31,-0.000421
300198,2016/12/31,0.0375
300379,2016/12/31,0.077145
300399,2016/12/31,0.032991
300440,2016/12/31,0.079711
300226,2016/12/31,0.007673
300003,2016/12/31,0.086674
300252,2016/12/31,0.067946
300353,2016/12/31,0.060965
300503,2016/12/31,0.089334
300545,2016/12/31,0.084289
300469,2016/12/31,0.040046
300049,2016/12/31,0.066612
300051,2016/12/31,0.037531
300265,2016/12/31,0.06654
300459,2016/12/31,0.070289
300541,2016/12/31,0.066199
300141,2016/12/31,0.036277
300163,2016/12/31,0.059612
300428,2016/12/31,0.098213
300015,2016/12/31,0.154894
300043,2016/12/31,0.108171
300254,2016/12/31,0.027406
300558,2016/12/31,0.221983
300532,2016/12/31,0.055804
300231,2016/12/31,0.139472
300282,2016/12/31,0.058853
300498,2016/12/31,0.329983
300217,2016/12/31,0.018175
300481,2016/12/31,0.131112
300535,2016/12/31,0.106713
300088,2016/12/31,0.058696
300143,2016/12/31,0.022016
300400,2016/12/31,0.100171
300458,2016/12/31,0.067629
300006,2016/12/31,0.000449
300499,2016/12/31,0.060978
300057,2016/12/31,0.020667
300325,2016/12/31,0.029131
300579,2016/12/31,0.096894
300087,2016/12/31,0.041292
300177,2016/12/31,0.009386
300389,2016/12/31,0.103511
300021,2016/12/31,0.029662
300306,2016/12/31,0.050683
300132,2016/12/31,0.04047
300505,2016/12/31,0.087406
300538,2016/12/31,0.062835
300546,2016/12/31,0.108948
300572,2016/12/31,0.070935
300573,2016/12/31,0.079104
300608,2016/12/31,0.078716
300134,2016/12/31,0.021204
300240,2016/12/31,0.042738
300209,2016/12/31,0.052246
300314,2016/12/31,0.078107
300124,2016/12/31,0.140825
300329,2016/12/31,0.036467
300425,2016/12/31,0.040108
300345,2016/12/31,0.008761
300381,2016/12/31,0.051329
300145,2016/12/31,0.081589
300085,2016/12/31,0.070228
300339,2016/12/31,0.060753
300089,2016/12/31,0.075061
300603,2016/12/31,0.06654
300330,2016/12/31,-0.055007
300054,2016/12/31,0.108149
300070,2016/12/31,0.073701
300205,2016/12/31,0.002706
300414,2016/12/31,0.07093
300349,2016/12/31,0.041855
300356,2016/12/31,0.036278
300161,2016/12/31,0.002593
300570,2016/12/31,0.123478
300512,2016/12/31,0.103803
300531,2016/12/31,0.133914
300548,2016/12/31,0.137287
300312,2016/12/31,0.009327
300540,2016/12/31,0.050976
300553,2016/12/31,0.104891
300358,2016/12/31,0.045201
300577,2016/12/31,0.132331
300150,2016/12/31,0.055045
300523,2016/12/31,0.092913
300167,2016/12/31,0.020761
300364,2016/12/31,0.019694
300081,2016/12/31,0.00283
300484,2016/12/31,0.225832
300393,2016/12/31,0.065156
300368,2016/12/31,0.047013
300494,2016/12/31,0.12103
300295,2016/12/31,0.090782
300412,2016/12/31,0.077079
300560,2016/12/31,0.081843
300097,2016/12/31,0.041714
300214,2016/12/31,0.052838
300196,2016/12/31,0.102349
300250,2016/12/31,0.09833
300268,2016/12/31,0.023307
300502,2016/12/31,0.11169
300348,2016/12/31,0.095792
300071,2016/12/31,0.044553
300247,2016/12/31,0.032421
300331,2016/12/31,0.022141
300001,2016/12/31,0.021416
300096,2016/12/31,0.008446
300580,2016/12/31,0.119345
300112,2016/12/31,0.029929
300362,2016/12/31,0.03294
300211,2016/12/31,0.006437
300258,2016/12/31,0.099054
300243,2016/12/31,0.016887
300533,2016/12/31,0.126343
300274,2016/12/31,0.059233
300318,2016/12/31,0.023123
300517,2016/12/31,0.051447
300519,2016/12/31,0.223644
300284,2016/12/31,0.057421
300352,2016/12/31,0.04884
300471,2016/12/31,0.070632
300148,2016/12/31,0.072958
300157,2016/12/31,0.021705
300279,2016/12/31,0.045342
300130,2016/12/31,0.062481
300212,2016/12/31,0.03507
300255,2016/12/31,0.065314
300083,2016/12/31,0.014276
300463,2016/12/31,0.129727
300138,2016/12/31,0.044559
300197,2016/12/31,0.057568
300366,2016/12/31,0.043966
300490,2016/12/31,0.055918
300590,2016/12/31,0.383627
300257,2016/12/31,0.021807
300216,2016/12/31,0.013718
300048,2016/12/31,0.053624
300424,2016/12/31,0.056612
300407,2016/12/31,0.082765
300592,2016/12/31,0.05858
300142,2016/12/31,0.004772
300098,2016/12/31,0.069204
300140,2016/12/31,0.032285
300435,2016/12/31,0.058418
300107,2016/12/31,0.024098
300139,2016/12/31,0.014211
300346,2016/12/31,0.004051
300408,2016/12/31,0.194859
300464,2016/12/31,0.055433
300025,2016/12/31,0.02903
300239,2016/12/31,0.023837
300333,2016/12/31,0.037476
300492,2016/12/31,0.053132
300119,2016/12/31,0.060333
300600,2016/12/31,0.157781
300606,2016/12/31,0.13511
300578,2016/12/31,0.179455
300521,2016/12/31,0.116265
300522,2016/12/31,0.14025
300591,2016/12/31,0.054816
300410,2016/12/31,0.062482
300011,2016/12/31,0.034682
300055,2016/12/31,0.039739
300261,2016/12/31,0.011417
300388,2016/12/31,0.031304
300569,2016/12/31,0.09934
300596,2016/12/31,0.117058
300565,2016/12/31,0.066487
300593,2016/12/31,0.087875
300104,2016/12/31,-0.009017
300117,2016/12/31,0.017374
300588,2016/12/31,0.072641
300441,2016/12/31,0.074364
300433,2016/12/31,0.054399
300321,2016/12/31,0.048478
300584,2016/12/31,0.130476
300004,2016/12/31,0.022596
300267,2016/12/31,0.152757
300413,2016/12/31,0.027085
300251,2016/12/31,0.085353
300308,2016/12/31,0.01579
300200,2016/12/31,0.066479
300246,2016/12/31,0.124214
300612,2016/12/31,0.211737
300206,2016/12/31,0.013332
300542,2016/12/31,0.053951
300555,2016/12/31,0.086685
300091,2016/12/31,0.016703
300602,2016/12/31,0.153405
300047,2016/12/31,0.048068
300245,2016/12/31,0.055397
300263,2016/12/31,0.004685
300079,2016/12/31,0.059232
300151,2016/12/31,0.032897
300529,2016/12/31,0.203283
300202,2016/12/31,0.138499
300605,2016/12/31,0.09515
300248,2016/12/31,0.053864
300020,2016/12/31,0.028896
300369,2016/12/31,0.09082
300500,2016/12/31,0.095595
300153,2016/12/31,0.023737
300473,2016/12/31,0.058668
300082,2016/12/31,0.008428
300099,2016/12/31,0.034488
300065,2016/12/31,0.063942
300126,2016/12/31,0.00486
300610,2016/12/31,0.124505
300038,2016/12/31,0.035222
300173,2016/12/31,0.032914
300291,2016/12/31,0.065055
300359,2016/12/31,0.05814
300556,2016/12/31,0.056963
300421,2016/12/31,0.059138
300270,2016/12/31,0.050935
300354,2016/12/31,0.00531
300513,2016/12/31,0.06318
300061,2016/12/31,0.049776
300390,2016/12/31,0.017727
300253,2016/12/31,0.206818
300155,2016/12/31,0.015084
300260,2016/12/31,0.009531
300589,2016/12/31,0.071017
300160,2016/12/31,0.073528
300461,2016/12/31,0.039318
300100,2016/12/31,0.073902
300302,2016/12/31,0.142987
300415,2016/12/31,0.069884
300002,2016/12/31,0.07251
300165,2016/12/31,0.027885
300351,2016/12/31,0.071185
300280,2016/12/31,0.002728
300360,2016/12/31,0.149608
300525,2016/12/31,0.099126
300322,2016/12/31,0.012011
300508,2016/12/31,0.131249
300566,2016/12/31,0.049538
300344,2016/12/31,0.032278
300601,2016/12/31,0.058754
300007,2016/12/31,0.038952
300232,2016/12/31,0.077392
300337,2016/12/31,0.002781
300372,2016/12/31,-0.106664
300426,2016/12/31,0.086912
300483,2016/12/31,0.026918
300615,2016/12/31,0.197895
300275,2016/12/31,-0.097688
300551,2016/12/31,0.064597
300266,2016/12/31,0.047265
300152,2016/12/31,-0.119165
300307,2016/12/31,0.026911
300042,2016/12/31,0.049183
300478,2016/12/31,0.058417
300583,2016/12/31,0.108591
300236,2016/12/31,0.040553
300237,2016/12/31,0.086351
300249,2016/12/31,0.020868
300418,2016/12/31,0.106969
300470,2016/12/31,0.094992
300133,2016/12/31,0.052961
300075,2016/12/31,0.067449
300293,2016/12/31,0.010295
300154,2016/12/31,0.03991
300497,2016/12/31,0.143288
300607,2016/12/31,0.154713
300191,2016/12/31,0.008944
300315,2016/12/31,0.060964
300530,2016/12/31,0.123026
300631,2016/12/31,0.077691
300040,2016/12/31,0.050471
300301,2016/12/31,-0.002245
300063,2016/12/31,0.04053
300576,2016/12/31,0.088945
300219,2016/12/31,0.051304
300509,2016/12/31,0.059597
300074,2016/12/31,0.057307
300137,2016/12/31,0.068239
300180,2016/12/31,0.031001
300183,2016/12/31,0.133597
300311,2016/12/31,-0.247527
300405,2016/12/31,0.010608
300549,2016/12/31,0.108332
300489,2016/12/31,0.051969
300430,2016/12/31,0.058145
300438,2016/12/31,0.083879
300192,2016/12/31,0.044666
300292,2016/12/31,0.052395
300429,2016/12/31,0.132433
300485,2016/12/31,0.124163
300597,2016/12/31,0.097177
300599,2016/12/31,0.088953
300585,2016/12/31,0.113044
300527,2016/12/31,0.051827
300171,2016/12/31,0.058911
300582,2016/12/31,0.052566
300123,2016/12/31,0.007702
300242,2016/12/31,0.06791
300168,2016/12/31,0.043601
300289,2016/12/31,0.055173
300417,2016/12/31,0.086126
300432,2016/12/31,0.07893
300445,2016/12/31,0.10052
300462,2016/12/31,0.067182
300488,2016/12/31,0.111588
300129,2016/12/31,0.071073
300465,2016/12/31,0.018009
300158,2016/12/31,0.035291
300377,2016/12/31,0.075605
300571,2016/12/31,0.197793
300201,2016/12/31,0.044598
300208,2016/12/31,0.107373
300228,2016/12/31,-0.076482
300316,2016/12/31,0.056667
300357,2016/12/31,0.197497
300466,2016/12/31,0.056231
300468,2016/12/31,0.083544
300526,2016/12/31,0.058922
300195,2016/12/31,0.036479
300203,2016/12/31,0.094434
300094,2016/12/31,0.033053
300382,2016/12/31,0.10157
300010,2016/12/31,0.058323
300013,2016/12/31,0.032539
300022,2016/12/31,0.017876
300109,2016/12/31,0.063022
300170,2016/12/31,0.097725
300460,2016/12/31,0.033096
300118,2016/12/31,0.078668
300178,2016/12/31,0.048788
300355,2016/12/31,0.063906
300486,2016/12/31,-0.049879
300326,2016/12/31,0.084409
300230,2016/12/31,0.057309
300380,2016/12/31,-0.038595
300084,2016/12/31,0.003691
300185,2016/12/31,0.022469
300297,2016/12/31,0.075681
300299,2016/12/31,0.059567
300456,2016/12/31,0.054718
300032,2016/12/31,0.017897
300136,2016/12/31,0.204963
300189,2016/12/31,0.010314
300397,2016/12/31,-0.038966
300281,2016/12/31,0.029056
300384,2016/12/31,0.067726
300506,2016/12/31,0.133103
300076,2016/12/31,-0.019256
300220,2016/12/31,0.012227
300262,2016/12/31,0.051986
300550,2016/12/31,0.10713
300166,2016/12/31,0.085939
300404,2016/12/31,0.003897
300272,2016/12/31,0.04603
300402,2016/12/31,-0.069933
300477,2016/12/31,0.049543
300437,2016/12/31,0.045834
300439,2016/12/31,0.074561
300028,2016/12/31,-0.028917
300053,2016/12/31,0.041914
300633,2016/12/31,0.133615
300587,2016/12/31,0.093989
300581,2016/12/31,0.104675
300536,2016/12/31,0.078246
300187,2016/12/31,0.063943
300387,2016/12/31,0.071981
300058,2016/12/31,0.041914
300287,2016/12/31,0.056394
300005,2016/12/31,0.035873
300199,2016/12/31,0.072954
300347,2016/12/31,0.078423
300090,2016/12/31,0.009976
300300,2016/12/31,0.015352
300273,2016/12/31,0.023161
300106,2016/12/31,-0.018544
300332,2016/12/31,0.008253
300012,2016/12/31,0.044357
300162,2016/12/31,0.020825
300343,2016/12/31,0.052719
300135,2016/12/31,0.008889
300277,2016/12/31,0.039842
300392,2016/12/31,-0.183477
300056,2016/12/31,-0.052827
300093,2016/12/31,0.003223
300536,2017/12/31,0.058585
300320,2017/12/31,0.099803
300451,2017/12/31,0.088089
300483,2017/12/31,0.011979
300474,2017/12/31,0.112804
300476,2017/12/31,0.087344
300193,2017/12/31,0.057418
300161,2017/12/31,0.015894
300495,2017/12/31,0.048324
300204,2017/12/31,0.104575
300618,2017/12/31,0.301885
300016,2017/12/31,0.113322
300414,2017/12/31,0.040033
300146,2017/12/31,0.134034
300590,2017/12/31,0.1675
300700,2017/12/31,0.157768
300677,2017/12/31,0.102824
300102,2017/12/31,0.049052
300413,2017/12/31,0.027657
300301,2017/12/31,0.026305
300650,2017/12/31,0.109066
300286,2017/12/31,0.114921
300041,2017/12/31,0.054474
300505,2017/12/31,0.071887
300459,2017/12/31,0.050847
300450,2017/12/31,0.118564
300559,2017/12/31,0.109112
300239,2017/12/31,0.024843
300545,2017/12/31,0.068272
300557,2017/12/31,0.05994
300584,2017/12/31,0.130799
300715,2017/12/31,0.0873
300681,2017/12/31,0.122759
300313,2017/12/31,0.008287
300656,2017/12/31,0.130704
300003,2017/12/31,0.089155
300302,2017/12/31,0.056497
300114,2017/12/31,0.072513
300485,2017/12/31,0.12057
300357,2017/12/31,0.240879
300416,2017/12/31,0.076421
300511,2017/12/31,0.038779
300393,2017/12/31,0.054166
300376,2017/12/31,0.071667
300428,2017/12/31,0.118051
300275,2017/12/31,0.03841
300181,2017/12/31,0.025381
300398,2017/12/31,0.043145
300365,2017/12/31,0.127004
300199,2017/12/31,0.0676
300248,2017/12/31,0.062417
300383,2017/12/31,0.045494
300453,2017/12/31,0.065387
300226,2017/12/31,0.008332
300143,2017/12/31,0.053838
300131,2017/12/31,0.040551
300122,2017/12/31,0.126853
300260,2017/12/31,0.019862
300563,2017/12/31,0.06323
300046,2017/12/31,0.051407
300014,2017/12/31,0.073105
300491,2017/12/31,0.018356
300394,2017/12/31,0.128313
300178,2017/12/31,0.056024
300690,2017/12/31,0.136924
300509,2017/12/31,0.050045
300052,2017/12/31,0.040392
300436,2017/12/31,0.046711
300659,2017/12/31,0.123787
300105,2017/12/31,0.005551
300130,2017/12/31,0.021501
300024,2017/12/31,0.057222
300304,2017/12/31,0.068233
300034,2017/12/31,0.026521
300534,2017/12/31,0.022142
300188,2017/12/31,0.091416
300001,2017/12/31,0.01873
300635,2017/12/31,0.084842
300270,2017/12/31,0.043673
300038,2017/12/31,0.061994
300007,2017/12/31,0.037104
300256,2017/12/31,0.008059
300173,2017/12/31,0.026548
300237,2017/12/31,0.088448
300701,2017/12/31,0.184225
300381,2017/12/31,0.029719
300240,2017/12/31,0.039256
300593,2017/12/31,0.053624
300586,2017/12/31,0.072521
300322,2017/12/31,0.012077
300185,2017/12/31,0.023526
300296,2017/12/31,0.116021
300138,2017/12/31,0.04796
300068,2017/12/31,0.04168
300037,2017/12/31,0.088215
300655,2017/12/31,0.071673
300520,2017/12/31,0.016649
300532,2017/12/31,0.075425
300103,2017/12/31,0.042884
300027,2017/12/31,0.049343
300127,2017/12/31,0.156711
300092,2017/12/31,0.008562
300708,2017/12/31,0.089067
300507,2017/12/31,0.106036
300421,2017/12/31,0.053077
300339,2017/12/31,0.047041
300101,2017/12/31,0.03462
300429,2017/12/31,0.105538
300047,2017/12/31,0.049284
300373,2017/12/31,0.092566
300717,2017/12/31,0.09222
300144,2017/12/31,0.131022
300009,2017/12/31,0.133566
300569,2017/12/31,0.042657
300570,2017/12/31,0.082161
300647,2017/12/31,0.052103
300596,2017/12/31,0.107214
300346,2017/12/31,0.027215
300242,2017/12/31,0.06952
300705,2017/12/31,0.117598
300233,2017/12/31,0.081068
300036,2017/12/31,0.078417
300349,2017/12/31,0.092612
300378,2017/12/31,0.034384
300579,2017/12/31,0.099399
300205,2017/12/31,0.006566
300548,2017/12/31,0.120976
300567,2017/12/31,0.149983
300117,2017/12/31,0.015376
300328,2017/12/31,0.019954
300528,2017/12/31,0.039997
300480,2017/12/31,0.059638
300406,2017/12/31,0.168104
300229,2017/12/31,0.081773
300026,2017/12/31,0.060805
300403,2017/12/31,0.100982
300282,2017/12/31,0.011239
300445,2017/12/31,0.103801
300516,2017/12/31,0.033525
300427,2017/12/31,0.067437
300692,2017/12/31,0.057338
300455,2017/12/31,0.088475
300523,2017/12/31,0.094359
300682,2017/12/31,0.100145
300653,2017/12/31,0.156135
300684,2017/12/31,0.124392
300115,2017/12/31,0.064538
300658,2017/12/31,0.116346
300575,2017/12/31,0.074277
300018,2017/12/31,0.063423
300222,2017/12/31,0.064711
300562,2017/12/31,0.024649
300722,2017/12/31,0.092813
300327,2017/12/31,0.143112
300479,2017/12/31,0.056632
300619,2017/12/31,0.076936
300639,2017/12/31,0.111309
300633,2017/12/31,0.161593
300244,2017/12/31,0.070815
300629,2017/12/31,0.056165
300107,2017/12/31,0.085905
300194,2017/12/31,0.062686
300273,2017/12/31,0.019114
300375,2017/12/31,0.069413
300305,2017/12/31,0.045336
300215,2017/12/31,0.033566
300259,2017/12/31,0.079241
300353,2017/12/31,0.044629
300342,2017/12/31,0.117706
300213,2017/12/31,0.045427
300324,2017/12/31,0.069189
300437,2017/12/31,0.051983
300252,2017/12/31,0.032605
300044,2017/12/31,0.056619
300190,2017/12/31,0.027122
300719,2017/12/31,0.102765
300147,2017/12/31,0.012866
300223,2017/12/31,0.005674
300019,2017/12/31,0.054281
300110,2017/12/31,0.013914
300128,2017/12/31,0.021115
300547,2017/12/31,0.131136
300073,2017/12/31,0.102403
300401,2017/12/31,0.114793
300066,2017/12/31,0.046137
300400,2017/12/31,0.124566
300568,2017/12/31,0.041476
300192,2017/12/31,0.00468
300685,2017/12/31,0.179489
300424,2017/12/31,0.056684
300430,2017/12/31,0.062644
300172,2017/12/31,0.066045
300334,2017/12/31,-0.02426
300106,2017/12/31,-0.144733
300056,2017/12/31,0.012196
300538,2017/12/31,0.033716
300150,2017/12/31,0.022258
300699,2017/12/31,0.088744
300529,2017/12/31,0.189491
300154,2017/12/31,0.045047
300620,2017/12/31,0.14896
300227,2017/12/31,0.066999
300310,2017/12/31,0.055624
300087,2017/12/31,0.064226
300121,2017/12/31,0.134103
300164,2017/12/31,0.022117
300074,2017/12/31,0.02249
300218,2017/12/31,-0.007778
300441,2017/12/31,0.087696
300420,2017/12/31,0.040642
300598,2017/12/31,0.087995
300466,2017/12/31,0.015981
300149,2017/12/31,0.061289
300492,2017/12/31,0.056386
300493,2017/12/31,0.052476
300140,2017/12/31,0.021539
300552,2017/12/31,0.034332
300196,2017/12/31,0.065748
300539,2017/12/31,0.049199
300238,2017/12/31,0.020007
300616,2017/12/31,0.113182
300683,2017/12/31,0.095793
300341,2017/12/31,0.108106
300057,2017/12/31,0.017785
300325,2017/12/31,0.005175
300314,2017/12/31,0.055127
300443,2017/12/31,0.086698
300371,2017/12/31,0.103861
300556,2017/12/31,0.023474
300595,2017/12/31,0.232159
300271,2017/12/31,0.093619
300212,2017/12/31,0.035341
300316,2017/12/31,0.073236
300558,2017/12/31,0.101523
300263,2017/12/31,0.016104
300241,2017/12/31,0.061826
300627,2017/12/31,0.156518
300498,2017/12/31,0.154713
300284,2017/12/31,0.051002
300589,2017/12/31,0.058229
300572,2017/12/31,0.080126
300245,2017/12/31,0.025389
300673,2017/12/31,0.138471
300623,2017/12/31,0.14919
300308,2017/12/31,0.038262
300617,2017/12/31,0.098073
300330,2017/12/31,0.011728
300541,2017/12/31,0.035705
300021,2017/12/31,0.037504
300374,2017/12/31,0.036907
300225,2017/12/31,0.032846
300630,2017/12/31,0.14975
300278,2017/12/31,0.014596
300662,2017/12/31,0.117972
300517,2017/12/31,0.034635
300643,2017/12/31,0.089758
300202,2017/12/31,0.020769
300329,2017/12/31,0.04234
300217,2017/12/31,0.036161
300731,2017/12/31,0.154051
300725,2017/12/31,0.156456
300535,2017/12/31,0.073146
300638,2017/12/31,0.098604
300458,2017/12/31,-0.00072
300220,2017/12/31,-0.104752
300577,2017/12/31,0.157478
300368,2017/12/31,-0.126132
300120,2017/12/31,0.03459
300669,2017/12/31,0.1037
300736,2017/12/31,0.142533
300017,2017/12/31,0.086317
300078,2017/12/31,0.044789
300343,2017/12/31,0.070641
300389,2017/12/31,0.060529
300500,2017/12/31,0.08642
300440,2017/12/31,0.065165
300735,2017/12/31,0.122516
300255,2017/12/31,0.060736
300713,2017/12/31,0.133991
300132,2017/12/31,0.113691
300546,2017/12/31,0.095774
300514,2017/12/31,0.114183
300228,2017/12/31,0.012444
300503,2017/12/31,0.074234
300631,2017/12/31,0.068744
300487,2017/12/31,0.095151
300611,2017/12/31,0.065682
300691,2017/12/31,0.083608
300379,2017/12/31,-0.17427
300197,2017/12/31,0.047799
300697,2017/12/31,0.058015
300668,2017/12/31,0.188651
300554,2017/12/31,0.196093
300671,2017/12/31,0.101426
300224,2017/12/31,0.026973
300469,2017/12/31,0.031597
300537,2017/12/31,0.057037
300519,2017/12/31,0.143847
300489,2017/12/31,0.019437
300432,2017/12/31,0.074495
300258,2017/12/31,0.112852
300285,2017/12/31,0.093911
300484,2017/12/31,0.120859
300508,2017/12/31,0.157948
300592,2017/12/31,0.054626
300125,2017/12/31,-0.168959
300207,2017/12/31,0.052797
300738,2017/12/31,0.198402
300363,2017/12/31,0.033044
300626,2017/12/31,0.066262
300211,2017/12/31,0.006292
300112,2017/12/31,0.043883
300732,2017/12/31,0.126378
300395,2017/12/31,0.110963
300319,2017/12/31,-0.111985
300578,2017/12/31,0.129126
300295,2017/12/31,0.072384
300632,2017/12/31,0.090318
300651,2017/12/31,0.065651
300513,2017/12/31,0.04348
300348,2017/12/31,0.066824
300235,2017/12/31,0.017321
300624,2017/12/31,0.187529
300447,2017/12/31,0.09368
300444,2017/12/31,0.05164
300370,2017/12/31,0.046342
300051,2017/12/31,0.037951
300448,2017/12/31,0.106146
300136,2017/12/31,0.209645
300257,2017/12/31,0.018939
300380,2017/12/31,0.013878
300739,2017/12/31,0.129608
300264,2017/12/31,-0.087982
300648,2017/12/31,0.119613
300080,2017/12/31,-0.15593
300560,2017/12/31,0.06831
300412,2017/12/31,0.043168
300472,2017/12/31,0.020845
300039,2017/12/31,0.104579
300195,2017/12/31,0.029543
300642,2017/12/31,0.198817
300020,2017/12/31,0.023536
300113,2017/12/31,0.166216
300134,2017/12/31,-0.070504
300277,2017/12/31,0.012764
300290,2017/12/31,0.014586
300167,2017/12/31,-0.014625
300625,2017/12/31,0.123792
300402,2017/12/31,0.008056
300338,2017/12/31,0.084017
300321,2017/12/31,0.034996
300553,2017/12/31,0.06134
300573,2017/12/31,0.054994
300622,2017/12/31,0.126911
300439,2017/12/31,0.077509
300119,2017/12/31,0.044104
300415,2017/12/31,0.134857
300333,2017/12/31,0.040609
300045,2017/12/31,0.05199
300726,2017/12/31,0.166948
300281,2017/12/31,0.026315
300501,2017/12/31,0.094277
300067,2017/12/31,0.051906
300600,2017/12/31,0.121735
300141,2017/12/31,0.008053
300676,2017/12/31,0.090707
300261,2017/12/31,0.029285
300612,2017/12/31,0.175022
300636,2017/12/31,0.114714
300555,2017/12/31,0.05721
300408,2017/12/31,0.163065
300418,2017/12/31,0.154478
300478,2017/12/31,0.042625
300481,2017/12/31,0.127493
300200,2017/12/31,0.033274
300606,2017/12/31,0.122091
300243,2017/12/31,0.035291
300703,2017/12/31,0.093872
300095,2017/12/31,0.024456
300670,2017/12/31,0.097801
300288,2017/12/31,0.060315
300170,2017/12/31,0.105383
300280,2017/12/31,0.004773
300162,2017/12/31,0.015176
300351,2017/12/31,0.050706
300582,2017/12/31,0.015743
300434,2017/12/31,0.064624
300497,2017/12/31,0.109466
300388,2017/12/31,0.030752
300510,2017/12/31,0.067398
300411,2017/12/31,0.030081
300470,2017/12/31,0.102345
300032,2017/12/31,-0.063743
300332,2017/12/31,0.009303
300456,2017/12/31,0.023851
300088,2017/12/31,0.073903
300317,2017/12/31,0.03184
300695,2017/12/31,0.149495
300431,2017/12/31,-0.063398
300737,2017/12/31,0.094345
300347,2017/12/31,0.111253
300463,2017/12/31,0.130046
300072,2017/12/31,0.120777
300475,2017/12/31,0.057454
300006,2017/12/31,0.017634
300184,2017/12/31,0.082306
300729,2017/12/31,0.071814
300360,2017/12/31,0.07237
300679,2017/12/31,0.153953
300008,2017/12/31,0.039397
300521,2017/12/31,0.06908
300053,2017/12/31,0.045553
300542,2017/12/31,0.047739
300707,2017/12/31,0.145582
300335,2017/12/31,0.085306
300654,2017/12/31,0.057248
300158,2017/12/31,0.040099
300303,2017/12/31,0.014499
300417,2017/12/31,0.085663
300015,2017/12/31,0.115388
300580,2017/12/31,0.10869
300180,2017/12/31,0.048893
300390,2017/12/31,0.033769
300250,2017/12/31,0.042313
300435,2017/12/31,0.0517
300070,2017/12/31,0.066923
300174,2017/12/31,0.053276
300461,2017/12/31,0.044992
300396,2017/12/31,0.113836
300077,2017/12/31,-0.15585
300251,2017/12/31,0.078085
300210,2017/12/31,0.025532
300219,2017/12/31,0.085001
300410,2017/12/31,0.090872
300157,2017/12/31,-0.069633
300262,2017/12/31,0.03248
300730,2017/12/31,0.092365
300340,2017/12/31,0.042493
300040,2017/12/31,0.030264
300031,2017/12/31,0.07503
300675,2017/12/31,0.055253
300168,2017/12/31,0.046278
300407,2017/12/31,0.034033
300551,2017/12/31,0.021443
300666,2017/12/31,0.083263
300133,2017/12/31,0.055483
300203,2017/12/31,0.085115
300336,2017/12/31,0.051439
300657,2017/12/31,0.050771
300583,2017/12/31,0.057927
300089,2017/12/31,0.028356
300645,2017/12/31,0.059382
300468,2017/12/31,0.081094
300661,2017/12/31,0.140821
300165,2017/12/31,0.052659
300693,2017/12/31,0.07286
300587,2017/12/31,0.073418
300712,2017/12/31,0.076628
300386,2017/12/31,0.055069
300236,2017/12/31,0.048069
300387,2017/12/31,0.053043
300391,2017/12/31,0.049808
300279,2017/12/31,0.029362
300571,2017/12/31,0.178018
300471,2017/12/31,0.011228
300718,2017/12/31,0.145716
300054,2017/12/31,0.099336
300494,2017/12/31,0.087347
300549,2017/12/31,0.112191
300272,2017/12/31,0.004143
300159,2017/12/31,0.046204
300287,2017/12/31,0.059165
300137,2017/12/31,0.102168
300660,2017/12/31,0.102417
300688,2017/12/31,0.133579
300637,2017/12/31,0.118612
300473,2017/12/31,0.042854
300649,2017/12/31,0.104343
300206,2017/12/31,0.026208
300727,2017/12/31,0.098061
300409,2017/12/31,0.075812
300109,2017/12/31,0.056689
300025,2017/12/31,-0.049581
300680,2017/12/31,0.044732
300663,2017/12/31,0.042292
300621,2017/12/31,0.042859
300166,2017/12/31,0.087124
300182,2017/12/31,0.077827
300142,2017/12/31,-0.091515
300490,2017/12/31,0.034975
300234,2017/12/31,-0.01001
300438,2017/12/31,0.089859
300457,2017/12/31,0.091353
300588,2017/12/31,0.094654
300085,2017/12/31,0.013373
300698,2017/12/31,0.056449
300384,2017/12/31,0.053392
300706,2017/12/31,0.099367
300274,2017/12/31,0.072699
300291,2017/12/31,0.015595
300108,2017/12/31,0.072401
300696,2017/12/31,0.130648
300326,2017/12/31,0.078995
300369,2017/12/31,0.047166
300356,2017/12/31,-0.193018
300464,2017/12/31,0.016204
300585,2017/12/31,0.098508
300011,2017/12/31,0.022072
300265,2017/12/31,0.021958
300597,2017/12/31,0.053852
300419,2017/12/31,0.031725
300086,2017/12/31,0.021708
300672,2017/12/31,0.047419
300082,2017/12/31,0.037655
300249,2017/12/31,0.037504
300221,2017/12/31,0.087707
300069,2017/12/31,0.02625
300702,2017/12/31,0.055324
300641,2017/12/31,0.090085
300710,2017/12/31,0.086687
300530,2017/12/31,0.102995
300486,2017/12/31,0.032918
300214,2017/12/31,0.059287
300603,2017/12/31,0.080542
300358,2017/12/31,0.0469
300720,2017/12/31,0.10347
300246,2017/12/31,0.095124
300640,2017/12/31,0.138766
300352,2017/12/31,0.037575
300318,2017/12/31,0.019558
300665,2017/12/31,0.062661
300300,2017/12/31,0.024433
300075,2017/12/31,0.068136
300615,2017/12/31,0.073336
300399,2017/12/31,-0.044634
300433,2017/12/31,0.067966
300442,2017/12/31,0.006468
300522,2017/12/31,0.086339
300345,2017/12/31,-0.052458
300183,2017/12/31,0.080589
300723,2017/12/31,0.13859
300099,2017/12/31,0.057797
300058,2017/12/31,0.014911
300533,2017/12/31,0.052309
300129,2017/12/31,0.049002
300385,2017/12/31,0.039898
300079,2017/12/31,0.010831
300608,2017/12/31,0.076749
300035,2017/12/31,0.03842
300061,2017/12/31,0.079073
300462,2017/12/31,0.055775
300609,2017/12/31,0.139445
300709,2017/12/31,0.128951
300098,2017/12/31,0.064729
300467,2017/12/31,0.046472
300048,2017/12/31,0.011468
300518,2017/12/31,0.048575
300566,2017/12/31,0.041397
300312,2017/12/31,-0.103204
300267,2017/12/31,0.092445
300667,2017/12/31,0.124466
300175,2017/12/31,0.037725
300151,2017/12/31,0.034885
300425,2017/12/31,0.042067
300005,2017/12/31,-0.034102
300581,2017/12/31,0.071261
300355,2017/12/31,0.090283
300030,2017/12/31,0.005128
300337,2017/12/31,0.002813
300359,2017/12/31,0.037393
300191,2017/12/31,-0.013262
300209,2017/12/31,0.038059
300628,2017/12/31,0.300631
300565,2017/12/31,0.053503
300605,2017/12/31,0.081818
300093,2017/12/31,0.012679
300599,2017/12/31,0.094676
300607,2017/12/31,0.158
300382,2017/12/31,0.101904
300512,2017/12/31,0.089669
300028,2017/12/31,-0.463875
300198,2017/12/31,0.029499
300502,2017/12/31,0.085465
300148,2017/12/31,0.028305
300452,2017/12/31,0.08969
300292,2017/12/31,0.06645
300550,2017/12/31,0.052105
300289,2017/12/31,0.059132
300543,2017/12/31,0.078552
300126,2017/12/31,0.003376
300096,2017/12/31,0.01635
300652,2017/12/31,0.1069
300097,2017/12/31,0.072803
300298,2017/12/31,0.164491
300602,2017/12/31,0.093902
300601,2017/12/31,0.112658
300504,2017/12/31,0.130988
300084,2017/12/31,0.009018
300716,2017/12/31,0.069641
300689,2017/12/31,0.110514
300499,2017/12/31,0.037666
300465,2017/12/31,0.017314
300686,2017/12/31,0.061488
300100,2017/12/31,0.035418
300139,2017/12/31,-0.141181
300276,2017/12/31,0.022921
300307,2017/12/31,0.04677
300152,2017/12/31,0.000895
300488,2017/12/31,0.10993
300081,2017/12/31,0.051219
300733,2017/12/31,0.098407
300065,2017/12/31,0.077972
300187,2017/12/31,0.046986
300189,2017/12/31,0.000438
300526,2017/12/31,0.056731
300477,2017/12/31,0.044049
300687,2017/12/31,0.155761
300426,2017/12/31,0.066165
300721,2017/12/31,0.059818
300010,2017/12/31,0.025415
300232,2017/12/31,0.07675
300311,2017/12/31,0.072195
300711,2017/12/31,0.11184
300561,2017/12/31,0.109045
300208,2017/12/31,0.100026
300177,2017/12/31,0.038298
300153,2017/12/31,0.018952
300055,2017/12/31,0.039893
300050,2017/12/31,0.033098
300123,2017/12/31,0.023653
300364,2017/12/31,0.027886
300362,2017/12/31,0.014933
300354,2017/12/31,0.011715
300344,2017/12/31,-0.012534
300253,2017/12/31,0.065091
300422,2017/12/31,0.046611
300405,2017/12/31,0.012893
300377,2017/12/31,0.078106
300366,2017/12/31,0.046277
300604,2017/12/31,0.123152
300591,2017/12/31,0.043161
300576,2017/12/31,0.074535
300540,2017/12/31,0.022217
300531,2017/12/31,0.074107
300525,2017/12/31,0.088601
300678,2017/12/31,0.074205
300613,2017/12/31,0.149587
300155,2017/12/31,0.009298
300515,2017/12/31,0.04435
300460,2017/12/31,0.023487
300160,2017/12/31,0.060198
300118,2017/12/31,0.051995
300042,2017/12/31,0.059896
300004,2017/12/31,0.006064
300247,2017/12/31,0.022455
300231,2017/12/31,0.103323
300230,2017/12/31,0.074988
300201,2017/12/31,0.060265
300179,2017/12/31,0.066667
300171,2017/12/31,0.031758
300527,2017/12/31,0.059017
300145,2017/12/31,0.069884
300268,2017/12/31,0.024825
300404,2017/12/31,-0.048954
300610,2017/12/31,0.121658
300283,2017/12/31,0.002473
300423,2017/12/31,0.041097
300350,2017/12/31,0.03249
300091,2017/12/31,0.038721
300062,2017/12/31,-0.034369
300254,2017/12/31,0.020937
300294,2017/12/31,0.119863
300266,2017/12/31,0.046544
300449,2017/12/31,0.035043
300297,2017/12/31,0.060492
300293,2017/12/31,0.00778
300397,2017/12/31,0.047457
300124,2017/12/31,0.128238
300163,2017/12/31,-0.031302
300315,2017/12/31,0.028812
300392,2017/12/31,-0.091503
300664,2017/12/31,0.057944
300306,2017/12/31,0.058375
300094,2017/12/31,0.04106
300002,2017/12/31,0.013909
300013,2017/12/31,0.070111
300111,2017/12/31,0.007864
300116,2017/12/31,-0.148107
300022,2017/12/31,-0.015553
300506,2017/12/31,0.136055
300076,2017/12/31,-0.09259
300299,2017/12/31,-0.07658
300083,2017/12/31,0.04422
300071,2017/12/31,-0.079199
300496,2017/12/31,0.033364
300012,2017/12/31,0.041467
300176,2017/12/31,0.22028
300104,2017/12/31,-0.725465
300482,2017/12/31,0.166685
300135,2017/12/31,0.012018
300323,2017/12/31,0.059826
300049,2017/12/31,0.038239
300169,2017/12/31,-0.018467
300331,2017/12/31,0.041798
300090,2017/12/31,-0.103157
300269,2017/12/31,0.01319
300156,2017/12/31,0.058325
300063,2017/12/31,-0.090979
300043,2017/12/31,0.044582
300216,2017/12/31,-0.079693
300619,2018/12/31,0.050519
300125,2018/12/31,0.027297
300748,2018/12/31,0.08346
300700,2018/12/31,0.03399
300632,2018/12/31,0.126776
300487,2018/12/31,0.097142
300751,2018/12/31,0.088778
300398,2018/12/31,0.089851
300260,2018/12/31,0.024855
300132,2018/12/31,0.331416
300602,2018/12/31,0.099889
300623,2018/12/31,0.113397
300285,2018/12/31,0.14562
300220,2018/12/31,0.022212
300545,2018/12/31,0.077407
300617,2018/12/31,0.072944
300586,2018/12/31,0.071196
300016,2018/12/31,0.121635
300146,2018/12/31,0.114239
300613,2018/12/31,0.040792
300204,2018/12/31,0.049645
300722,2018/12/31,0.137056
300638,2018/12/31,0.107345
300657,2018/12/31,0.052049
300423,2018/12/31,0.118912
300455,2018/12/31,0.111742
300591,2018/12/31,0.040149
300690,2018/12/31,0.081315
300692,2018/12/31,0.045511
300042,2018/12/31,0.066135
300723,2018/12/31,0.127304
300741,2018/12/31,0.150644
300395,2018/12/31,0.126146
300107,2018/12/31,0.466067
300024,2018/12/31,0.050722
300568,2018/12/31,0.068209
300114,2018/12/31,0.082941
300536,2018/12/31,0.047504
300193,2018/12/31,0.07247
300590,2018/12/31,0.12824
300534,2018/12/31,0.015733
300453,2018/12/31,0.054614
300753,2018/12/31,0.139208
300025,2018/12/31,-0.006159
300121,2018/12/31,0.197212
300525,2018/12/31,0.104469
300556,2018/12/31,0.069851
300249,2018/12/31,0.013676
300037,2018/12/31,0.081238
300501,2018/12/31,0.077905
300211,2018/12/31,0.008921
300263,2018/12/31,0.036737
300637,2018/12/31,0.189711
300201,2018/12/31,0.030908
300374,2018/12/31,0.027479
300439,2018/12/31,0.056037
300179,2018/12/31,0.062559
300559,2018/12/31,0.148751
300017,2018/12/31,0.071835
300034,2018/12/31,0.05369
300041,2018/12/31,0.051026
300081,2018/12/31,0.069887
300450,2018/12/31,0.098488
300652,2018/12/31,0.071577
300421,2018/12/31,0.048452
300345,2018/12/31,-0.362339
300575,2018/12/31,0.105647
300458,2018/12/31,0.044529
300491,2018/12/31,-0.025333
300365,2018/12/31,0.120998
300403,2018/12/31,0.094475
300052,2018/12/31,0.032138
300188,2018/12/31,0.092158
300242,2018/12/31,-0.506723
300579,2018/12/31,0.08407
300435,2018/12/31,0.047307
300414,2018/12/31,0.053701
300148,2018/12/31,-0.253429
300054,2018/12/31,0.06891
300401,2018/12/31,0.202167
300101,2018/12/31,0.01423
300596,2018/12/31,0.111777
300224,2018/12/31,-0.023165
300103,2018/12/31,0.018187
300393,2018/12/31,0.021413
300529,2018/12/31,0.213589
300218,2018/12/31,0.010728
300379,2018/12/31,0.067974
300685,2018/12/31,0.167466
300240,2018/12/31,0.011043
300298,2018/12/31,0.13316
300138,2018/12/31,0.045723
300699,2018/12/31,0.111361
300445,2018/12/31,0.130013
300629,2018/12/31,0.016985
300378,2018/12/31,0.036497
300296,2018/12/31,0.092755
300092,2018/12/31,0.009002
300507,2018/12/31,0.085693
300346,2018/12/31,0.039359
300485,2018/12/31,0.108617
300322,2018/12/31,0.036512
300105,2018/12/31,0.003048
300176,2018/12/31,0.134229
300357,2018/12/31,0.243273
300531,2018/12/31,0.127866
300738,2018/12/31,0.079037
300184,2018/12/31,0.056762
300161,2018/12/31,0.004441
300624,2018/12/31,0.141909
300144,2018/12/31,0.130551
300358,2018/12/31,0.010186
300066,2018/12/31,0.055184
300127,2018/12/31,0.121387
300007,2018/12/31,0.023119
300320,2018/12/31,0.08203
300715,2018/12/31,0.082644
300259,2018/12/31,0.065762
300406,2018/12/31,0.165046
300645,2018/12/31,0.054735
300639,2018/12/31,0.094551
300115,2018/12/31,0.000889
300522,2018/12/31,0.099437
300480,2018/12/31,0.053294
300416,2018/12/31,0.068059
300732,2018/12/31,0.093629
300726,2018/12/31,0.138752
300570,2018/12/31,0.110246
300183,2018/12/31,0.056907
300304,2018/12/31,0.061419
300476,2018/12/31,0.080192
300233,2018/12/31,0.055407
300047,2018/12/31,0.055719
300437,2018/12/31,0.081264
300213,2018/12/31,0.043685
300045,2018/12/31,0.056627
300003,2018/12/31,0.089942
300675,2018/12/31,0.042925
300009,2018/12/31,0.110749
300194,2018/12/31,-0.08015
300678,2018/12/31,0.06519
300215,2018/12/31,0.034336
300229,2018/12/31,0.030323
300228,2018/12/31,0.00353
300659,2018/12/31,0.074448
300286,2018/12/31,0.106384
300244,2018/12/31,0.065185
300542,2018/12/31,0.04847
300653,2018/12/31,0.153956
300658,2018/12/31,0.036066
300724,2018/12/31,0.087476
300190,2018/12/31,0.036998
300391,2018/12/31,0.049159
300140,2018/12/31,0.007539
300681,2018/12/31,0.049788
300019,2018/12/31,0.065308
300336,2018/12/31,0.005878
300303,2018/12/31,0.046547
300274,2018/12/31,0.047051
300248,2018/12/31,0.046935
300538,2018/12/31,0.049762
300078,2018/12/31,0.044568
300635,2018/12/31,0.076233
300682,2018/12/31,0.059344
300328,2018/12/31,0.022743
300584,2018/12/31,0.116683
300725,2018/12/31,0.202473
300630,2018/12/31,0.182937
300067,2018/12/31,0.073505
300436,2018/12/31,0.021043
300492,2018/12/31,0.067419
300091,2018/12/31,0.01981
300615,2018/12/31,0.029128
300457,2018/12/31,0.079695
300018,2018/12/31,-0.297235
300494,2018/12/31,0.050256
300609,2018/12/31,0.115001
300655,2018/12/31,0.054049
300205,2018/12/31,0.058002
300749,2018/12/31,0.091342
300164,2018/12/31,0.051796
300452,2018/12/31,0.112195
300481,2018/12/31,0.136776
300327,2018/12/31,0.160278
300026,2018/12/31,0.028958
300547,2018/12/31,0.145085
300577,2018/12/31,0.153683
300595,2018/12/31,0.195107
300080,2018/12/31,-0.044428
300671,2018/12/31,0.067884
300122,2018/12/31,0.265914
300076,2018/12/31,0.016869
300429,2018/12/31,0.086488
300572,2018/12/31,0.112703
300668,2018/12/31,0.183816
300583,2018/12/31,0.054968
300515,2018/12/31,0.060345
300761,2018/12/31,0.264552
300394,2018/12/31,0.130582
300719,2018/12/31,0.048703
300620,2018/12/31,0.117533
300196,2018/12/31,0.084063
300746,2018/12/31,0.075385
300342,2018/12/31,0.053041
300541,2018/12/31,0.038651
300673,2018/12/31,0.130628
300316,2018/12/31,0.092039
300129,2018/12/31,0.002746
300330,2018/12/31,-0.036806
300385,2018/12/31,0.015752
300057,2018/12/31,0.023881
300443,2018/12/31,0.065094
300610,2018/12/31,0.100958
300349,2018/12/31,0.11543
300430,2018/12/31,0.051666
300580,2018/12/31,0.099167
300036,2018/12/31,0.057296
300389,2018/12/31,0.12017
300498,2018/12/31,0.082652
300717,2018/12/31,0.080444
300469,2018/12/31,0.039618
300227,2018/12/31,0.061346
300475,2018/12/31,0.015576
300612,2018/12/31,0.038499
300539,2018/12/31,0.011645
300517,2018/12/31,0.020805
300553,2018/12/31,0.033306
300074,2018/12/31,0.006685
300062,2018/12/31,0.009467
300257,2018/12/31,0.017478
300622,2018/12/31,0.10562
300314,2018/12/31,0.032869
300535,2018/12/31,0.05481
300339,2018/12/31,0.052181
300479,2018/12/31,0.032553
300705,2018/12/31,0.084074
300504,2018/12/31,0.061883
300181,2018/12/31,0.012276
300721,2018/12/31,0.026988
300552,2018/12/31,0.005228
300038,2018/12/31,0.050164
300528,2018/12/31,-0.217361
300474,2018/12/31,0.079726
300120,2018/12/31,0.049258
300149,2018/12/31,0.072846
300756,2018/12/31,0.072308
300669,2018/12/31,0.075387
300210,2018/12/31,-0.041831
300454,2018/12/31,0.150002
300097,2018/12/31,0.046549
300264,2018/12/31,0.01029
300440,2018/12/31,0.05311
300757,2018/12/31,0.12041
300697,2018/12/31,0.058474
300441,2018/12/31,0.057607
300371,2018/12/31,0.11975
300177,2018/12/31,0.054588
300562,2018/12/31,0.02698
300634,2018/12/31,0.124667
300569,2018/12/31,0.040337
300348,2018/12/31,0.035338
300708,2018/12/31,0.009914
300375,2018/12/31,0.055085
300341,2018/12/31,0.104926
300329,2018/12/31,0.051365
300214,2018/12/31,0.05794
300070,2018/12/31,0.026416
300245,2018/12/31,0.036848
300072,2018/12/31,0.023136
300276,2018/12/31,0.048964
300159,2018/12/31,0.03075
300212,2018/12/31,0.035375
300520,2018/12/31,0.030235
300425,2018/12/31,0.049578
300503,2018/12/31,0.042781
300200,2018/12/31,0.047836
300490,2018/12/31,0.038964
300284,2018/12/31,0.055554
300124,2018/12/31,0.124762
300695,2018/12/31,0.098241
300301,2018/12/31,-0.029654
300640,2018/12/31,0.109129
300172,2018/12/31,0.058268
300558,2018/12/31,0.052469
300282,2018/12/31,0.042421
300592,2018/12/31,0.014752
300400,2018/12/31,0.109969
300554,2018/12/31,0.057822
300508,2018/12/31,-0.049934
300548,2018/12/31,0.003318
300607,2018/12/31,0.118653
300589,2018/12/31,0.038601
300321,2018/12/31,0.039552
300383,2018/12/31,0.062178
300448,2018/12/31,0.106856
300755,2018/12/31,0.097841
300739,2018/12/31,0.088339
300747,2018/12/31,0.278992
300636,2018/12/31,0.032153
300119,2018/12/31,0.047629
300288,2018/12/31,0.061936
300139,2018/12/31,0.001835
300065,2018/12/31,0.062693
300021,2018/12/31,0.032367
300094,2018/12/31,0.052143
300170,2018/12/31,0.111466
300560,2018/12/31,0.083656
300020,2018/12/31,0.003801
300670,2018/12/31,0.046747
300573,2018/12/31,0.013009
300387,2018/12/31,0.045041
300106,2018/12/31,0.006904
300277,2018/12/31,0.015189
300759,2018/12/31,0.079354
300420,2018/12/31,0.061725
300456,2018/12/31,0.031232
300281,2018/12/31,0.013242
300169,2018/12/31,0.007627
300098,2018/12/31,0.068849
300588,2018/12/31,0.019357
300278,2018/12/31,0.005336
300051,2018/12/31,-0.279081
300419,2018/12/31,-0.41097
300262,2018/12/31,0.023425
300150,2018/12/31,0.036373
300691,2018/12/31,0.055123
300239,2018/12/31,0.031311
300207,2018/12/31,0.044484
300598,2018/12/31,0.025773
300703,2018/12/31,0.093291
300519,2018/12/31,0.110164
300412,2018/12/31,0.035691
300683,2018/12/31,0.045011
300540,2018/12/31,-0.11591
300295,2018/12/31,0.05798
300643,2018/12/31,0.063523
300500,2018/12/31,0.077429
300396,2018/12/31,0.12498
300600,2018/12/31,0.091908
300250,2018/12/31,-0.179148
300162,2018/12/31,-0.027516
300243,2018/12/31,0.093239
300299,2018/12/31,0.025139
300557,2018/12/31,0.029289
300627,2018/12/31,0.085026
300110,2018/12/31,0.01241
300261,2018/12/31,0.054095
300582,2018/12/31,0.046301
300356,2018/12/31,0.011751
300167,2018/12/31,-0.143281
300408,2018/12/31,0.16627
300223,2018/12/31,0.011479
300087,2018/12/31,0.05304
300616,2018/12/31,0.096501
300730,2018/12/31,0.057767
300068,2018/12/31,0.010335
300546,2018/12/31,0.106015
300157,2018/12/31,0.008061
300651,2018/12/31,0.03988
300718,2018/12/31,0.126546
300112,2018/12/31,0.047602
300563,2018/12/31,0.069134
300484,2018/12/31,0.022489
300701,2018/12/31,0.146279
300174,2018/12/31,0.071239
300073,2018/12/31,0.088788
300354,2018/12/31,0.044656
300289,2018/12/31,0.035692
300255,2018/12/31,0.035855
300235,2018/12/31,0.019642
300079,2018/12/31,0.01897
300044,2018/12/31,0.016322
300039,2018/12/31,0.083585
300011,2018/12/31,-0.151737
300272,2018/12/31,0.164431
300256,2018/12/31,-0.205502
300251,2018/12/31,0.120201
300154,2018/12/31,0.055171
300145,2018/12/31,0.045391
300117,2018/12/31,0.009887
300102,2018/12/31,0.030849
300096,2018/12/31,0.019937
300085,2018/12/31,0.009912
300083,2018/12/31,-0.292609
300428,2018/12/31,0.062385
300418,2018/12/31,0.143361
300415,2018/12/31,0.071963
300390,2018/12/31,0.0492
300386,2018/12/31,0.067324
300368,2018/12/31,0.02188
300319,2018/12/31,0.045419
300318,2018/12/31,0.028444
300533,2018/12/31,0.056287
300532,2018/12/31,0.012354
300521,2018/12/31,0.045015
300495,2018/12/31,0.05116
300472,2018/12/31,0.045563
300471,2018/12/31,-0.197338
300447,2018/12/31,-0.149681
300626,2018/12/31,0.044971
300611,2018/12/31,0.019644
300587,2018/12/31,0.059956
300585,2018/12/31,0.064929
300567,2018/12/31,0.15559
300565,2018/12/31,0.0157
300662,2018/12/31,0.119115
300650,2018/12/31,0.084035
300649,2018/12/31,0.117357
300648,2018/12/31,0.029579
300631,2018/12/31,0.068274
300716,2018/12/31,0.042005
300712,2018/12/31,0.056072
300689,2018/12/31,0.087036
300665,2018/12/31,0.036583
300760,2018/12/31,0.206608
300729,2018/12/31,0.050882
300727,2018/12/31,0.101932
300258,2018/12/31,0.09996
300736,2018/12/31,0.072474
300206,2018/12/31,0.060107
300667,2018/12/31,0.097994
300333,2018/12/31,0.035512
300502,2018/12/31,0.022885
300628,2018/12/31,0.251436
300593,2018/12/31,0.035591
300332,2018/12/31,0.002358
300294,2018/12/31,0.110967
300380,2018/12/31,0.042546
300056,2018/12/31,-0.161468
300470,2018/12/31,0.124853
300308,2018/12/31,0.078428
300279,2018/12/31,-0.292934
300131,2018/12/31,0.036142
300752,2018/12/31,0.145531
300326,2018/12/31,0.146979
300608,2018/12/31,0.079909
300505,2018/12/31,0.066347
300702,2018/12/31,0.069114
300510,2018/12/31,0.047225
300376,2018/12/31,0.051074
300008,2018/12/31,-0.553152
300032,2018/12/31,-0.53788
300283,2018/12/31,0.012553
300063,2018/12/31,-0.298621
300660,2018/12/31,0.068337
300581,2018/12/31,0.088408
300664,2018/12/31,0.0344
300306,2018/12/31,-0.249611
300126,2018/12/31,-0.036058
300231,2018/12/31,0.069808
300141,2018/12/31,0.006895
300075,2018/12/31,0.036861
300405,2018/12/31,-0.056729
300399,2018/12/31,0.050133
300576,2018/12/31,0.08089
300707,2018/12/31,0.104062
300656,2018/12/31,0.10293
300633,2018/12/31,0.159335
300642,2018/12/31,0.139049
300674,2018/12/31,0.067222
300625,2018/12/31,0.064636
300202,2018/12/31,-0.054416
300477,2018/12/31,0.011644
300158,2018/12/31,-0.020306
300099,2018/12/31,0.044883
300031,2018/12/31,0.089735
300377,2018/12/31,0.058992
300698,2018/12/31,0.007129
300543,2018/12/31,0.041495
300537,2018/12/31,0.032392
300267,2018/12/31,0.035802
300136,2018/12/31,0.157752
300265,2018/12/31,0.018826
300566,2018/12/31,0.02377
300442,2018/12/31,-0.163439
300360,2018/12/31,0.052562
300706,2018/12/31,0.047621
300302,2018/12/31,0.022196
300483,2018/12/31,0.011234
300473,2018/12/31,0.030031
300514,2018/12/31,0.062939
300291,2018/12/31,-0.645981
300046,2018/12/31,0.082627
300338,2018/12/31,0.034932
300006,2018/12/31,0.030992
300606,2018/12/31,0.097347
300710,2018/12/31,0.022738
300605,2018/12/31,0.072364
300337,2018/12/31,-0.02479
300050,2018/12/31,0.014417
300713,2018/12/31,0.016351
300369,2018/12/31,0.04411
300709,2018/12/31,0.022987
300290,2018/12/31,0.017043
300108,2018/12/31,0.054801
300745,2018/12/31,0.057544
300672,2018/12/31,0.033074
300513,2018/12/31,0.060176
300355,2018/12/31,0.017771
300693,2018/12/31,0.05739
300654,2018/12/31,0.050187
300597,2018/12/31,0.043722
300530,2018/12/31,0.103052
300209,2018/12/31,0.005712
300363,2018/12/31,0.030859
300165,2018/12/31,0.022416
300735,2018/12/31,0.137177
300603,2018/12/31,0.029823
300511,2018/12/31,0.032287
300464,2018/12/31,0.001775
300449,2018/12/31,0.005404
300663,2018/12/31,0.033117
300427,2018/12/31,0.075978
300293,2018/12/31,0.009304
300335,2018/12/31,0.061104
300058,2018/12/31,0.024474
300185,2018/12/31,0.023518
300647,2018/12/31,0.023472
300208,2018/12/31,0.0415
300013,2018/12/31,0.027366
300384,2018/12/31,0.047793
300252,2018/12/31,0.028298
300043,2018/12/31,0.040352
300621,2018/12/31,0.029801
300694,2018/12/31,0.048227
300599,2018/12/31,0.117899
300527,2018/12/31,0.061382
300287,2018/12/31,-0.302619
300134,2018/12/31,-0.000334
300687,2018/12/31,0.117214
300661,2018/12/31,0.103504
300438,2018/12/31,0.062608
300750,2018/12/31,0.060478
300680,2018/12/31,0.008826
300225,2018/12/31,0.007962
300381,2018/12/31,0.034831
300711,2018/12/31,0.024475
300173,2018/12/31,-0.367859
300199,2018/12/31,-0.062196
300676,2018/12/31,0.07871
300195,2018/12/31,0.014788
300424,2018/12/31,0.029271
300171,2018/12/31,0.019254
300178,2018/12/31,0.021123
300310,2018/12/31,-0.563679
300109,2018/12/31,0.042509
300373,2018/12/31,0.055859
300270,2018/12/31,-0.025216
300137,2018/12/31,0.116396
300382,2018/12/31,0.086497
300618,2018/12/31,0.250394
300155,2018/12/31,0.018702
300305,2018/12/31,0.047385
300641,2018/12/31,0.038301
300040,2018/12/31,0.012085
300489,2018/12/31,0.002081
300100,2018/12/31,-0.013181
300493,2018/12/31,0.014095
300488,2018/12/31,0.064247
300549,2018/12/31,0.06476
300352,2018/12/31,0.033598
300246,2018/12/31,0.091059
300666,2018/12/31,0.050114
300168,2018/12/31,0.028469
300397,2018/12/31,-0.113003
300292,2018/12/31,-0.388095
300048,2018/12/31,-0.063503
300307,2018/12/31,0.023774
300004,2018/12/31,-0.308434
300219,2018/12/31,0.038495
300465,2018/12/31,0.047784
300482,2018/12/31,0.158033
300049,2018/12/31,0.019452
300737,2018/12/31,0.049609
300516,2018/12/31,0.034449
300111,2018/12/31,-0.561516
300230,2018/12/31,0.092404
300370,2018/12/31,-0.129896
300451,2018/12/31,0.076188
300192,2018/12/31,0.053767
300015,2018/12/31,0.112554
300684,2018/12/31,0.162397
300030,2018/12/31,-0.086578
300417,2018/12/31,0.061237
300268,2018/12/31,0.035845
300344,2018/12/31,0.030436
300222,2018/12/31,0.058659
300010,2018/12/31,-0.178583
300499,2018/12/31,0.048663
300679,2018/12/31,0.066415
300496,2018/12/31,0.063429
300323,2018/12/31,0.02139
300462,2018/12/31,0.060911
300238,2018/12/31,0.02055
300143,2018/12/31,0.02716
300113,2018/12/31,0.109517
300407,2018/12/31,0.006762
300012,2018/12/31,0.074597
300217,2018/12/31,0.048241
300409,2018/12/31,0.086551
300175,2018/12/31,0.050602
300069,2018/12/31,-0.231532
300444,2018/12/31,0.050255
300696,2018/12/31,0.08598
300518,2018/12/31,0.012413
300160,2018/12/31,-0.119215
300686,2018/12/31,0.007093
300604,2018/12/31,0.059892
300509,2018/12/31,0.035506
300340,2018/12/31,0.015245
300002,2018/12/31,0.011629
300432,2018/12/31,-0.531018
300743,2018/12/31,0.079402
300561,2018/12/31,0.033287
300359,2018/12/31,-0.256845
300366,2018/12/31,-0.115478
300236,2018/12/31,0.004029
300486,2018/12/31,0.040553
300353,2018/12/31,0.028894
300315,2018/12/31,-0.39329
300118,2018/12/31,0.012938
300191,2018/12/31,0.052449
300153,2018/12/31,0.011212
300644,2018/12/31,0.024802
300317,2018/12/31,-0.251006
300151,2018/12/31,0.055294
300731,2018/12/31,0.063164
300571,2018/12/31,0.162382
300237,2018/12/31,0.043705
300232,2018/12/31,0.075402
300740,2018/12/31,0.09241
300234,2018/12/31,-0.068874
300720,2018/12/31,0.097969
300133,2018/12/31,0.019681
300221,2018/12/31,-0.283094
300198,2018/12/31,-0.127506
300550,2018/12/31,0.04716
300688,2018/12/31,0.009317
300410,2018/12/31,0.006242
300055,2018/12/31,-0.011896
300459,2018/12/31,0.07668
300084,2018/12/31,0.020413
300466,2018/12/31,-0.126322
300152,2018/12/31,-0.200397
300506,2018/12/31,0.13681
300273,2018/12/31,0.018977
300463,2018/12/31,0.118658
300733,2018/12/31,0.052556
300551,2018/12/31,0.017353
300468,2018/12/31,0.057062
300300,2018/12/31,0.033676
300166,2018/12/31,0.094281
300555,2018/12/31,0.011636
300578,2018/12/31,0.043996
300061,2018/12/31,-0.198622
300350,2018/12/31,-0.221004
300523,2018/12/31,0.102691
300182,2018/12/31,0.00585
300526,2018/12/31,0.023831
300512,2018/12/31,0.090414
300347,2018/12/31,0.128908
300331,2018/12/31,0.028804
300005,2018/12/31,-0.074579
300241,2018/12/31,0.035346
300187,2018/12/31,-0.053083
300142,2018/12/31,0.162082
300088,2018/12/31,0.086336
300130,2018/12/31,0.061581
300077,2018/12/31,-0.608864
300280,2018/12/31,0.069648
300433,2018/12/31,0.015232
300364,2018/12/31,-0.541936
300313,2018/12/31,-1.859121
300275,2018/12/31,-0.054486
300203,2018/12/31,0.093682
300758,2018/12/31,0.158201
300104,2018/12/31,-0.435233
300601,2018/12/31,0.157084
300388,2018/12/31,0.034065
300422,2018/12/31,0.04432
300189,2018/12/31,0.008537
300402,2018/12/31,0.010507
300216,2018/12/31,-0.690332
300253,2018/12/31,0.077193
300325,2018/12/31,-0.020349
300404,2018/12/31,0.019092
300351,2018/12/31,-0.155309
300022,2018/12/31,0.016295
300226,2018/12/31,0.020329
300254,2018/12/31,0.006482
300095,2018/12/31,-0.035543
300035,2018/12/31,0.076077
300180,2018/12/31,0.042585
300311,2018/12/31,0.106705
300460,2018/12/31,-0.021172
300467,2018/12/31,-0.25204
300434,2018/12/31,0.048522
300461,2018/12/31,-0.063824
300053,2018/12/31,0.027676
300343,2018/12/31,-0.374996
300269,2018/12/31,-0.444989
300001,2018/12/31,0.014646
300324,2018/12/31,0.008835
300128,2018/12/31,-0.252916
300071,2018/12/31,-0.237921
300027,2018/12/31,-0.047101
300431,2018/12/31,-0.964971
300197,2018/12/31,0.013323
300392,2018/12/31,0.011229
300014,2018/12/31,0.066651
300677,2018/12/31,0.08785
300312,2018/12/31,-0.482671
300086,2018/12/31,0.009194
300297,2018/12/31,0.046412
300271,2018/12/31,0.089174
300478,2018/12/31,0.016634
300497,2018/12/31,0.096521
300334,2018/12/31,0.00583
300413,2018/12/31,0.085537
300082,2018/12/31,0.056964
300123,2018/12/31,0.022223
300247,2018/12/31,-0.315246
300028,2018/12/31,-0.087554
300266,2018/12/31,-0.13508
300411,2018/12/31,-0.592716
300362,2018/12/31,-0.341917
300426,2018/12/31,-0.329537
300156,2018/12/31,-0.233932
300147,2018/12/31,0.009848
300116,2018/12/31,-0.167427
300090,2018/12/31,-0.267564
300163,2018/12/31,-0.22642
300135,2018/12/31,0.01348
300742,2018/12/31,0.009933
300089,2018/12/31,-0.673878
300093,2018/12/31,0.009718
300152,2015/12/31,0.001138
