Stkcd,Reptdt,Shrcr
300328,2013/12/31,0.5906
300328,2014/12/31,0.5906
300286,2013/12/31,0.2199
300286,2014/12/31,0.2199
300044,2013/12/31,0.1953
300044,2014/12/31,0.1963
300116,2013/12/31,0.4078
300116,2014/12/31,0.4078
300024,2013/12/31,0.2737
300024,2014/12/31,0.2737
300025,2013/12/31,0.1447
300025,2014/12/31,0.1405
300120,2013/12/31,0.1915
300120,2014/12/31,0.1919
300095,2013/12/31,0.3203
300095,2014/12/31,0.3189
300096,2013/12/31,0.2673
300096,2014/12/31,0.2598
300045,2013/12/31,0.2149
300045,2014/12/31,0.2132
300046,2013/12/31,0.4966
300046,2014/12/31,0.4474
300047,2013/12/31,0.1461
300047,2014/12/31,0.1383
300097,2013/12/31,0.5
300097,2014/12/31,0.4504
300098,2013/12/31,0.481
300098,2014/12/31,0.4214
300099,2013/12/31,0.3916
300099,2014/12/31,0.3771
300100,2013/12/31,0.5875
300100,2014/12/31,0.4965
300101,2013/12/31,0.3833
300101,2014/12/31,0.3833
300048,2013/12/31,0.2714
300048,2014/12/31,0.2714
300121,2013/12/31,0.5125
300121,2014/12/31,0.4947
300131,2013/12/31,0.3069
300131,2014/12/31,0.3092
300132,2013/12/31,0.3206
300132,2014/12/31,0.2434
300062,2013/12/31,0.2656
300062,2014/12/31,0.2542
300063,2013/12/31,0.4255
300063,2014/12/31,0.4255
300065,2013/12/31,0.1846
300065,2014/12/31,0.1846
300006,2013/12/31,0.254
300006,2014/12/31,0.254
300007,2013/12/31,0.2687
300007,2014/12/31,0.2164
300008,2013/12/31,0.2582
300008,2014/12/31,0.2257
300026,2013/12/31,0.2528
300026,2014/12/31,0.247
300027,2013/12/31,0.239
300027,2014/12/31,0.2328
300009,2013/12/31,0.3013
300009,2014/12/31,0.3013
300010,2013/12/31,0.2691
300010,2014/12/31,0.2223
300246,2013/12/31,0.3336
300246,2014/12/31,0.3336
300247,2013/12/31,0.3062
300247,2014/12/31,0.2246
300248,2013/12/31,0.2377
300248,2014/12/31,0.2377
300049,2013/12/31,0.1364
300049,2014/12/31,0.1001
300050,2013/12/31,0.3032
300050,2014/12/31,0.3032
300128,2013/12/31,0.5173
300128,2014/12/31,0.5177
300129,2013/12/31,0.0898
300129,2014/12/31,0.0898
300130,2013/12/31,0.3331
300130,2014/12/31,0.3331
300083,2013/12/31,0.5863
300083,2014/12/31,0.5616
300084,2013/12/31,0.2304
300084,2014/12/31,0.1998
300019,2013/12/31,0.2012
300019,2014/12/31,0.1957
300020,2013/12/31,0.3644
300020,2014/12/31,0.285
300021,2013/12/31,0.5107
300021,2014/12/31,0.5107
300179,2013/12/31,0.2826
300179,2014/12/31,0.2826
300180,2013/12/31,0.1487
300180,2014/12/31,0.1487
300284,2013/12/31,0.22083
300284,2014/12/31,0.21
300133,2013/12/31,0.3538
300133,2014/12/31,0.2992
300085,2013/12/31,0.23
300085,2014/12/31,0.2125
300086,2013/12/31,0.5819
300086,2014/12/31,0.5086
300087,2013/12/31,0.1139
300087,2014/12/31,0.1139
300176,2013/12/31,0.2923
300176,2014/12/31,0.2923
300177,2013/12/31,0.2992
300177,2014/12/31,0.2975
300287,2013/12/31,0.1987
300287,2014/12/31,0.1825
300143,2013/12/31,0.3654
300143,2014/12/31,0.3654
300144,2013/12/31,0.347
300144,2014/12/31,0.347
300145,2013/12/31,0.3747
300145,2014/12/31,0.3654
300146,2013/12/31,0.5749
300146,2014/12/31,0.5733
300178,2013/12/31,0.3288
300178,2014/12/31,0.329
300028,2013/12/31,0.2721
300028,2014/12/31,0.278
300030,2013/12/31,0.2325
300030,2014/12/31,0.2325
300054,2013/12/31,0.191
300054,2014/12/31,0.1904
300055,2013/12/31,0.3094
300055,2014/12/31,0.2888
300078,2013/12/31,0.3358
300078,2014/12/31,0.3358
300079,2013/12/31,0.1821
300079,2014/12/31,0.1556
300080,2013/12/31,0.1942
300080,2014/12/31,0.2304
300081,2013/12/31,0.3191
300081,2014/12/31,0.3191
300082,2013/12/31,0.5632
300082,2014/12/31,0.5537
300370,2013/12/31,0.3474
300370,2014/12/31,0.2828
300088,2013/12/31,0.2445
300088,2014/12/31,0.2122
300089,2013/12/31,0.3825
300089,2014/12/31,0.3825
300241,2013/12/31,0.3838
300241,2014/12/31,0.3108
300242,2013/12/31,0.4403
300242,2014/12/31,0.4403
300243,2013/12/31,0.2251
300243,2014/12/31,0.2261
300244,2013/12/31,0.3807
300244,2014/12/31,0.3764
300051,2013/12/31,0.4287
300051,2014/12/31,0.4287
300052,2013/12/31,0.2739
300052,2014/12/31,0.2739
300138,2013/12/31,0.0998
300138,2014/12/31,0.0998
300139,2013/12/31,0.2874
300139,2014/12/31,0.2874
300066,2013/12/31,0.4101
300066,2014/12/31,0.4101
300181,2013/12/31,0.3094
300181,2014/12/31,0.3094
300245,2013/12/31,0.2222
300245,2014/12/31,0.1979
300282,2013/12/31,0.3881
300282,2014/12/31,0.2191
300123,2013/12/31,0.3576
300123,2014/12/31,0.3576
300124,2013/12/31,0.1875
300124,2014/12/31,0.1969
300067,2013/12/31,0.4404
300067,2014/12/31,0.4392
300068,2013/12/31,0.2061
300068,2014/12/31,0.1967
300069,2013/12/31,0.4099
300069,2014/12/31,0.4099
300011,2013/12/31,0.247
300011,2014/12/31,0.2076
300056,2013/12/31,0.1994
300056,2014/12/31,0.1994
300057,2013/12/31,0.5126
300057,2014/12/31,0.5126
300122,2013/12/31,0.558
300122,2014/12/31,0.5385
300070,2013/12/31,0.2509
300070,2014/12/31,0.2491
300071,2013/12/31,0.338
300071,2014/12/31,0.338
300012,2013/12/31,0.2053
300012,2014/12/31,0.1651
300013,2013/12/31,0.303
300013,2014/12/31,0.2273
300014,2013/12/31,0.4525
300014,2014/12/31,0.4524
300015,2013/12/31,0.4445
300015,2014/12/31,0.4401
300090,2013/12/31,0.2726
300090,2014/12/31,0.2046
300091,2013/12/31,0.2211
300091,2014/12/31,0.1804
300092,2013/12/31,0.2159
300092,2014/12/31,0.2159
300174,2013/12/31,0.5031
300174,2014/12/31,0.4443
300175,2013/12/31,0.3984
300175,2014/12/31,0.2989
300140,2013/12/31,0.2985
300140,2014/12/31,0.2985
300053,2013/12/31,0.2793
300053,2014/12/31,0.2294
300125,2013/12/31,0.302
300125,2014/12/31,0.2342
300126,2013/12/31,0.3563
300126,2014/12/31,0.2636
300141,2013/12/31,0.476
300141,2014/12/31,0.4721
300127,2013/12/31,0.3358
300127,2014/12/31,0.3358
300072,2013/12/31,0.2846
300072,2014/12/31,0.2836
300073,2013/12/31,0.3095
300073,2014/12/31,0.3095
300017,2013/12/31,0.2369
300017,2014/12/31,0.215
300018,2013/12/31,0.09
300018,2014/12/31,0.09
300117,2013/12/31,0.3966
300117,2014/12/31,0.3966
300118,2013/12/31,0.429
300118,2014/12/31,0.3382
300119,2013/12/31,0.4306
300119,2014/12/31,0.4278
300058,2013/12/31,0.0759
300058,2014/12/31,0.0731
300134,2013/12/31,0.5101
300134,2014/12/31,0.5101
300135,2013/12/31,0.3776
300135,2014/12/31,0.3008
300061,2013/12/31,0.56
300061,2014/12/31,0.56
300001,2013/12/31,0.4978
300001,2014/12/31,0.4978
300002,2013/12/31,0.1375
300002,2014/12/31,0.1273
300136,2013/12/31,0.2617
300136,2014/12/31,0.2634
300137,2013/12/31,0.1614
300137,2014/12/31,0.1553
300074,2013/12/31,0.1485
300074,2014/12/31,0.1446
300075,2013/12/31,0.3282
300075,2014/12/31,0.3262
300003,2013/12/31,0.2892
300003,2014/12/31,0.219
300004,2013/12/31,0.2184
300004,2014/12/31,0.1316
300005,2013/12/31,0.2894
300005,2014/12/31,0.2877
300022,2013/12/31,0.1397
300022,2014/12/31,0.1397
300076,2013/12/31,0.3002
300076,2014/12/31,0.3002
300093,2013/12/31,0.2691
300093,2014/12/31,0.2691
300094,2013/12/31,0.4526
300094,2014/12/31,0.4012
300102,2013/12/31,0.1697
300102,2014/12/31,0.1697
300103,2013/12/31,0.3513
300103,2014/12/31,0.2995
300104,2013/12/31,0.4657
300104,2014/12/31,0.4421
300105,2013/12/31,0.2325
300105,2014/12/31,0.2325
300031,2013/12/31,0.3267
300031,2014/12/31,0.3007
300032,2013/12/31,0.534
300032,2014/12/31,0.4498
300034,2013/12/31,0.4802
300034,2014/12/31,0.4783
300035,2013/12/31,0.1724
300035,2014/12/31,0.1724
300115,2013/12/31,0.5161
300115,2014/12/31,0.5161
300106,2013/12/31,0.4432
300106,2014/12/31,0.4432
300107,2013/12/31,0.4036
300107,2014/12/31,0.4036
300108,2013/12/31,0.3679
300108,2014/12/31,0.2486
300109,2013/12/31,0.1996
300109,2014/12/31,0.1996
300040,2013/12/31,0.216
300040,2014/12/31,0.216
300110,2013/12/31,0.5053
300110,2014/12/31,0.49
300036,2013/12/31,0.1496
300036,2014/12/31,0.1494
300037,2013/12/31,0.1665
300037,2014/12/31,0.1665
300038,2013/12/31,0.3064
300038,2014/12/31,0.3066
300039,2013/12/31,0.3011
300039,2014/12/31,0.2968
300111,2013/12/31,0.2472
300111,2014/12/31,0.2472
300112,2013/12/31,0.2289
300112,2014/12/31,0.2229
300113,2013/12/31,0.452
300113,2014/12/31,0.4434
300114,2013/12/31,0.6148
300114,2014/12/31,0.5177
300041,2014/12/31,0.1904
300043,2013/12/31,0.3833
300043,2014/12/31,0.3277
300401,2014/12/31,0.3791
300401,2015/12/31,0.3841
300375,2013/12/31,0.5001
300375,2014/12/31,0.3583
300366,2013/12/31,0.6341
300366,2014/12/31,0.4704
300372,2013/12/31,0.3258
300372,2014/12/31,0.2659
300402,2014/12/31,0.5728
300381,2013/12/31,0.65
300381,2014/12/31,0.4746
300182,2013/12/31,0.5464
300182,2014/12/31,0.539
300183,2013/12/31,0.235
300183,2014/12/31,0.2347
300184,2013/12/31,0.3175
300184,2014/12/31,0.2519
300185,2013/12/31,0.1665
300185,2014/12/31,0.1665
300249,2013/12/31,0.2523
300249,2014/12/31,0.2248
300253,2013/12/31,0.1641
300253,2014/12/31,0.1621
300266,2013/12/31,0.4499
300266,2014/12/31,0.3749
300267,2013/12/31,0.4924
300267,2014/12/31,0.4924
300268,2013/12/31,0.2999
300268,2014/12/31,0.2618
300152,2013/12/31,0.3664
300152,2014/12/31,0.3241
300153,2013/12/31,0.5258
300153,2014/12/31,0.4945
300154,2013/12/31,0.3952
300154,2014/12/31,0.3952
300155,2013/12/31,0.384
300155,2014/12/31,0.3841
300169,2013/12/31,0.1423
300169,2014/12/31,0.1116
300170,2013/12/31,0.342
300170,2014/12/31,0.1266
300187,2013/12/31,0.5994
300187,2014/12/31,0.6084
300188,2013/12/31,0.2813
300188,2014/12/31,0.2742
300189,2013/12/31,0.2241
300189,2014/12/31,0.1773
300254,2013/12/31,0.1151
300254,2014/12/31,0.1151
300203,2013/12/31,0.2551
300203,2014/12/31,0.2462
300204,2013/12/31,0.3765
300204,2014/12/31,0.3765
300205,2013/12/31,0.2705
300205,2014/12/31,0.2589
300221,2013/12/31,0.2625
300221,2014/12/31,0.2604
300222,2013/12/31,0.285
300222,2014/12/31,0.4033
300223,2013/12/31,0.2262
300223,2014/12/31,0.2117
300224,2013/12/31,0.6887
300224,2014/12/31,0.5887
300171,2013/12/31,0.6413
300171,2014/12/31,0.6251
300172,2013/12/31,0.3075
300172,2014/12/31,0.2898
300173,2013/12/31,0.1716
300173,2014/12/31,0.2115
300237,2013/12/31,0.4099
300237,2014/12/31,0.3227
300255,2013/12/31,0.3183
300255,2014/12/31,0.3194
300256,2013/12/31,0.1827
300256,2014/12/31,0.1733
300206,2013/12/31,0.2086
300206,2014/12/31,0.2086
300270,2013/12/31,0.5917
300270,2014/12/31,0.5744
300271,2013/12/31,0.2449
300271,2014/12/31,0.2429
300238,2013/12/31,0.3811
300238,2014/12/31,0.3314
300239,2013/12/31,0.3775
300239,2014/12/31,0.3775
300240,2013/12/31,0.1701
300240,2014/12/31,0.16
300231,2013/12/31,0.2796
300231,2014/12/31,0.2703
300232,2013/12/31,0.4565
300232,2014/12/31,0.4075
300194,2013/12/31,0.4612
300194,2014/12/31,0.4612
300259,2013/12/31,0.4367
300259,2014/12/31,0.4191
300260,2013/12/31,0.2838
300260,2014/12/31,0.2838
300261,2013/12/31,0.5239
300261,2014/12/31,0.5239
300353,2013/12/31,0.3953
300353,2014/12/31,0.3953
300160,2013/12/31,0.3498
300160,2014/12/31,0.2962
300161,2013/12/31,0.2036
300161,2014/12/31,0.2036
300228,2013/12/31,0.1394
300162,2013/12/31,0.2831
300162,2014/12/31,0.2831
300190,2013/12/31,0.5772
300190,2014/12/31,0.5194
300318,2013/12/31,0.2503
300318,2014/12/31,0.2503
300195,2013/12/31,0.4868
300195,2014/12/31,0.3182
300196,2013/12/31,0.3938
300196,2014/12/31,0.3938
300197,2013/12/31,0.5165
300197,2014/12/31,0.5165
300198,2013/12/31,0.1614
300198,2014/12/31,0.1624
300147,2013/12/31,0.3406
300147,2014/12/31,0.3406
300148,2013/12/31,0.6517
300148,2014/12/31,0.3841
300149,2013/12/31,0.3212
300149,2014/12/31,0.2409
300151,2013/12/31,0.4991
300151,2014/12/31,0.4991
300156,2013/12/31,0.2837
300156,2014/12/31,0.1979
300157,2013/12/31,0.2331
300157,2014/12/31,0.1763
300158,2013/12/31,0.5908
300158,2014/12/31,0.5908
300212,2013/12/31,0.3519
300212,2014/12/31,0.3519
300214,2013/12/31,0.3121
300214,2014/12/31,0.3121
300215,2013/12/31,0.3111
300215,2014/12/31,0.3111
300211,2013/12/31,0.484
300211,2014/12/31,0.484
300216,2013/12/31,0.1368
300216,2014/12/31,0.1372
300163,2013/12/31,0.4587
300163,2014/12/31,0.4587
300164,2013/12/31,0.233
300164,2014/12/31,0.233
300229,2013/12/31,0.5645
300229,2014/12/31,0.4967
300230,2013/12/31,0.4472
300230,2014/12/31,0.4472
300191,2013/12/31,0.5708
300191,2014/12/31,0.4708
300192,2013/12/31,0.3741
300192,2014/12/31,0.3741
300193,2013/12/31,0.2406
300258,2013/12/31,0.50625
300258,2014/12/31,0.5063
300165,2013/12/31,0.4257
300165,2014/12/31,0.4257
300289,2013/12/31,0.3675
300289,2014/12/31,0.3589
300207,2013/12/31,0.331
300207,2014/12/31,0.2917
300208,2013/12/31,0.3313
300208,2014/12/31,0.3126
300209,2013/12/31,0.3
300209,2014/12/31,0.3
300210,2013/12/31,0.3944
300210,2014/12/31,0.3944
300262,2013/12/31,0.5268
300262,2014/12/31,0.5081
300263,2013/12/31,0.131
300263,2014/12/31,0.1305
300264,2013/12/31,0.3694
300264,2014/12/31,0.3258
300265,2013/12/31,0.5519
300265,2014/12/31,0.5519
300159,2013/12/31,0.1631
300159,2014/12/31,0.1548
300225,2013/12/31,0.3669
300225,2014/12/31,0.3669
300226,2013/12/31,0.3969
300226,2014/12/31,0.2969
300227,2013/12/31,0.4888
300227,2014/12/31,0.4173
300150,2013/12/31,0.2111
300150,2014/12/31,0.2111
300199,2013/12/31,0.2606
300199,2014/12/31,0.2606
300200,2013/12/31,0.3753
300200,2014/12/31,0.3753
300201,2013/12/31,0.2485
300201,2014/12/31,0.2485
300202,2013/12/31,0.2999
300202,2014/12/31,0.2999
300217,2013/12/31,0.2249
300217,2014/12/31,0.2249
300269,2013/12/31,0.2545
300269,2014/12/31,0.2477
300016,2013/12/31,0.2113
300016,2014/12/31,0.2343
300213,2013/12/31,0.1553
300213,2014/12/31,0.1553
300218,2013/12/31,0.225
300218,2014/12/31,0.2202
300219,2013/12/31,0.2735
300219,2014/12/31,0.2726
300220,2013/12/31,0.5485
300220,2014/12/31,0.5485
300235,2013/12/31,0.2265
300235,2014/12/31,0.2265
300236,2013/12/31,0.2238
300236,2014/12/31,0.213
300290,2013/12/31,0.2887
300290,2014/12/31,0.2887
300250,2013/12/31,0.5863
300250,2014/12/31,0.5863
300251,2013/12/31,0.5405
300251,2014/12/31,0.5405
300252,2013/12/31,0.3935
300252,2014/12/31,0.3712
300186,2013/12/31,0.1057
300186,2014/12/31,0.1055
300166,2013/12/31,0.2352
300166,2014/12/31,0.201
300167,2013/12/31,0.4166
300167,2014/12/31,0.4166
300168,2013/12/31,0.2624
300168,2014/12/31,0.2593
300233,2013/12/31,0.3932
300233,2014/12/31,0.3767
300234,2013/12/31,0.375
300234,2014/12/31,0.375
300388,2014/12/31,0.4412
300336,2013/12/31,0.3125
300336,2014/12/31,0.3125
300298,2013/12/31,0.3409
300298,2014/12/31,0.3366
300296,2013/12/31,0.453
300296,2014/12/31,0.421
300305,2013/12/31,0.2501
300305,2014/12/31,0.2501
300283,2013/12/31,0.6353
300283,2014/12/31,0.6353
300280,2013/12/31,0.625
300280,2014/12/31,0.625
300310,2013/12/31,0.1088
300310,2014/12/31,0.1088
300311,2013/12/31,0.5345
300311,2014/12/31,0.5194
300313,2013/12/31,0.3084
300313,2014/12/31,0.3084
300276,2013/12/31,0.3977
300276,2014/12/31,0.3977
300272,2013/12/31,0.3845
300272,2014/12/31,0.3847
300274,2013/12/31,0.3828
300274,2014/12/31,0.3806
300273,2013/12/31,0.2239
300273,2014/12/31,0.2119
300278,2013/12/31,0.4894
300278,2014/12/31,0.4015
300306,2013/12/31,0.3336
300306,2014/12/31,0.3336
300307,2013/12/31,0.4548
300307,2014/12/31,0.4548
300338,2013/12/31,0.2589
300338,2014/12/31,0.2589
300277,2013/12/31,0.2689
300277,2014/12/31,0.2726
300312,2013/12/31,0.3664
300312,2014/12/31,0.3664
300316,2013/12/31,0.562
300316,2014/12/31,0.562
300293,2013/12/31,0.4275
300293,2014/12/31,0.4275
300321,2013/12/31,0.4381
300321,2014/12/31,0.4381
300333,2013/12/31,0.2758
300333,2014/12/31,0.2758
300317,2013/12/31,0.2039
300317,2014/12/31,0.2039
300315,2013/12/31,0.2592
300315,2014/12/31,0.2254
300319,2013/12/31,0.3757
300319,2014/12/31,0.361
300314,2013/12/31,0.2775
300314,2014/12/31,0.2775
300303,2013/12/31,0.2538
300303,2014/12/31,0.2554
300320,2013/12/31,0.2461
300320,2014/12/31,0.2461
300325,2013/12/31,0.329
300325,2014/12/31,0.329
300324,2013/12/31,0.426
300324,2014/12/31,0.4039
300332,2013/12/31,0.2573
300332,2014/12/31,0.2502
300329,2013/12/31,0.2999
300329,2014/12/31,0.2999
300335,2013/12/31,0.1762
300335,2014/12/31,0.1748
300327,2013/12/31,0.3098
300327,2014/12/31,0.3098
300291,2013/12/31,0.3
300291,2014/12/31,0.2012
300330,2013/12/31,0.2913
300330,2014/12/31,0.2913
300288,2013/12/31,0.3823
300288,2014/12/31,0.3823
300281,2013/12/31,0.4522
300281,2014/12/31,0.4478
300339,2013/12/31,0.2717
300339,2014/12/31,0.2198
300337,2013/12/31,0.4234
300337,2014/12/31,0.4234
300322,2013/12/31,0.3384
300322,2014/12/31,0.3368
300297,2013/12/31,0.1907
300297,2014/12/31,0.1907
300279,2013/12/31,0.2528
300279,2014/12/31,0.2597
300334,2013/12/31,0.2452
300334,2014/12/31,0.2452
300331,2013/12/31,0.2701
300331,2014/12/31,0.2701
300299,2013/12/31,0.3229
300299,2014/12/31,0.3229
300294,2013/12/31,0.3511
300294,2014/12/31,0.3511
300285,2013/12/31,0.1921
300285,2014/12/31,0.1901
300301,2013/12/31,0.2557
300301,2014/12/31,0.2566
300301,2015/12/31,0.2406
300300,2013/12/31,0.431
300300,2014/12/31,0.431
300302,2013/12/31,0.1863
300302,2014/12/31,0.1863
300304,2013/12/31,0.5213
300304,2014/12/31,0.5213
300295,2013/12/31,0.185
300295,2014/12/31,0.185
300308,2013/12/31,0.4786
300308,2014/12/31,0.4786
300292,2013/12/31,0.4495
300292,2014/12/31,0.4319
300275,2013/12/31,0.3036
300275,2014/12/31,0.3037
300257,2013/12/31,0.5594
300257,2014/12/31,0.5594
300341,2013/12/31,0.5966
300341,2014/12/31,0.5966
300342,2013/12/31,0.5006
300342,2014/12/31,0.5006
300340,2013/12/31,0.2256
300340,2014/12/31,0.2256
300343,2013/12/31,0.3439
300343,2014/12/31,0.3439
300344,2013/12/31,0.2833
300344,2014/12/31,0.2833
300345,2013/12/31,0.2239
300345,2014/12/31,0.2239
300347,2013/12/31,0.2788
300347,2014/12/31,0.277
300349,2013/12/31,0.3594
300349,2014/12/31,0.3594
300348,2013/12/31,0.2644
300348,2014/12/31,0.2427
300350,2013/12/31,0.4211
300350,2014/12/31,0.4211
300352,2013/12/31,0.4891
300352,2014/12/31,0.4891
300351,2013/12/31,0.1791
300351,2014/12/31,0.1791
300351,2015/12/31,0.1791
300354,2013/12/31,0.5796
300354,2014/12/31,0.5796
300355,2013/12/31,0.2913
300355,2014/12/31,0.2718
300356,2013/12/31,0.3277
300356,2014/12/31,0.3277
300429,2014/12/31,0.4134
300412,2014/12/31,0.3933
300393,2014/12/31,0.3223
300420,2014/12/31,0.211
300359,2013/12/31,0.3444
300359,2014/12/31,0.3189
300409,2014/12/31,0.3981
300417,2014/12/31,0.2042
300380,2013/12/31,0.5007
300380,2014/12/31,0.3141
300415,2014/12/31,0.45
300364,2014/12/31,0.2492
300435,2014/12/31,0.7281
300416,2014/12/31,0.6369
300418,2014/12/31,0.48
300421,2014/12/31,0.429
300411,2014/12/31,0.2152
300425,2014/12/31,0.6425
300387,2014/12/31,0.3286
300405,2014/12/31,0.4995
300399,2014/12/31,0.4009
300379,2013/12/31,0.2495
300379,2014/12/31,0.1721
300365,2013/12/31,0.2019
300365,2014/12/31,0.1755
300419,2014/12/31,0.35
300376,2013/12/31,0.8889
300376,2014/12/31,0.6528
300385,2014/12/31,0.3924
300357,2013/12/31,0.7056
300357,2014/12/31,0.5181
300377,2013/12/31,0.3465
300377,2014/12/31,0.2817
300391,2014/12/31,0.63
300360,2013/12/31,0.36
300360,2014/12/31,0.258
300373,2013/12/31,0.6739
300373,2014/12/31,0.4769
300358,2013/12/31,0.8109
300358,2014/12/31,0.5931
300363,2013/12/31,0.2261
300363,2014/12/31,0.1777
300396,2014/12/31,0.538
300368,2013/12/31,0.5196
300368,2014/12/31,0.3897
300403,2014/12/31,0.4629
300362,2013/12/31,0.3402
300362,2014/12/31,0.3403
300400,2014/12/31,0.3405
300383,2013/12/31,0.559
300383,2014/12/31,0.469
300397,2014/12/31,0.399
300371,2013/12/31,0.4977
300371,2014/12/31,0.3733
300389,2014/12/31,0.2565
300382,2013/12/31,0.8985
300382,2014/12/31,0.6936
300390,2014/12/31,0.3984
300386,2014/12/31,0.3311
300398,2014/12/31,0.538
300384,2014/12/31,0.4532
300406,2014/12/31,0.149
300407,2014/12/31,0.2571
300374,2014/12/31,0.528
300392,2014/12/31,0.3236
300410,2014/12/31,0.6074
300395,2014/12/31,0.1539
300413,2014/12/31,0.5411
300408,2014/12/31,0.3763
300042,2013/12/31,0.2313
300042,2014/12/31,0.2163
300346,2014/12/31,0.1995
300228,2014/12/31,0.1268
300326,2013/12/31,0.1276
300346,2013/12/31,0.1995
300142,2014/12/31,0.1505
300369,2014/12/31,0.2235
300323,2014/12/31,0.168
300326,2014/12/31,0.1114
300142,2013/12/31,0.1505
300378,2013/12/31,0.2396
300369,2013/12/31,0.2979
300077,2013/12/31,0.0585
300077,2014/12/31,0.0496
300041,2013/12/31,0.1904
300378,2014/12/31,0.1791
300323,2013/12/31,0.168
300193,2014/12/31,0.2406
300125,2015/12/31,0.2188
300298,2015/12/31,0.3359
300131,2015/12/31,0.2655
300227,2015/12/31,0.3367
300450,2015/12/31,0.4058
300376,2015/12/31,0.6528
300437,2015/12/31,0.5101
300349,2015/12/31,0.3634
300161,2015/12/31,0.2036
300324,2015/12/31,0.3899
300118,2015/12/31,0.3268
300271,2015/12/31,0.2147
300054,2015/12/31,0.1819
300132,2015/12/31,0.246
300443,2015/12/31,0.4562
300363,2015/12/31,0.1723
300140,2015/12/31,0.2985
300278,2015/12/31,0.4015
300453,2015/12/31,0.301
300121,2015/12/31,0.4526
300175,2015/12/31,0.2246
300233,2015/12/31,0.3758
300095,2015/12/31,0.3189
300336,2015/12/31,0.2456
300243,2015/12/31,0.2282
300162,2015/12/31,0.2862
300228,2015/12/31,0.1174
300193,2015/12/31,0.1969
300146,2015/12/31,0.4881
300259,2015/12/31,0.4075
300331,2015/12/31,0.2701
300014,2015/12/31,0.4218
300191,2015/12/31,0.4708
300144,2015/12/31,0.3208
300122,2015/12/31,0.5413
300204,2015/12/31,0.3729
300203,2015/12/31,0.2461
300077,2015/12/31,0.0438
300432,2015/12/31,0.3935
300009,2015/12/31,0.2788
300441,2015/12/31,0.557
300485,2015/12/31,0.4968
300283,2015/12/31,0.5926
300163,2015/12/31,0.3549
300148,2015/12/31,0.3841
300335,2015/12/31,0.1747
300314,2015/12/31,0.2469
300414,2015/12/31,0.413
300105,2015/12/31,0.2325
300238,2015/12/31,0.2912
300316,2015/12/31,0.5399
300024,2015/12/31,0.2527
300430,2015/12/31,0.2961
300245,2015/12/31,0.1983
300111,2015/12/31,0.1637
300457,2015/12/31,0.4527
300116,2015/12/31,0.3136
300322,2015/12/31,0.3351
300360,2015/12/31,0.2576
300073,2015/12/31,0.2706
300421,2015/12/31,0.3218
300408,2015/12/31,0.3735
300244,2015/12/31,0.3769
300068,2015/12/31,0.1967
300383,2015/12/31,0.469
300087,2015/12/31,0.0949
300375,2015/12/31,0.3575
300172,2015/12/31,0.2898
300403,2015/12/31,0.4629
300072,2015/12/31,0.2945
300176,2015/12/31,0.2923
300216,2015/12/31,0.1378
300080,2015/12/31,0.2002
300428,2015/12/31,0.1188
300143,2015/12/31,0.3654
300025,2015/12/31,0.1405
300458,2015/12/31,0.0958
300422,2015/12/31,0.2378
300225,2015/12/31,0.2954
300393,2015/12/31,0.3223
300149,2015/12/31,0.2409
300398,2015/12/31,0.538
300120,2015/12/31,0.1488
300296,2015/12/31,0.3707
300472,2015/12/31,0.1117
300215,2015/12/31,0.3152
300488,2015/12/31,0.51
300104,2015/12/31,0.3679
300365,2015/12/31,0.1753
300255,2015/12/31,0.3194
300045,2015/12/31,0.2103
300019,2015/12/31,0.1931
300184,2015/12/31,0.2328
300101,2015/12/31,0.3833
300037,2015/12/31,0.1551
300213,2015/12/31,0.1499
300249,2015/12/31,0.1784
300017,2015/12/31,0.2119
300466,2015/12/31,0.2363
300491,2015/12/31,0.1997
300036,2015/12/31,0.1495
300222,2015/12/31,0.3758
300256,2015/12/31,0.1205
300056,2015/12/31,0.1972
300034,2015/12/31,0.4708
300026,2015/12/31,0.2117
300368,2015/12/31,0.3548
300410,2015/12/31,0.5711
300247,2015/12/31,0.1712
300262,2015/12/31,0.4987
300114,2015/12/31,0.5177
300081,2015/12/31,0.3191
300027,2015/12/31,0.2078
300067,2015/12/31,0.4384
300293,2015/12/31,0.4219
300320,2015/12/31,0.1966
300209,2015/12/31,0.2535
300392,2015/12/31,0.3236
300117,2015/12/31,0.3966
300092,2015/12/31,0.1969
300455,2015/12/31,0.3626
300052,2015/12/31,0.2728
300476,2015/12/31,0.2718
300066,2015/12/31,0.4084
300139,2015/12/31,0.2874
300207,2015/12/31,0.3385
300237,2015/12/31,0.2621
300339,2015/12/31,0.1746
300150,2015/12/31,0.2111
300210,2015/12/31,0.4394
300160,2015/12/31,0.2951
300286,2015/12/31,0.1969
300482,2015/12/31,0.2483
300008,2015/12/31,0.2231
300253,2015/12/31,0.1636
300208,2015/12/31,0.1457
300147,2015/12/31,0.3411
300190,2015/12/31,0.5194
300127,2015/12/31,0.3398
300373,2015/12/31,0.4686
300451,2015/12/31,0.2074
300475,2015/12/31,0.2747
300289,2015/12/31,0.3318
300200,2015/12/31,0.2909
300495,2015/12/31,0.4843
300436,2015/12/31,0.2464
300378,2015/12/31,0.1791
300218,2015/12/31,0.2218
300354,2015/12/31,0.5796
300089,2015/12/31,0.3825
300284,2015/12/31,0.219
300416,2015/12/31,0.4777
300044,2015/12/31,0.1889
300230,2015/12/31,0.3539
300138,2015/12/31,0.1873
300480,2015/12/31,0.5025
300015,2015/12/31,0.42
300328,2015/12/31,0.5906
300307,2015/12/31,0.4091
300103,2015/12/31,0.2995
300223,2015/12/31,0.2117
300291,2015/12/31,0.2012
300390,2015/12/31,0.3475
300039,2015/12/31,0.2967
300412,2015/12/31,0.3933
300231,2015/12/31,0.2703
300382,2015/12/31,0.6936
300099,2015/12/31,0.3798
300007,2015/12/31,0.2174
300338,2015/12/31,0.2589
300290,2015/12/31,0.2838
300115,2015/12/31,0.4755
300177,2015/12/31,0.2677
300469,2015/12/31,0.318
300229,2015/12/31,0.4473
300093,2015/12/31,0.1211
300071,2015/12/31,0.3093
300134,2015/12/31,0.5101
300386,2015/12/31,0.3311
300481,2015/12/31,0.495
300057,2015/12/31,0.492
300133,2015/12/31,0.2669
300003,2015/12/31,0.219
300090,2015/12/31,0.1672
300078,2015/12/31,0.2693
300145,2015/12/31,0.2919
300425,2015/12/31,0.4322
300221,2015/12/31,0.2604
300065,2015/12/31,0.194
300479,2015/12/31,0.45
300327,2015/12/31,0.3045
300299,2015/12/31,0.2305
300317,2015/12/31,0.3253
300018,2015/12/31,0.0734
300406,2015/12/31,0.1481
300277,2015/12/31,0.2731
300047,2015/12/31,0.1364
300442,2015/12/31,0.278
300239,2015/12/31,0.3236
300419,2015/12/31,0.2623
300217,2015/12/31,0.1468
300214,2015/12/31,0.3121
300062,2015/12/31,0.2546
300050,2015/12/31,0.2413
300371,2015/12/31,0.3788
300074,2015/12/31,0.1446
300306,2015/12/31,0.3336
300076,2015/12/31,0.3002
300051,2015/12/31,0.3782
300069,2015/12/31,0.3655
300107,2015/12/31,0.3983
300112,2015/12/31,0.216
300235,2015/12/31,0.2265
300257,2015/12/31,0.5594
300267,2015/12/31,0.4582
300049,2015/12/31,0.1108
300174,2015/12/31,0.4357
300041,2015/12/31,0.2265
300420,2015/12/31,0.1395
300187,2015/12/31,0.6267
300424,2015/12/31,0.2207
300415,2015/12/31,0.3375
300357,2015/12/31,0.5181
300212,2015/12/31,0.3586
300294,2015/12/31,0.3344
300195,2015/12/31,0.3197
300490,2015/12/31,0.4674
300242,2015/12/31,0.2602
300181,2015/12/31,0.2846
300011,2015/12/31,0.206
300303,2015/12/31,0.2313
300046,2015/12/31,0.4002
300097,2015/12/31,0.4142
300136,2015/12/31,0.2398
300325,2015/12/31,0.329
300426,2015/12/31,0.3704
300396,2015/12/31,0.538
300389,2015/12/31,0.2533
300473,2015/12/31,0.3726
300156,2015/12/31,0.2854
300418,2015/12/31,0.3509
300359,2015/12/31,0.3309
300251,2015/12/31,0.5006
300394,2015/12/31,0.4695
300031,2015/12/31,0.30074
300434,2015/12/31,0.2729
300400,2015/12/31,0.3405
300085,2015/12/31,0.2123
300334,2015/12/31,0.2319
300211,2015/12/31,0.484
300124,2015/12/31,0.195
300240,2015/12/31,0.1539
300341,2015/12/31,0.4285
300100,2015/12/31,0.4954
300438,2015/12/31,0.3496
300205,2015/12/31,0.2614
300084,2015/12/31,0.1998
300358,2015/12/31,0.4988
300330,2015/12/31,0.2543
300012,2015/12/31,0.1508
300126,2015/12/31,0.2636
300021,2015/12/31,0.5208
300058,2015/12/31,0.0709
300470,2015/12/31,0.275
300356,2015/12/31,0.2642
300435,2015/12/31,0.5354
300387,2015/12/31,0.3214
300295,2015/12/31,0.1688
300088,2015/12/31,0.1889
300070,2015/12/31,0.2182
300427,2015/12/31,0.4402
300202,2015/12/31,0.2817
300096,2015/12/31,0.1279
300282,2015/12/31,0.2308
300448,2015/12/31,0.3926
300224,2015/12/31,0.533
300500,2015/12/31,0.6622
300493,2015/12/31,0.3188
300340,2015/12/31,0.2256
300348,2015/12/31,0.2417
300098,2015/12/31,0.3578
300241,2015/12/31,0.3168
300110,2015/12/31,0.4212
300196,2015/12/31,0.3938
300344,2015/12/31,0.2833
300347,2015/12/31,0.2784
300380,2015/12/31,0.3141
300498,2015/12/31,0.0415
300477,2015/12/31,0.2575
300391,2015/12/31,0.63
300384,2015/12/31,0.4532
300159,2015/12/31,0.1737
300219,2015/12/31,0.2741
300254,2015/12/31,0.1191
300269,2015/12/31,0.2282
300319,2015/12/31,0.3176
300285,2015/12/31,0.1894
300352,2015/12/31,0.4829
300449,2015/12/31,0.3175
300020,2015/12/31,0.2589
300395,2015/12/31,0.1518
300032,2015/12/31,0.4498
300197,2015/12/31,0.5036
300431,2015/12/31,0.2131
300484,2015/12/31,0.2048
300010,2015/12/31,0.2155
300311,2015/12/31,0.4045
300086,2015/12/31,0.3949
300246,2015/12/31,0.3353
300079,2015/12/31,0.1556
300250,2015/12/31,0.4785
300346,2015/12/31,0.1995
300263,2015/12/31,0.2169
300171,2015/12/31,0.6063
300075,2015/12/31,0.3145
300313,2015/12/31,0.3
300258,2015/12/31,0.4836
300423,2015/12/31,0.465
300130,2015/12/31,0.3317
300261,2015/12/31,0.4507
300236,2015/12/31,0.2128
300312,2015/12/31,0.3664
300281,2015/12/31,0.4442
300040,2015/12/31,0.1976
300315,2015/12/31,0.209
300501,2015/12/31,0.5117
300494,2015/12/31,0.384
300165,2015/12/31,0.4008
300397,2015/12/31,0.399
300061,2015/12/31,0.5522
300153,2015/12/31,0.4664
300276,2015/12/31,0.3977
300417,2015/12/31,0.1532
300333,2015/12/31,0.2758
300304,2015/12/31,0.5213
300164,2015/12/31,0.2741
300452,2015/12/31,0.2669
300332,2015/12/31,0.2126
300411,2015/12/31,0.2152
300185,2015/12/31,0.1665
300234,2015/12/31,0.3795
300489,2015/12/31,0.2733
300129,2015/12/31,0.0833
300113,2015/12/31,0.4413
300198,2015/12/31,0.1652
300460,2015/12/31,0.3825
300108,2015/12/31,0.2486
300042,2015/12/31,0.2163
300381,2015/12/31,0.4074
300106,2015/12/31,0.4432
300468,2015/12/31,0.2774
300151,2015/12/31,0.4586
300038,2015/12/31,0.2347
300366,2015/12/31,0.3641
300374,2015/12/31,0.3967
300232,2015/12/31,0.4121
300006,2015/12/31,0.254
300182,2015/12/31,0.4479
300506,2015/12/31,0.675
300053,2015/12/31,0.2072
300119,2015/12/31,0.4296
300369,2015/12/31,0.21
300128,2015/12/31,0.1951
300035,2015/12/31,0.1724
300166,2015/12/31,0.1968
300308,2015/12/31,0.4601
300492,2015/12/31,0.2777
300268,2015/12/31,0.2618
300433,2015/12/31,0.8118
300350,2015/12/31,0.2462
300413,2015/12/31,0.4312
300043,2015/12/31,0.3277
300467,2015/12/31,0.1356
300248,2015/12/31,0.2246
300173,2015/12/31,0.2121
300265,2015/12/31,0.5519
300310,2015/12/31,0.1088
300170,2015/12/31,0.1264
300388,2015/12/31,0.4191
300192,2015/12/31,0.3747
300167,2015/12/31,0.3999
300486,2015/12/31,0.3549
300353,2015/12/31,0.3575
300444,2015/12/31,0.1731
300465,2015/12/31,0.3242
300355,2015/12/31,0.2553
300377,2015/12/31,0.2823
300083,2015/12/31,0.2908
300370,2015/12/31,0.2566
300496,2015/12/31,0.3632
300141,2015/12/31,0.4541
300402,2015/12/31,0.5752
300188,2015/12/31,0.2728
300462,2015/12/31,0.3876
300440,2015/12/31,0.5137
300487,2015/12/31,0.258
300385,2015/12/31,0.3924
300180,2015/12/31,0.1487
300226,2015/12/31,0.2469
300379,2015/12/31,0.1671
300102,2015/12/31,0.1592
300194,2015/12/31,0.4542
300183,2015/12/31,0.2306
300189,2015/12/31,0.1773
300094,2015/12/31,0.3268
300152,2015/12/31,0.3241
300178,2015/12/31,0.3188
300002,2015/12/31,0.1285
300372,2015/12/31,0.2659
300201,2015/12/31,0.2397
300337,2015/12/31,0.4234
300471,2015/12/31,0.3235
300206,2015/12/31,0.2086
300030,2015/12/31,0.2343
300399,2015/12/31,0.4016
300264,2015/12/31,0.2915
300463,2015/12/31,0.118
300048,2015/12/31,0.2414
300001,2015/12/31,0.438
300137,2015/12/31,0.1386
300004,2015/12/31,0.1237
300109,2015/12/31,0.1958
300260,2015/12/31,0.2838
300168,2015/12/31,0.2498
300280,2015/12/31,0.625
300329,2015/12/31,0.2999
300288,2015/12/31,0.3625
300275,2015/12/31,0.2784
300456,2015/12/31,0.5573
300409,2015/12/31,0.3981
300364,2015/12/31,0.1869
300459,2015/12/31,0.2419
300362,2015/12/31,0.3485
300497,2015/12/31,0.3513
300499,2015/12/31,0.274
300123,2015/12/31,0.3623
300321,2015/12/31,0.4381
300266,2015/12/31,0.3831
300272,2015/12/31,0.3848
300063,2015/12/31,0.3039
300464,2015/12/31,0.5022
300220,2015/12/31,0.4987
300483,2015/12/31,0.1256
300158,2015/12/31,0.5908
300404,2015/12/31,0.3878
300154,2015/12/31,0.3952
300155,2015/12/31,0.386
300445,2015/12/31,0.2036
300305,2015/12/31,0.2503
300273,2015/12/31,0.2001
300302,2015/12/31,0.1919
300292,2015/12/31,0.3137
300447,2015/12/31,0.5624
300478,2015/12/31,0.3825
300091,2015/12/31,0.1816
300005,2015/12/31,0.2872
300022,2015/12/31,0.1313
300169,2015/12/31,0.1001
300157,2015/12/31,0.1773
300252,2015/12/31,0.3712
300323,2015/12/31,0.168
300297,2015/12/31,0.1844
300279,2015/12/31,0.2597
300405,2015/12/31,0.4995
300345,2015/12/31,0.2026
300407,2015/12/31,0.2572
300179,2015/12/31,0.2817
300270,2015/12/31,0.5746
300326,2015/12/31,0.108
300461,2015/12/31,0.2132
300274,2015/12/31,0.3791
300342,2015/12/31,0.5006
300082,2015/12/31,0.5496
300055,2015/12/31,0.2888
300199,2015/12/31,0.2564
300300,2015/12/31,0.431
300439,2015/12/31,0.518
300287,2015/12/31,0.1741
300016,2015/12/31,0.2152
300429,2015/12/31,0.3098
300343,2015/12/31,0.3566
300318,2015/12/31,0.3912
300142,2015/12/31,0.1155
300013,2015/12/31,0.1419
300028,2015/12/31,0.278
300135,2015/12/31,0.3008
300561,2016/12/31,0.383
300401,2016/12/31,0.3791
300304,2016/12/31,0.4332
300411,2016/12/31,0.2152
300385,2016/12/31,0.3924
300131,2016/12/31,0.2655
300264,2016/12/31,0.2949
300184,2016/12/31,0.2129
300409,2016/12/31,0.3703
300391,2016/12/31,0.63
300398,2016/12/31,0.538
300510,2016/12/31,0.4509
300046,2016/12/31,0.4002
300416,2016/12/31,0.4777
300121,2016/12/31,0.3897
300286,2016/12/31,0.1832
300363,2016/12/31,0.1709
300568,2016/12/31,0.262
300453,2016/12/31,0.301
300095,2016/12/31,0.2606
300238,2016/12/31,0.2071
300323,2016/12/31,0.1357
300487,2016/12/31,0.2549
300144,2016/12/31,0.2948
300146,2016/12/31,0.4833
300014,2016/12/31,0.4218
300102,2016/12/31,0.1528
300039,2016/12/31,0.2982
300111,2016/12/31,0.1637
300016,2016/12/31,0.2264
300586,2016/12/31,0.3904
300557,2016/12/31,0.2553
300376,2016/12/31,0.5677
300562,2016/12/31,0.455
300365,2016/12/31,0.1751
300128,2016/12/31,0.2035
300420,2016/12/31,0.1356
300149,2016/12/31,0.19
300444,2016/12/31,0.1731
300116,2016/12/31,0.1358
300050,2016/12/31,0.2413
300169,2016/12/31,0.0987
300447,2016/12/31,0.5582
300423,2016/12/31,0.456
300482,2016/12/31,0.2483
300501,2016/12/31,0.3834
300305,2016/12/31,0.2346
300450,2016/12/31,0.4058
300493,2016/12/31,0.3188
300386,2016/12/31,0.3311
300595,2016/12/31,0.5054
300221,2016/12/31,0.2634
300207,2016/12/31,0.3379
300422,2016/12/31,0.2124
300476,2016/12/31,0.2718
300024,2016/12/31,0.2527
300068,2016/12/31,0.1512
300472,2016/12/31,0.1117
300598,2016/12/31,0.4398
300172,2016/12/31,0.2898
300069,2016/12/31,0.2804
300114,2016/12/31,0.5177
300520,2016/12/31,0.3256
300122,2016/12/31,0.5413
300073,2016/12/31,0.2706
300017,2016/12/31,0.1785
300511,2016/12/31,0.4002
300334,2016/12/31,0.2319
300285,2016/12/31,0.246
300310,2016/12/31,0.0838
300419,2016/12/31,0.2228
300457,2016/12/31,0.4527
300072,2016/12/31,0.2853
300609,2016/12/31,0.3954
300271,2016/12/31,0.2134
300213,2016/12/31,0.1497
300066,2016/12/31,0.4084
300518,2016/12/31,0.4476
300403,2016/12/31,0.4629
300031,2016/12/31,0.2275
300328,2016/12/31,0.4393
300018,2016/12/31,0.0734
300375,2016/12/31,0.3577
300080,2016/12/31,0.2002
300394,2016/12/31,0.4695
300374,2016/12/31,0.3967
300224,2016/12/31,0.5318
300383,2016/12/31,0.3542
300507,2016/12/31,0.4327
300204,2016/12/31,0.3702
300371,2016/12/31,0.3788
300496,2016/12/31,0.3522
300611,2016/12/31,0.568
300395,2016/12/31,0.1516
300559,2016/12/31,0.3408
300234,2016/12/31,0.3336
300436,2016/12/31,0.2454
300125,2016/12/31,0.2188
300563,2016/12/31,0.2394
300276,2016/12/31,0.3977
300181,2016/12/31,0.2846
300067,2016/12/31,0.4251
300449,2016/12/31,0.3114
300110,2016/12/31,0.1676
300269,2016/12/31,0.188
300491,2016/12/31,0.1972
300179,2016/12/31,0.2818
300052,2016/12/31,0.2728
300288,2016/12/31,0.3625
300101,2016/12/31,0.3833
300105,2016/12/31,0.2325
300034,2016/12/31,0.4666
300225,2016/12/31,0.1954
300294,2016/12/31,0.3344
300427,2016/12/31,0.4402
300534,2016/12/31,0.261
300036,2016/12/31,0.1191
300115,2016/12/31,0.4719
300108,2016/12/31,0.2486
300342,2016/12/31,0.4604
300317,2016/12/31,0.2618
300452,2016/12/31,0.2669
300434,2016/12/31,0.2729
300480,2016/12/31,0.4981
300045,2016/12/31,0.1961
300175,2016/12/31,0.2246
300223,2016/12/31,0.2117
300303,2016/12/31,0.2294
300543,2016/12/31,0.3612
300019,2016/12/31,0.1512
300156,2016/12/31,0.4268
300218,2016/12/31,0.219
300278,2016/12/31,0.3015
300396,2016/12/31,0.538
300113,2016/12/31,0.4249
300182,2016/12/31,0.3636
300227,2016/12/31,0.1962
300324,2016/12/31,0.3393
300552,2016/12/31,0.5264
300256,2016/12/31,0.1367
300147,2016/12/31,0.3411
300193,2016/12/31,0.1966
300350,2016/12/31,0.2462
300370,2016/12/31,0.2294
300319,2016/12/31,0.2744
300537,2016/12/31,0.5462
300026,2016/12/31,0.2119
300086,2016/12/31,0.3949
300215,2016/12/31,0.2835
300027,2016/12/31,0.2076
300103,2016/12/31,0.2995
300235,2016/12/31,0.2265
300335,2016/12/31,0.1407
300567,2016/12/31,0.2988
300406,2016/12/31,0.1481
300495,2016/12/31,0.4153
300044,2016/12/31,0.1853
300341,2016/12/31,0.4091
300188,2016/12/31,0.2315
300296,2016/12/31,0.3145
300037,2016/12/31,0.1551
300159,2016/12/31,0.155
300336,2016/12/31,0.245559
300451,2016/12/31,0.2066
300244,2016/12/31,0.396
300575,2016/12/31,0.301
300008,2016/12/31,0.225
300127,2016/12/31,0.3283
300041,2016/12/31,0.2328
300338,2016/12/31,0.2589
300455,2016/12/31,0.3626
300378,2016/12/31,0.1774
300009,2016/12/31,0.2795
300241,2016/12/31,0.2652
300092,2016/12/31,0.1797
300443,2016/12/31,0.4313
300373,2016/12/31,0.4159
300539,2016/12/31,0.3397
300176,2016/12/31,0.2923
300078,2016/12/31,0.1949
300259,2016/12/31,0.3552
300320,2016/12/31,0.1966
300474,2016/12/31,0.405
300120,2016/12/31,0.149
300030,2016/12/31,0.2343
300222,2016/12/31,0.3129
300290,2016/12/31,0.2589
300327,2016/12/31,0.2693
300475,2016/12/31,0.2747
300174,2016/12/31,0.3284
300077,2016/12/31,0.0438
300229,2016/12/31,0.4419
300313,2016/12/31,0.291
300431,2016/12/31,0.2118
300252,2016/12/31,0.3412
300062,2016/12/31,0.2026
300528,2016/12/31,0.4728
300479,2016/12/31,0.45
300198,2016/12/31,0.2596
300353,2016/12/31,0.3409
300442,2016/12/31,0.278
300035,2016/12/31,0.1724
300194,2016/12/31,0.3576
300233,2016/12/31,0.3758
300340,2016/12/31,0.1914
300469,2016/12/31,0.311
300440,2016/12/31,0.5137
300516,2016/12/31,0.5825
300164,2016/12/31,0.261
300210,2016/12/31,0.4394
300283,2016/12/31,0.583
300503,2016/12/31,0.3582
300448,2016/12/31,0.3899
300379,2016/12/31,0.1391
300545,2016/12/31,0.6473
300003,2016/12/31,0.204
300190,2016/12/31,0.443
300226,2016/12/31,0.2416
300298,2016/12/31,0.3368
300467,2016/12/31,0.137
300399,2016/12/31,0.4024
300547,2016/12/31,0.1668
300515,2016/12/31,0.345
300051,2016/12/31,0.3749
300049,2016/12/31,0.110861
300459,2016/12/31,0.1809
300265,2016/12/31,0.5519
300541,2016/12/31,0.0671
300015,2016/12/31,0.41
300141,2016/12/31,0.4541
300254,2016/12/31,0.1191
300532,2016/12/31,0.4698
300043,2016/12/31,0.3277
300163,2016/12/31,0.3649
300428,2016/12/31,0.1188
300558,2016/12/31,0.1997
300006,2016/12/31,0.2271
300143,2016/12/31,0.308
300231,2016/12/31,0.2654
300400,2016/12/31,0.3405
300481,2016/12/31,0.495
300535,2016/12/31,0.2313
300088,2016/12/31,0.1897
300282,2016/12/31,0.2401
300217,2016/12/31,0.1468
300498,2016/12/31,0.0415
300458,2016/12/31,0.092
300021,2016/12/31,0.4548
300087,2016/12/31,0.1093
300579,2016/12/31,0.2624
300389,2016/12/31,0.2551
300306,2016/12/31,0.2785
300177,2016/12/31,0.2618
300057,2016/12/31,0.419
300325,2016/12/31,0.3823
300499,2016/12/31,0.2055
300132,2016/12/31,0.1852
300134,2016/12/31,0.4339
300573,2016/12/31,0.3171
300546,2016/12/31,0.3979
300505,2016/12/31,0.4432
300572,2016/12/31,0.2812
300538,2016/12/31,0.2576
300608,2016/12/31,0.4051
300085,2016/12/31,0.1961
300145,2016/12/31,0.2616
300314,2016/12/31,0.2469
300345,2016/12/31,0.2055
300603,2016/12/31,0.5031
300124,2016/12/31,0.1926
300240,2016/12/31,0.1456
300339,2016/12/31,0.1748
300425,2016/12/31,0.4322
300329,2016/12/31,0.2758
300209,2016/12/31,0.2125
300381,2016/12/31,0.3607
300089,2016/12/31,0.3299
300054,2016/12/31,0.1693
300070,2016/12/31,0.2295
300205,2016/12/31,0.2614
300161,2016/12/31,0.1958
300312,2016/12/31,0.3664
300330,2016/12/31,0.2553
300349,2016/12/31,0.2784
300356,2016/12/31,0.2564
300414,2016/12/31,0.413
300512,2016/12/31,0.3853
300548,2016/12/31,0.2032
300531,2016/12/31,0.5002
300570,2016/12/31,0.1608
300150,2016/12/31,0.2127
300167,2016/12/31,0.3999
300358,2016/12/31,0.4966
300364,2016/12/31,0.1563
300523,2016/12/31,0.2012
300540,2016/12/31,0.1339
300553,2016/12/31,0.1421
300577,2016/12/31,0.6186
300081,2016/12/31,0.3272
300393,2016/12/31,0.316
300368,2016/12/31,0.3548
300484,2016/12/31,0.1536
300097,2016/12/31,0.4098
300250,2016/12/31,0.4273
300494,2016/12/31,0.384
300560,2016/12/31,0.5251
300348,2016/12/31,0.2243
300295,2016/12/31,0.1696
300214,2016/12/31,0.3121
300247,2016/12/31,0.1444
300268,2016/12/31,0.2657
300196,2016/12/31,0.3705
300331,2016/12/31,0.2701
300071,2016/12/31,0.3104
300502,2016/12/31,0.1409
300412,2016/12/31,0.3564
300096,2016/12/31,0.1335
300001,2016/12/31,0.44
300580,2016/12/31,0.7516
300243,2016/12/31,0.2282
300112,2016/12/31,0.2172
300157,2016/12/31,0.1487
300279,2016/12/31,0.2156
300362,2016/12/31,0.3054
300490,2016/12/31,0.4674
300590,2016/12/31,0.51
300138,2016/12/31,0.1858
300318,2016/12/31,0.3881
300211,2016/12/31,0.484
300258,2016/12/31,0.4836
300463,2016/12/31,0.118
300519,2016/12/31,0.3825
300083,2016/12/31,0.2409
300148,2016/12/31,0.2257
300212,2016/12/31,0.3586
300274,2016/12/31,0.3189
300352,2016/12/31,0.3413
300471,2016/12/31,0.3228
300533,2016/12/31,0.4384
300130,2016/12/31,0.3255
300284,2016/12/31,0.2179
300366,2016/12/31,0.3077
300255,2016/12/31,0.3828
300197,2016/12/31,0.4074
300142,2016/12/31,0.08
300407,2016/12/31,0.2572
300592,2016/12/31,0.1743
300048,2016/12/31,0.2172
300098,2016/12/31,0.3565
300424,2016/12/31,0.2207
300216,2016/12/31,0.1387
300140,2016/12/31,0.211
300257,2016/12/31,0.5654
300435,2016/12/31,0.5354
300139,2016/12/31,0.2874
300104,2016/12/31,0.3446
300333,2016/12/31,0.2478
300593,2016/12/31,0.2961
300492,2016/12/31,0.2777
300410,2016/12/31,0.5031
300569,2016/12/31,0.3
300011,2016/12/31,0.2045
300578,2016/12/31,0.2971
300107,2016/12/31,0.3964
300596,2016/12/31,0.2405
300433,2016/12/31,0.7517
300521,2016/12/31,0.3412
300239,2016/12/31,0.3236
300346,2016/12/31,0.1515
300522,2016/12/31,0.3965
300025,2016/12/31,0.1171
300588,2016/12/31,0.3368
300117,2016/12/31,0.3966
300261,2016/12/31,0.4282
300388,2016/12/31,0.382
300600,2016/12/31,0.5438
300441,2016/12/31,0.554
300119,2016/12/31,0.4265
300464,2016/12/31,0.504
300606,2016/12/31,0.41
300408,2016/12/31,0.3735
300565,2016/12/31,0.1414
300055,2016/12/31,0.275
300591,2016/12/31,0.3866
300091,2016/12/31,0.1842
300004,2016/12/31,0.1237
300202,2016/12/31,0.2817
300251,2016/12/31,0.4406
300308,2016/12/31,0.4601
300529,2016/12/31,0.4814
300612,2016/12/31,0.5
300584,2016/12/31,0.5493
300047,2016/12/31,0.1301
300245,2016/12/31,0.1704
300151,2016/12/31,0.4586
300542,2016/12/31,0.1459
300263,2016/12/31,0.218
300321,2016/12/31,0.3286
300602,2016/12/31,0.69
300246,2016/12/31,0.3353
300079,2016/12/31,0.1556
300267,2016/12/31,0.4574
300200,2016/12/31,0.2909
300555,2016/12/31,0.1046
300413,2016/12/31,0.4312
300605,2016/12/31,0.4449
300206,2016/12/31,0.2086
300500,2016/12/31,0.4846
300099,2016/12/31,0.3192
300065,2016/12/31,0.2158
300153,2016/12/31,0.417
300020,2016/12/31,0.2434
300369,2016/12/31,0.2031
300473,2016/12/31,0.3726
300610,2016/12/31,0.3408
300126,2016/12/31,0.2644
300248,2016/12/31,0.2028
300082,2016/12/31,0.5618
300038,2016/12/31,0.2347
300173,2016/12/31,0.2121
300359,2016/12/31,0.3317
300556,2016/12/31,0.3006
300291,2016/12/31,0.1755
300133,2016/12/31,0.2669
300002,2016/12/31,0.131
300042,2016/12/31,0.2163
300260,2016/12/31,0.2838
300160,2016/12/31,0.2416
300236,2016/12/31,0.1985
300280,2016/12/31,0.2617
300307,2016/12/31,0.3095
300344,2016/12/31,0.2833
300418,2016/12/31,0.184
300470,2016/12/31,0.275
300508,2016/12/31,0.3438
300551,2016/12/31,0.3892
300601,2016/12/31,0.6216
300337,2016/12/31,0.3444
300589,2016/12/31,0.3865
300100,2016/12/31,0.4801
300415,2016/12/31,0.3375
300631,2016/12/31,0.4163
300461,2016/12/31,0.2132
300360,2016/12/31,0.2576
300530,2016/12/31,0.604
300040,2016/12/31,0.1974
300155,2016/12/31,0.3738
300232,2016/12/31,0.4328
300275,2016/12/31,0.2813
300253,2016/12/31,0.1542
300497,2016/12/31,0.3387
300302,2016/12/31,0.1919
300513,2016/12/31,0.246
300293,2016/12/31,0.4219
300315,2016/12/31,0.1599
300007,2016/12/31,0.2174
300152,2016/12/31,0.2946
300566,2016/12/31,0.1948
300372,2016/12/31,0.2778
300351,2016/12/31,0.1571
300266,2016/12/31,0.3522
300237,2016/12/31,0.2629
300478,2016/12/31,0.3825
300061,2016/12/31,0.2619
300421,2016/12/31,0.276
300607,2016/12/31,0.534
300165,2016/12/31,0.3734
300483,2016/12/31,0.1256
300426,2016/12/31,0.3704
300390,2016/12/31,0.3475
300525,2016/12/31,0.2098
300615,2016/12/31,0.4444
300075,2016/12/31,0.3045
300583,2016/12/31,0.4975
300191,2016/12/31,0.4708
300322,2016/12/31,0.2896
300249,2016/12/31,0.1784
300354,2016/12/31,0.5321
300270,2016/12/31,0.575
300154,2016/12/31,0.3952
300301,2016/12/31,0.2102
300076,2016/12/31,0.3002
300010,2016/12/31,0.1695
300242,2016/12/31,0.2121
300118,2016/12/31,0.3257
300137,2016/12/31,0.1386
300032,2016/12/31,0.3904
300183,2016/12/31,0.2306
300170,2016/12/31,0.1214
300445,2016/12/31,0.2006
300195,2016/12/31,0.3216
300289,2016/12/31,0.3188
300219,2016/12/31,0.2511
300311,2016/12/31,0.3946
300405,2016/12/31,0.4346
300465,2016/12/31,0.3109
300432,2016/12/31,0.2778
300357,2016/12/31,0.5181
300485,2016/12/31,0.4968
300506,2016/12/31,0.5063
300549,2016/12/31,0.3377
300384,2016/12/31,0.4532
300582,2016/12/31,0.3884
300063,2016/12/31,0.235
300129,2016/12/31,0.0795
300084,2016/12/31,0.1686
300178,2016/12/31,0.3184
300123,2016/12/31,0.389
300013,2016/12/31,0.1172
300053,2016/12/31,0.1837
300022,2016/12/31,0.1313
300094,2016/12/31,0.3272
300402,2016/12/31,0.5752
300185,2016/12/31,0.1376
300189,2016/12/31,0.1773
300203,2016/12/31,0.2462
300171,2016/12/31,0.6065
300228,2016/12/31,0.1047
300158,2016/12/31,0.4379
300262,2016/12/31,0.4167
300201,2016/12/31,0.2089
300220,2016/12/31,0.5042
300166,2016/12/31,0.1695
300272,2016/12/31,0.3848
300316,2016/12/31,0.4846
300326,2016/12/31,0.0854
300297,2016/12/31,0.1523
300292,2016/12/31,0.2355
300486,2016/12/31,0.3485
300429,2016/12/31,0.298
300456,2016/12/31,0.5056
300466,2016/12/31,0.2847
300468,2016/12/31,0.267
300417,2016/12/31,0.1532
300380,2016/12/31,0.3141
300437,2016/12/31,0.4364
300488,2016/12/31,0.51
300526,2016/12/31,0.3401
300438,2016/12/31,0.3496
300460,2016/12/31,0.3825
300377,2016/12/31,0.2351
300397,2016/12/31,0.399
300509,2016/12/31,0.33
300550,2016/12/31,0.5629
300571,2016/12/31,0.2651
300597,2016/12/31,0.3
300585,2016/12/31,0.3635
300180,2016/12/31,0.1237
300028,2016/12/31,0.2798
300136,2016/12/31,0.2388
300074,2016/12/31,0.1219
300109,2016/12/31,0.1958
300477,2016/12/31,0.249
300230,2016/12/31,0.3149
300192,2016/12/31,0.3745
300208,2016/12/31,0.1784
300168,2016/12/31,0.2479
300281,2016/12/31,0.4456
300299,2016/12/31,0.2037
300355,2016/12/31,0.2387
300462,2016/12/31,0.3876
300404,2016/12/31,0.3878
300430,2016/12/31,0.2961
300489,2016/12/31,0.2733
300439,2016/12/31,0.5066
300382,2016/12/31,0.6491
300527,2016/12/31,0.474
300576,2016/12/31,0.136
300599,2016/12/31,0.3977
300090,2016/12/31,0.1369
300005,2016/12/31,0.2484
300273,2016/12/31,0.2001
300347,2016/12/31,0.2824
300581,2016/12/31,0.4569
300199,2016/12/31,0.2582
300300,2016/12/31,0.4773
300536,2016/12/31,0.3222
300633,2016/12/31,0.2826
300287,2016/12/31,0.1329
300058,2016/12/31,0.0726
300187,2016/12/31,0.6255
300387,2016/12/31,0.3208
300587,2016/12/31,0.2028
300332,2016/12/31,0.2126
300012,2016/12/31,0.1381
300162,2016/12/31,0.2253
300106,2016/12/31,0.4419
300056,2016/12/31,0.1735
300343,2016/12/31,0.2366
300277,2016/12/31,0.2985
300093,2016/12/31,0.1124
300392,2016/12/31,0.3236
300135,2016/12/31,0.3008
300517,2016/12/31,0.5524
300536,2017/12/31,0.3222
300320,2017/12/31,0.1966
300451,2017/12/31,0.1837
300483,2017/12/31,0.1256
300474,2017/12/31,0.3999
300476,2017/12/31,0.2377
300193,2017/12/31,0.1476
300161,2017/12/31,0.1905
300495,2017/12/31,0.4169
300204,2017/12/31,0.3708
300618,2017/12/31,0.2195
300313,2017/12/31,0.291
300715,2017/12/31,0.3833
300584,2017/12/31,0.4155
300656,2017/12/31,0.1439
300681,2017/12/31,0.4167
300146,2017/12/31,0.4834
300102,2017/12/31,0.1116
300301,2017/12/31,0.2102
300413,2017/12/31,0.4312
300650,2017/12/31,0.3078
300677,2017/12/31,0.4196
300700,2017/12/31,0.2334
300302,2017/12/31,0.198
300003,2017/12/31,0.1996
300199,2017/12/31,0.2536
300659,2017/12/31,0.2969
300436,2017/12/31,0.2473
300590,2017/12/31,0.3825
300105,2017/12/31,0.2325
300130,2017/12/31,0.2887
300239,2017/12/31,0.3236
300559,2017/12/31,0.3408
300545,2017/12/31,0.6405
300557,2017/12/31,0.2553
300453,2017/12/31,0.301
300046,2017/12/31,0.3002
300143,2017/12/31,0.2262
300122,2017/12/31,0.5413
300226,2017/12/31,0.2419
300260,2017/12/31,0.2812
300131,2017/12/31,0.2655
300014,2017/12/31,0.3731
300563,2017/12/31,0.2394
300024,2017/12/31,0.2527
300534,2017/12/31,0.261
300001,2017/12/31,0.44
300034,2017/12/31,0.4709
300188,2017/12/31,0.2312
300304,2017/12/31,0.4036
300635,2017/12/31,0.1909
300416,2017/12/31,0.4777
300381,2017/12/31,0.3482
300701,2017/12/31,0.2801
300237,2017/12/31,0.2629
300248,2017/12/31,0.2029
300383,2017/12/31,0.3542
300270,2017/12/31,0.5751
300038,2017/12/31,0.3032
300047,2017/12/31,0.1015
300127,2017/12/31,0.322
300101,2017/12/31,0.2983
300569,2017/12/31,0.3
300421,2017/12/31,0.2698
300596,2017/12/31,0.1803
300373,2017/12/31,0.4159
300708,2017/12/31,0.2909
300507,2017/12/31,0.45
300009,2017/12/31,0.2793
300144,2017/12/31,0.2948
300092,2017/12/31,0.1799
300339,2017/12/31,0.1788
300429,2017/12/31,0.298
300570,2017/12/31,0.1608
300647,2017/12/31,0.2452
300717,2017/12/31,0.51
300027,2017/12/31,0.2084
300068,2017/12/31,0.1361
300037,2017/12/31,0.1509
300286,2017/12/31,0.1807
300256,2017/12/31,0.1347
300007,2017/12/31,0.2174
300450,2017/12/31,0.3761
300041,2017/12/31,0.2192
300459,2017/12/31,0.1829
300505,2017/12/31,0.4432
300328,2017/12/31,0.4387
300222,2017/12/31,0.3122
300327,2017/12/31,0.2502
300026,2017/12/31,0.2119
300445,2017/12/31,0.2029
300229,2017/12/31,0.4423
300427,2017/12/31,0.3542
300282,2017/12/31,0.2098
300115,2017/12/31,0.4272
300018,2017/12/31,0.0728
300403,2017/12/31,0.4757
300406,2017/12/31,0.1335
300056,2017/12/31,0.1489
300073,2017/12/31,0.2706
300430,2017/12/31,0.2569
300568,2017/12/31,0.262
300192,2017/12/31,0.3745
300310,2017/12/31,0.0749
300529,2017/12/31,0.4782
300685,2017/12/31,0.2358
300401,2017/12/31,0.3663
300172,2017/12/31,0.2898
300400,2017/12/31,0.3405
300492,2017/12/31,0.2777
300424,2017/12/31,0.2199
300066,2017/12/31,0.4084
300106,2017/12/31,0.4229
300149,2017/12/31,0.19
300150,2017/12/31,0.1963
300334,2017/12/31,0.2319
300538,2017/12/31,0.2554
300620,2017/12/31,0.3079
300154,2017/12/31,0.3952
300227,2017/12/31,0.1886
300658,2017/12/31,0.273
300562,2017/12/31,0.455
300500,2017/12/31,0.4847
300480,2017/12/31,0.4788
300692,2017/12/31,0.2156
300722,2017/12/31,0.3683
300653,2017/12/31,0.4253
300575,2017/12/31,0.301
300523,2017/12/31,0.2012
300682,2017/12/31,0.2402
300455,2017/12/31,0.3626
300684,2017/12/31,0.2501
300516,2017/12/31,0.5825
300479,2017/12/31,0.45
300528,2017/12/31,0.4728
300619,2017/12/31,0.184
300207,2017/12/31,0.3382
300370,2017/12/31,0.2294
300051,2017/12/31,0.3766
300235,2017/12/31,0.2163
300295,2017/12/31,0.1688
300348,2017/12/31,0.2189
300264,2017/12/31,0.295
300136,2017/12/31,0.2014
300380,2017/12/31,0.2944
300444,2017/12/31,0.1733
300319,2017/12/31,0.2706
300257,2017/12/31,0.5654
300447,2017/12/31,0.495
300440,2017/12/31,0.5047
300363,2017/12/31,0.1711
300514,2017/12/31,0.2419
300113,2017/12/31,0.4037
300020,2017/12/31,0.2434
300167,2017/12/31,0.4019
300039,2017/12/31,0.3001
300195,2017/12/31,0.2502
300134,2017/12/31,0.4339
300547,2017/12/31,0.1625
300173,2017/12/31,0.2121
300630,2017/12/31,0.3516
300546,2017/12/31,0.3925
300225,2017/12/31,0.1954
300713,2017/12/31,0.4508
300132,2017/12/31,0.1395
300278,2017/12/31,0.3015
300330,2017/12/31,0.2561
300374,2017/12/31,0.3967
300699,2017/12/31,0.3756
300735,2017/12/31,0.613
300021,2017/12/31,0.2274
300623,2017/12/31,0.3205
300255,2017/12/31,0.3641
300308,2017/12/31,0.2097
300617,2017/12/31,0.285
300541,2017/12/31,0.0671
300411,2017/12/31,0.1972
300415,2017/12/31,0.3375
300418,2017/12/31,0.18
300277,2017/12/31,0.2985
300402,2017/12/31,0.5752
300412,2017/12/31,0.3551
300290,2017/12/31,0.2589
300472,2017/12/31,0.1117
300642,2017/12/31,0.2022
300463,2017/12/31,0.122
300497,2017/12/31,0.3378
300456,2017/12/31,0.4996
300510,2017/12/31,0.3508
300431,2017/12/31,0.2118
300434,2017/12/31,0.1663
300481,2017/12/31,0.4908
300478,2017/12/31,0.3825
300553,2017/12/31,0.1421
300439,2017/12/31,0.5076
300470,2017/12/31,0.2776
300501,2017/12/31,0.3834
300624,2017/12/31,0.2607
300220,2017/12/31,0.5042
300638,2017/12/31,0.5006
300329,2017/12/31,0.2758
300625,2017/12/31,0.2202
300648,2017/12/31,0.1634
300651,2017/12/31,0.2171
300120,2017/12/31,0.1035
300632,2017/12/31,0.2969
300732,2017/12/31,0.3455
300217,2017/12/31,0.1468
300517,2017/12/31,0.5524
300578,2017/12/31,0.29
300738,2017/12/31,0.6195
300662,2017/12/31,0.363
300448,2017/12/31,0.3614
300513,2017/12/31,0.246
300535,2017/12/31,0.2313
300577,2017/12/31,0.6147
300739,2017/12/31,0.7993
300458,2017/12/31,0.0923
300573,2017/12/31,0.3171
300555,2017/12/31,0.1046
300622,2017/12/31,0.2746
300582,2017/12/31,0.3796
300606,2017/12/31,0.3075
300600,2017/12/31,0.4078
300612,2017/12/31,0.375
300670,2017/12/31,0.3955
300676,2017/12/31,0.3718
300636,2017/12/31,0.1855
300726,2017/12/31,0.3519
300703,2017/12/31,0.3113
300737,2017/12/31,0.334523
300695,2017/12/31,0.3613
300008,2017/12/31,0.1883
300180,2017/12/31,0.0931
300015,2017/12/31,0.4078
300053,2017/12/31,0.1837
300158,2017/12/31,0.4381
300174,2017/12/31,0.2479
300070,2017/12/31,0.2285
300006,2017/12/31,0.2271
300157,2017/12/31,0.1487
300077,2017/12/31,0.0438
300462,2017/12/31,0.3876
300250,2017/12/31,0.4231
300184,2017/12/31,0.1358
300251,2017/12/31,0.4406
300210,2017/12/31,0.4394
300219,2017/12/31,0.2399
300089,2017/12/31,0.3299
300368,2017/12/31,0.3507
300054,2017/12/31,0.1547
300387,2017/12/31,0.3209
300731,2017/12/31,0.2064
300343,2017/12/31,0.2366
300386,2017/12/31,0.3216
300203,2017/12/31,0.2465
300340,2017/12/31,0.1914
300389,2017/12/31,0.2581
300279,2017/12/31,0.2156
300736,2017/12/31,0.4156
300202,2017/12/31,0.2821
300643,2017/12/31,0.5025
300718,2017/12/31,0.405
300571,2017/12/31,0.2651
300583,2017/12/31,0.3686
300645,2017/12/31,0.2896
300040,2017/12/31,0.1975
300017,2017/12/31,0.174
300262,2017/12/31,0.4168
300494,2017/12/31,0.384
300391,2017/12/31,0.5298
300407,2017/12/31,0.2539
300657,2017/12/31,0.3045
300551,2017/12/31,0.3892
300675,2017/12/31,0.4286
300730,2017/12/31,0.088
300693,2017/12/31,0.1903
300133,2017/12/31,0.2634
300165,2017/12/31,0.3435
300661,2017/12/31,0.2103
300587,2017/12/31,0.2028
300666,2017/12/31,0.2827
300712,2017/12/31,0.2998
300236,2017/12/31,0.1985
300168,2017/12/31,0.2479
300669,2017/12/31,0.4353
300078,2017/12/31,0.1633
300031,2017/12/31,0.2275
300336,2017/12/31,0.2159
300468,2017/12/31,0.2571
300471,2017/12/31,0.3229
300725,2017/12/31,0.2222
300228,2017/12/31,0.0924
300080,2017/12/31,0.2002
300258,2017/12/31,0.458
300489,2017/12/31,0.2733
300379,2017/12/31,0.1221
300691,2017/12/31,0.1104
300469,2017/12/31,0.311
300112,2017/12/31,0.2176
300224,2017/12/31,0.5017
300484,2017/12/31,0.1536
300519,2017/12/31,0.3825
300537,2017/12/31,0.4533
300626,2017/12/31,0.4096
300197,2017/12/31,0.4156
300016,2017/12/31,0.2264
300395,2017/12/31,0.1298
300611,2017/12/31,0.426
300125,2017/12/31,0.2188
300285,2017/12/31,0.251
300503,2017/12/31,0.3582
300432,2017/12/31,0.2778
300554,2017/12/31,0.3975
300668,2017/12/31,0.4493
300631,2017/12/31,0.3118
300560,2017/12/31,0.5351
300592,2017/12/31,0.1307
300671,2017/12/31,0.4459
300414,2017/12/31,0.4072
300487,2017/12/31,0.2549
300464,2017/12/31,0.5083
300697,2017/12/31,0.3625
300211,2017/12/31,0.484
300508,2017/12/31,0.3438
300045,2017/12/31,0.1889
300088,2017/12/31,0.1897
300067,2017/12/31,0.3813
300072,2017/12/31,0.283
300032,2017/12/31,0.3957
300261,2017/12/31,0.358
300200,2017/12/31,0.2384
300338,2017/12/31,0.159
300321,2017/12/31,0.3286
300333,2017/12/31,0.2223
300317,2017/12/31,0.2639
300332,2017/12/31,0.1925
300288,2017/12/31,0.3625
300281,2017/12/31,0.3884
300347,2017/12/31,0.2682
300351,2017/12/31,0.1571
300408,2017/12/31,0.3707
300095,2017/12/31,0.2157
300243,2017/12/31,0.2274
300141,2017/12/31,0.4457
300119,2017/12/31,0.4265
300170,2017/12/31,0.1251
300162,2017/12/31,0.2254
300388,2017/12/31,0.3758
300280,2017/12/31,0.2617
300303,2017/12/31,0.2292
300335,2017/12/31,0.1404
300461,2017/12/31,0.2015
300417,2017/12/31,0.1532
300435,2017/12/31,0.526
300475,2017/12/31,0.2747
300360,2017/12/31,0.2281
300396,2017/12/31,0.538
300390,2017/12/31,0.3475
300542,2017/12/31,0.1442
300521,2017/12/31,0.3412
300410,2017/12/31,0.4623
300580,2017/12/31,0.5637
300649,2017/12/31,0.09
300530,2017/12/31,0.604
300533,2017/12/31,0.4384
300488,2017/12/31,0.4849
300522,2017/12/31,0.3965
300490,2017/12/31,0.4367
300561,2017/12/31,0.3778
300515,2017/12/31,0.345
300597,2017/12/31,0.2
300608,2017/12/31,0.3012
300641,2017/12/31,0.2813
300609,2017/12/31,0.3919
300663,2017/12/31,0.3015
300637,2017/12/31,0.2936
300603,2017/12/31,0.377
300660,2017/12/31,0.3796
300640,2017/12/31,0.4805
300549,2017/12/31,0.3377
300615,2017/12/31,0.3333
300486,2017/12/31,0.3614
300527,2017/12/31,0.474
300588,2017/12/31,0.3368
300473,2017/12/31,0.3551
300585,2017/12/31,0.3635
300729,2017/12/31,0.2846
300654,2017/12/31,0.4671
300679,2017/12/31,0.2541
300707,2017/12/31,0.2237
300247,2017/12/31,0.1444
300366,2017/12/31,0.2578
300253,2017/12/31,0.1338
300267,2017/12/31,0.4144
300231,2017/12/31,0.2654
300232,2017/12/31,0.4138
300198,2017/12/31,0.2596
300230,2017/12/31,0.2953
300191,2017/12/31,0.4708
300289,2017/12/31,0.3129
300208,2017/12/31,0.2032
300209,2017/12/31,0.2125
300201,2017/12/31,0.2064
300298,2017/12/31,0.3097
300312,2017/12/31,0.3664
300315,2017/12/31,0.1406
300337,2017/12/31,0.3444
300292,2017/12/31,0.2355
300354,2017/12/31,0.5235
300405,2017/12/31,0.4346
300344,2017/12/31,0.2553
300355,2017/12/31,0.2323
300359,2017/12/31,0.3149
300364,2017/12/31,0.1565
300377,2017/12/31,0.2375
300362,2017/12/31,0.3043
300382,2017/12/31,0.6483
300392,2017/12/31,0.3237
300422,2017/12/31,0.2126
300425,2017/12/31,0.4081
300665,2017/12/31,0.2536
300710,2017/12/31,0.2468
300680,2017/12/31,0.3057
300698,2017/12/31,0.3075
300706,2017/12/31,0.3788
300672,2017/12/31,0.2191
300723,2017/12/31,0.425
300696,2017/12/31,0.1383
300720,2017/12/31,0.433
300709,2017/12/31,0.2195
300711,2017/12/31,0.5301
300727,2017/12/31,0.4145
300702,2017/12/31,0.3996
300688,2017/12/31,0.314
300087,2017/12/31,0.1072
300052,2017/12/31,0.2786
300117,2017/12/31,0.4166
300036,2017/12/31,0.1191
300205,2017/12/31,0.2614
300196,2017/12/31,0.4016
300322,2017/12/31,0.2899
300552,2017/12/31,0.5187
300441,2017/12/31,0.5247
300586,2017/12/31,0.3904
300595,2017/12/31,0.3732
300044,2017/12/31,0.1465
300019,2017/12/31,0.178
300178,2017/12/31,0.2864
300140,2017/12/31,0.211
300074,2017/12/31,0.1204
300107,2017/12/31,0.3947
300110,2017/12/31,0.1676
300185,2017/12/31,0.1376
300238,2017/12/31,0.2076
300240,2017/12/31,0.1456
300353,2017/12/31,0.3409
300213,2017/12/31,0.1446
300324,2017/12/31,0.333
300275,2017/12/31,0.2939
300491,2017/12/31,0.1973
300639,2017/12/31,0.3233
300346,2017/12/31,0.122
300349,2017/12/31,0.275
300393,2017/12/31,0.3671
300593,2017/12/31,0.2228
300466,2017/12/31,0.2906
300365,2017/12/31,0.1943
300376,2017/12/31,0.5616
300567,2017/12/31,0.2918
300511,2017/12/31,0.394
300493,2017/12/31,0.3188
300378,2017/12/31,0.1765
300548,2017/12/31,0.2032
300520,2017/12/31,0.3401
300428,2017/12/31,0.1188
300558,2017/12/31,0.1997
300556,2017/12/31,0.3006
300616,2017/12/31,0.2348
300705,2017/12/31,0.3716
300627,2017/12/31,0.235
300633,2017/12/31,0.2543
300690,2017/12/31,0.3809
300655,2017/12/31,0.2353
300719,2017/12/31,0.3564
300683,2017/12/31,0.387
300375,2017/12/31,0.3534
300121,2017/12/31,0.3897
300284,2017/12/31,0.2178
300244,2017/12/31,0.3809
300194,2017/12/31,0.3576
300164,2017/12/31,0.2559
300263,2017/12/31,0.2034
300420,2017/12/31,0.1287
300394,2017/12/31,0.4695
300357,2017/12/31,0.3886
300371,2017/12/31,0.3788
300485,2017/12/31,0.4968
300509,2017/12/31,0.33
300398,2017/12/31,0.4589
300242,2017/12/31,0.2125
300138,2017/12/31,0.1858
300181,2017/12/31,0.2846
300057,2017/12/31,0.419
300103,2017/12/31,0.2995
300114,2017/12/31,0.5051
300218,2017/12/31,0.219
300252,2017/12/31,0.3412
300498,2017/12/31,0.0415
300296,2017/12/31,0.3145
300273,2017/12/31,0.2001
300325,2017/12/31,0.3848
300443,2017/12/31,0.4313
300437,2017/12/31,0.4364
300532,2017/12/31,0.4612
300579,2017/12/31,0.2624
300539,2017/12/31,0.3397
300629,2017/12/31,0.3604
300128,2017/12/31,0.213
300241,2017/12/31,0.248
300245,2017/12/31,0.1139
300223,2017/12/31,0.202
300259,2017/12/31,0.3562
300190,2017/12/31,0.3998
300147,2017/12/31,0.3411
300212,2017/12/31,0.3586
300215,2017/12/31,0.264
300233,2017/12/31,0.2849
300305,2017/12/31,0.2354
300316,2017/12/31,0.4847
300314,2017/12/31,0.2469
300341,2017/12/31,0.4092
300572,2017/12/31,0.2788
300598,2017/12/31,0.3298
300673,2017/12/31,0.3688
300589,2017/12/31,0.2899
300126,2017/12/31,0.2652
300028,2017/12/31,0.2798
300055,2017/12/31,0.275
300123,2017/12/31,0.2947
300004,2017/12/31,0.1237
300093,2017/12/31,0.1124
300153,2017/12/31,0.3914
300187,2017/12/31,0.6256
300148,2017/12/31,0.1972
300096,2017/12/31,0.1621
300097,2017/12/31,0.2865
300098,2017/12/31,0.3158
300048,2017/12/31,0.2172
300065,2017/12/31,0.2158
300010,2017/12/31,0.1697
300050,2017/12/31,0.21
300084,2017/12/31,0.1786
300179,2017/12/31,0.2823
300177,2017/12/31,0.2616
300030,2017/12/31,0.2343
300081,2017/12/31,0.2737
300124,2017/12/31,0.1863
300175,2017/12/31,0.2246
300118,2017/12/31,0.2909
300005,2017/12/31,0.2191
300042,2017/12/31,0.2163
300152,2017/12/31,0.295
300155,2017/12/31,0.3738
300169,2017/12/31,0.0987
300171,2017/12/31,0.6125
300160,2017/12/31,0.2416
300151,2017/12/31,0.4586
300163,2017/12/31,0.3649
300091,2017/12/31,0.174
300307,2017/12/31,0.3024
300326,2017/12/31,0.0853
300352,2017/12/31,0.3113
300356,2017/12/31,0.2567
300409,2017/12/31,0.3703
300442,2017/12/31,0.278
300399,2017/12/31,0.4024
300358,2017/12/31,0.4616
300025,2017/12/31,0.1171
300099,2017/12/31,0.3044
300100,2017/12/31,0.4768
300062,2017/12/31,0.2026
300063,2017/12/31,0.235
300246,2017/12/31,0.3353
300129,2017/12/31,0.08
300085,2017/12/31,0.1898
300086,2017/12/31,0.3949
300287,2017/12/31,0.1329
300145,2017/12/31,0.2665
300079,2017/12/31,0.1556
300082,2017/12/31,0.5339
300139,2017/12/31,0.2874
300069,2017/12/31,0.2804
300011,2017/12/31,0.2143
300142,2017/12/31,0.1299
300058,2017/12/31,0.0656
300061,2017/12/31,0.2615
300137,2017/12/31,0.1386
300075,2017/12/31,0.2836
300035,2017/12/31,0.1556
300108,2017/12/31,0.2392
300109,2017/12/31,0.1967
300182,2017/12/31,0.3334
300183,2017/12/31,0.2223
300249,2017/12/31,0.176
300266,2017/12/31,0.3435
300268,2017/12/31,0.2953
300189,2017/12/31,0.1392
300254,2017/12/31,0.1191
300221,2017/12/31,0.2095
300206,2017/12/31,0.2086
300318,2017/12/31,0.3881
300214,2017/12/31,0.3458
300265,2017/12/31,0.5519
300159,2017/12/31,0.155
300166,2017/12/31,0.1695
300234,2017/12/31,0.3336
300283,2017/12/31,0.5843
300311,2017/12/31,0.3949
300276,2017/12/31,0.3122
300272,2017/12/31,0.3848
300274,2017/12/31,0.3114
300293,2017/12/31,0.4219
300291,2017/12/31,0.1755
300297,2017/12/31,0.1523
300294,2017/12/31,0.3344
300300,2017/12/31,0.4773
300345,2017/12/31,0.2055
300350,2017/12/31,0.2247
300457,2017/12/31,0.4207
300433,2017/12/31,0.7486
300423,2017/12/31,0.4426
300449,2017/12/31,0.2888
300404,2017/12/31,0.3851
300438,2017/12/31,0.3194
300460,2017/12/31,0.3825
300419,2017/12/31,0.2228
300385,2017/12/31,0.391
300397,2017/12/31,0.4002
300369,2017/12/31,0.1825
300384,2017/12/31,0.4042
300610,2017/12/31,0.2556
300269,2017/12/31,0.1881
300323,2017/12/31,0.1346
300331,2017/12/31,0.2222
300482,2017/12/31,0.2455
300076,2017/12/31,0.3002
300477,2017/12/31,0.2253
300306,2017/12/31,0.2785
300452,2017/12/31,0.2669
300426,2017/12/31,0.3748
300467,2017/12/31,0.0984
300526,2017/12/31,0.3368
300465,2017/12/31,0.3131
300512,2017/12/31,0.3853
300502,2017/12/31,0.138
300525,2017/12/31,0.1985
300531,2017/12/31,0.5002
300518,2017/12/31,0.4476
300499,2017/12/31,0.2055
300543,2017/12/31,0.3612
300540,2017/12/31,0.1339
300550,2017/12/31,0.5629
300721,2017/12/31,0.2136
300565,2017/12/31,0.1414
300566,2017/12/31,0.1869
300504,2017/12/31,0.4177
300686,2017/12/31,0.239
300607,2017/12/31,0.4004
300581,2017/12/31,0.4569
300576,2017/12/31,0.136
300678,2017/12/31,0.3351
300613,2017/12/31,0.2199
300601,2017/12/31,0.5446
300599,2017/12/31,0.2982
300605,2017/12/31,0.3337
300602,2017/12/31,0.5175
300591,2017/12/31,0.2899
300628,2017/12/31,0.2143
300652,2017/12/31,0.3375
300667,2017/12/31,0.2956
300604,2017/12/31,0.2826
300687,2017/12/31,0.164
300733,2017/12/31,0.4532
300689,2017/12/31,0.4125
300716,2017/12/31,0.4078
300116,2017/12/31,0.1358
300083,2017/12/31,0.2107
300176,2017/12/31,0.2923
300071,2017/12/31,0.3124
300012,2017/12/31,0.1172
300013,2017/12/31,0.1104
300002,2017/12/31,0.131
300022,2017/12/31,0.1313
300094,2017/12/31,0.3249
300111,2017/12/31,0.165
300299,2017/12/31,0.1858
300496,2017/12/31,0.3515
300664,2017/12/31,0.3612
300104,2017/12/31,0.2567
300506,2017/12/31,0.5063
300216,2017/12/31,0.1428
300090,2017/12/31,0.1369
300156,2017/12/31,0.4267
300049,2017/12/31,0.1131
300135,2017/12/31,0.3052
300043,2017/12/31,0.3277
300342,2017/12/31,0.4552
300621,2017/12/31,0.3835
300271,2017/12/31,0.198
300619,2018/12/31,0.184
300125,2018/12/31,0.2188
300700,2018/12/31,0.2334
300748,2018/12/31,0.3658
300260,2018/12/31,0.2812
300487,2018/12/31,0.2549
300632,2018/12/31,0.298
300398,2018/12/31,0.3889
300751,2018/12/31,0.2031
300132,2018/12/31,0.1395
300602,2018/12/31,0.5069
300623,2018/12/31,0.3171
300638,2018/12/31,0.4957
300657,2018/12/31,0.3123
300146,2018/12/31,0.4838
300220,2018/12/31,0.4964
300285,2018/12/31,0.231
300586,2018/12/31,0.3904
300016,2018/12/31,0.2264
300545,2018/12/31,0.6405
300617,2018/12/31,0.285
300423,2018/12/31,0.2695
300455,2018/12/31,0.3626
300690,2018/12/31,0.3809
300692,2018/12/31,0.2156
300042,2018/12/31,0.2493
300741,2018/12/31,0.811
300591,2018/12/31,0.2899
300723,2018/12/31,0.4211
300613,2018/12/31,0.2199
300722,2018/12/31,0.3683
300204,2018/12/31,0.3716
300024,2018/12/31,0.2527
300107,2018/12/31,0.3939
300114,2018/12/31,0.26
300395,2018/12/31,0.1296
300590,2018/12/31,0.379
300753,2018/12/31,0.3615
300193,2018/12/31,0.1277
300025,2018/12/31,0.1563
300453,2018/12/31,0.2925
300534,2018/12/31,0.261
300536,2018/12/31,0.3222
300568,2018/12/31,0.2654
300037,2018/12/31,0.1505
300501,2018/12/31,0.3834
300556,2018/12/31,0.2909
300525,2018/12/31,0.1985
300121,2018/12/31,0.3806
300249,2018/12/31,0.176
300017,2018/12/31,0.1577
300439,2018/12/31,0.5084
300637,2018/12/31,0.2929
300559,2018/12/31,0.3344
300179,2018/12/31,0.2792
300201,2018/12/31,0.2064
300211,2018/12/31,0.484
300263,2018/12/31,0.1471
300374,2018/12/31,0.4083
300034,2018/12/31,0.4429
300652,2018/12/31,0.3375
300450,2018/12/31,0.3649
300081,2018/12/31,0.2743
300041,2018/12/31,0.1784
300421,2018/12/31,0.2698
300458,2018/12/31,0.0926
300491,2018/12/31,0.1981
300345,2018/12/31,0.2055
300365,2018/12/31,0.1907
300575,2018/12/31,0.301
300052,2018/12/31,0.2747
300054,2018/12/31,0.1548
300148,2018/12/31,0.1957
300414,2018/12/31,0.4104
300579,2018/12/31,0.2624
300188,2018/12/31,0.225
300435,2018/12/31,0.5252
300403,2018/12/31,0.4836
300242,2018/12/31,0.2131
300699,2018/12/31,0.3733
300101,2018/12/31,0.2965
300240,2018/12/31,0.1456
300393,2018/12/31,0.3682
300379,2018/12/31,0.1045
300138,2018/12/31,0.1912
300685,2018/12/31,0.2358
300218,2018/12/31,0.219
300224,2018/12/31,0.5108
300529,2018/12/31,0.4833
300103,2018/12/31,0.2995
300401,2018/12/31,0.361
300298,2018/12/31,0.2677
300596,2018/12/31,0.1803
300445,2018/12/31,0.193
300629,2018/12/31,0.3604
300296,2018/12/31,0.3022
300378,2018/12/31,0.1766
300092,2018/12/31,0.1823
300105,2018/12/31,0.2325
300144,2018/12/31,0.2948
300161,2018/12/31,0.1906
300176,2018/12/31,0.2923
300184,2018/12/31,0.1356
300357,2018/12/31,0.3886
300346,2018/12/31,0.1174
300485,2018/12/31,0.4925
300322,2018/12/31,0.2857
300507,2018/12/31,0.4418
300531,2018/12/31,0.5002
300624,2018/12/31,0.1928
300738,2018/12/31,0.4646
300066,2018/12/31,0.4084
300115,2018/12/31,0.4268
300127,2018/12/31,0.322
300183,2018/12/31,0.2225
300194,2018/12/31,0.2901
300213,2018/12/31,0.1093
300233,2018/12/31,0.2849
300259,2018/12/31,0.357
300304,2018/12/31,0.4037
300320,2018/12/31,0.1727
300358,2018/12/31,0.4708
300406,2018/12/31,0.1335
300416,2018/12/31,0.4426
300437,2018/12/31,0.4364
300476,2018/12/31,0.2377
300480,2018/12/31,0.4799
300522,2018/12/31,0.3933
300045,2018/12/31,0.1769
300047,2018/12/31,0.1016
300007,2018/12/31,0.2112
300009,2018/12/31,0.2793
300003,2018/12/31,0.137
300715,2018/12/31,0.3776
300675,2018/12/31,0.4286
300726,2018/12/31,0.3519
300732,2018/12/31,0.3455
300286,2018/12/31,0.181
300303,2018/12/31,0.1125
300019,2018/12/31,0.178
300140,2018/12/31,0.1608
300215,2018/12/31,0.264
300190,2018/12/31,0.3998
300229,2018/12/31,0.4392
300078,2018/12/31,0.1633
300228,2018/12/31,0.0912
300336,2018/12/31,0.1986
300391,2018/12/31,0.4539
300542,2018/12/31,0.1442
300635,2018/12/31,0.19
300653,2018/12/31,0.4253
300658,2018/12/31,0.273
300659,2018/12/31,0.296
300678,2018/12/31,0.3351
300681,2018/12/31,0.4167
300724,2018/12/31,0.0977
300274,2018/12/31,0.3107
300244,2018/12/31,0.3809
300248,2018/12/31,0.1957
300067,2018/12/31,0.3851
300018,2018/12/31,0.0732
300494,2018/12/31,0.384
300538,2018/12/31,0.2567
300682,2018/12/31,0.2332
300091,2018/12/31,0.1605
300584,2018/12/31,0.4159
300328,2018/12/31,0.2933
300436,2018/12/31,0.2483
300457,2018/12/31,0.352
300492,2018/12/31,0.2918
300080,2018/12/31,0.2002
300749,2018/12/31,0.3105
300595,2018/12/31,0.3722
300547,2018/12/31,0.1619
300671,2018/12/31,0.4459
300122,2018/12/31,0.5413
300164,2018/12/31,0.2548
300452,2018/12/31,0.2669
300577,2018/12/31,0.614
300327,2018/12/31,0.2502
300026,2018/12/31,0.2119
300205,2018/12/31,0.2614
300481,2018/12/31,0.4639
300609,2018/12/31,0.3916
300615,2018/12/31,0.3259
300630,2018/12/31,0.3516
300394,2018/12/31,0.4386
300515,2018/12/31,0.3418
300655,2018/12/31,0.2321
300583,2018/12/31,0.3686
300620,2018/12/31,0.301
300719,2018/12/31,0.3546
300761,2018/12/31,0.2597
300429,2018/12/31,0.2826
300572,2018/12/31,0.2788
300725,2018/12/31,0.2222
300196,2018/12/31,0.4016
300673,2018/12/31,0.3628
300746,2018/12/31,0.6416
300610,2018/12/31,0.2544
300580,2018/12/31,0.5637
300541,2018/12/31,0.0664
300076,2018/12/31,0.2972
300498,2018/12/31,0.0408
300227,2018/12/31,0.1769
300469,2018/12/31,0.3002
300475,2018/12/31,0.2747
300717,2018/12/31,0.51
300120,2018/12/31,0.101
300074,2018/12/31,0.1525
300517,2018/12/31,0.5294
300539,2018/12/31,0.3397
300612,2018/12/31,0.375
300149,2018/12/31,0.1605
300443,2018/12/31,0.4313
300330,2018/12/31,0.2561
300057,2018/12/31,0.4265
300036,2018/12/31,0.1191
300129,2018/12/31,0.0809
300316,2018/12/31,0.4831
300342,2018/12/31,0.4552
300639,2018/12/31,0.3233
300349,2018/12/31,0.2741
300430,2018/12/31,0.2581
300385,2018/12/31,0.391
300389,2018/12/31,0.2579
300570,2018/12/31,0.1608
300645,2018/12/31,0.2896
300038,2018/12/31,0.3032
300535,2018/12/31,0.2313
300504,2018/12/31,0.3133
300314,2018/12/31,0.2469
300528,2018/12/31,0.4728
300062,2018/12/31,0.2026
300339,2018/12/31,0.1754
300474,2018/12/31,0.3588
300257,2018/12/31,0.575
300721,2018/12/31,0.2117
300622,2018/12/31,0.2708
300181,2018/12/31,0.2846
300479,2018/12/31,0.4265
300552,2018/12/31,0.5219
300705,2018/12/31,0.3716
300756,2018/12/31,0.2062
300553,2018/12/31,0.1421
300097,2018/12/31,0.2865
300177,2018/12/31,0.2617
300210,2018/12/31,0.4394
300264,2018/12/31,0.2825
300371,2018/12/31,0.3788
300440,2018/12/31,0.5137
300348,2018/12/31,0.1665
300569,2018/12/31,0.3
300441,2018/12/31,0.5247
300634,2018/12/31,0.2227
300454,2018/12/31,0.209
300562,2018/12/31,0.455
300669,2018/12/31,0.4353
300697,2018/12/31,0.3625
300757,2018/12/31,0.405
300070,2018/12/31,0.2277
300072,2018/12/31,0.2947
300124,2018/12/31,0.1864
300172,2018/12/31,0.2813
300159,2018/12/31,0.15
300212,2018/12/31,0.352
300200,2018/12/31,0.2384
300214,2018/12/31,0.2593
300245,2018/12/31,0.0948
300276,2018/12/31,0.2717
300640,2018/12/31,0.4705
300284,2018/12/31,0.2178
300558,2018/12/31,0.1997
300708,2018/12/31,0.2886
300375,2018/12/31,0.3593
300301,2018/12/31,0.1577
300341,2018/12/31,0.4096
300503,2018/12/31,0.3679
300425,2018/12/31,0.4064
300329,2018/12/31,0.2733
300520,2018/12/31,0.3401
300490,2018/12/31,0.3811
300695,2018/12/31,0.3613
300170,2018/12/31,0.1069
300288,2018/12/31,0.3625
300400,2018/12/31,0.3276
300282,2018/12/31,0.272
300508,2018/12/31,0.3438
300321,2018/12/31,0.3286
300383,2018/12/31,0.3327
300448,2018/12/31,0.3522
300560,2018/12/31,0.5351
300636,2018/12/31,0.1909
300739,2018/12/31,0.5995
300747,2018/12/31,0.34
300755,2018/12/31,0.6374
300548,2018/12/31,0.2016
300554,2018/12/31,0.3975
300589,2018/12/31,0.2899
300592,2018/12/31,0.1307
300239,2018/12/31,0.3214
300262,2018/12/31,0.4169
300106,2018/12/31,0.4217
300207,2018/12/31,0.2823
300169,2018/12/31,0.0987
300281,2018/12/31,0.2913
300519,2018/12/31,0.3825
300098,2018/12/31,0.3052
300020,2018/12/31,0.2702
300051,2018/12/31,0.3776
300150,2018/12/31,0.1963
300456,2018/12/31,0.5131
300420,2018/12/31,0.1191
300419,2018/12/31,0.2032
300277,2018/12/31,0.2985
300387,2018/12/31,0.3246
300278,2018/12/31,0.2746
300573,2018/12/31,0.3092
300588,2018/12/31,0.33
300598,2018/12/31,0.3298
300670,2018/12/31,0.3955
300691,2018/12/31,0.1079
300703,2018/12/31,0.3113
300607,2018/12/31,0.4037
300759,2018/12/31,0.266
300356,2018/12/31,0.2437
300396,2018/12/31,0.538
300408,2018/12/31,0.3702
300412,2018/12/31,0.3016
300500,2018/12/31,0.444
300540,2018/12/31,0.1289
300582,2018/12/31,0.381
300557,2018/12/31,0.2553
300087,2018/12/31,0.215
300243,2018/12/31,0.2227
300110,2018/12/31,0.1692
300223,2018/12/31,0.2017
300261,2018/12/31,0.3112
300162,2018/12/31,0.2215
300250,2018/12/31,0.3799
300167,2018/12/31,0.3784
300299,2018/12/31,0.1782
300295,2018/12/31,0.1688
300600,2018/12/31,0.3869
300616,2018/12/31,0.2349
300627,2018/12/31,0.2374
300643,2018/12/31,0.5025
300683,2018/12/31,0.387
300730,2018/12/31,0.088
300044,2018/12/31,0.1467
300096,2018/12/31,0.1621
300083,2018/12/31,0.1608
300085,2018/12/31,0.1898
300145,2018/12/31,0.2
300079,2018/12/31,0.1497
300011,2018/12/31,0.2143
300174,2018/12/31,0.2479
300073,2018/12/31,0.225
300117,2018/12/31,0.4166
300102,2018/12/31,0.0834
300039,2018/12/31,0.3001
300112,2018/12/31,0.2023
300154,2018/12/31,0.3874
300255,2018/12/31,0.3569
300256,2018/12/31,0.1357
300235,2018/12/31,0.1899
300251,2018/12/31,0.4406
300258,2018/12/31,0.458
300272,2018/12/31,0.3796
300289,2018/12/31,0.2971
300318,2018/12/31,0.3891
300319,2018/12/31,0.2644
300354,2018/12/31,0.5118
300386,2018/12/31,0.319
300368,2018/12/31,0.2886
300390,2018/12/31,0.3475
300415,2018/12/31,0.3375
300418,2018/12/31,0.174
300428,2018/12/31,0.1188
300471,2018/12/31,0.3355
300447,2018/12/31,0.4952
300472,2018/12/31,0.0843
300701,2018/12/31,0.2801
300533,2018/12/31,0.433
300648,2018/12/31,0.1634
300565,2018/12/31,0.1414
300611,2018/12/31,0.426
300712,2018/12/31,0.2998
300585,2018/12/31,0.3595
300716,2018/12/31,0.4078
300727,2018/12/31,0.4145
300665,2018/12/31,0.2536
300631,2018/12/31,0.3032
300650,2018/12/31,0.3078
300718,2018/12/31,0.405
300563,2018/12/31,0.2394
300587,2018/12/31,0.198
300760,2018/12/31,0.269
300662,2018/12/31,0.363
300689,2018/12/31,0.4125
300649,2018/12/31,0.09
300736,2018/12/31,0.3108
300729,2018/12/31,0.2801
300567,2018/12/31,0.2922
300626,2018/12/31,0.4096
300484,2018/12/31,0.1545
300495,2018/12/31,0.4169
300521,2018/12/31,0.3412
300532,2018/12/31,0.4612
300008,2018/12/31,0.1883
300032,2018/12/31,0.2495
300056,2018/12/31,0.1489
300063,2018/12/31,0.235
300131,2018/12/31,0.2655
300206,2018/12/31,0.2086
300157,2018/12/31,0.1564
300068,2018/12/31,0.1356
300279,2018/12/31,0.1656
300283,2018/12/31,0.5343
300546,2018/12/31,0.3927
300651,2018/12/31,0.2171
300294,2018/12/31,0.3095
300308,2018/12/31,0.209
300326,2018/12/31,0.0696
300332,2018/12/31,0.1944
300333,2018/12/31,0.2136
300376,2018/12/31,0.5619
300380,2018/12/31,0.3141
300470,2018/12/31,0.285
300502,2018/12/31,0.1376
300505,2018/12/31,0.4469
300593,2018/12/31,0.2182
300510,2018/12/31,0.2724
300608,2018/12/31,0.3012
300021,2018/12/31,0.233
300065,2018/12/31,0.1964
300119,2018/12/31,0.4265
300094,2018/12/31,0.2714
300139,2018/12/31,0.2592
300628,2018/12/31,0.2137
300667,2018/12/31,0.2956
300668,2018/12/31,0.4493
300702,2018/12/31,0.393
300752,2018/12/31,0.5047
300108,2018/12/31,0.2392
300267,2018/12/31,0.4144
300287,2018/12/31,0.1329
300290,2018/12/31,0.2458
300291,2018/12/31,0.1316
300302,2018/12/31,0.1981
300293,2018/12/31,0.4219
300306,2018/12/31,0.2785
300310,2018/12/31,0.0759
300335,2018/12/31,0.1403
300337,2018/12/31,0.3444
300338,2018/12/31,0.1564
300355,2018/12/31,0.2237
300360,2018/12/31,0.2281
300363,2018/12/31,0.1576
300369,2018/12/31,0.1835
300377,2018/12/31,0.23
300381,2018/12/31,0.3482
300384,2018/12/31,0.4049
300399,2018/12/31,0.4024
300405,2018/12/31,0.4976
300424,2018/12/31,0.1953
300427,2018/12/31,0.3542
300438,2018/12/31,0.3194
300449,2018/12/31,0.2653
300442,2018/12/31,0.278
300464,2018/12/31,0.5116
300126,2018/12/31,0.2665
300134,2018/12/31,0.4311
300136,2018/12/31,0.2029
300141,2018/12/31,0.4451
300158,2018/12/31,0.421
300165,2018/12/31,0.3341
300171,2018/12/31,0.6125
300173,2018/12/31,0.1883
300178,2018/12/31,0.2873
300185,2018/12/31,0.1376
300473,2018/12/31,0.3551
300477,2018/12/31,0.2248
300511,2018/12/31,0.394
300483,2018/12/31,0.1399
300513,2018/12/31,0.1766
300514,2018/12/31,0.2419
300527,2018/12/31,0.474
300530,2018/12/31,0.6005
300537,2018/12/31,0.4533
300543,2018/12/31,0.2258
300566,2018/12/31,0.2011
300576,2018/12/31,0.136
300581,2018/12/31,0.4569
300597,2018/12/31,0.2
300599,2018/12/31,0.2982
300603,2018/12/31,0.377
300605,2018/12/31,0.3306
300606,2018/12/31,0.3075
300621,2018/12/31,0.3825
300625,2018/12/31,0.2224
300633,2018/12/31,0.2543
300642,2018/12/31,0.2003
300647,2018/12/31,0.228
300654,2018/12/31,0.4671
300656,2018/12/31,0.1439
300660,2018/12/31,0.37
300661,2018/12/31,0.2097
300663,2018/12/31,0.2999
300006,2018/12/31,0.2271
300013,2018/12/31,0.1104
300031,2018/12/31,0.2275
300046,2018/12/31,0.3002
300050,2018/12/31,0.2045
300058,2018/12/31,0.0878
300075,2018/12/31,0.2838
300099,2018/12/31,0.3044
300043,2018/12/31,0.3277
300664,2018/12/31,0.301
300672,2018/12/31,0.2191
300698,2018/12/31,0.3075
300706,2018/12/31,0.3788
300694,2018/12/31,0.3475
300707,2018/12/31,0.2237
300693,2018/12/31,0.1903
300674,2018/12/31,0.3098
300676,2018/12/31,0.3718
300680,2018/12/31,0.2797
300687,2018/12/31,0.1641
300195,2018/12/31,0.2522
300199,2018/12/31,0.2354
300208,2018/12/31,0.2173
300202,2018/12/31,0.2821
300209,2018/12/31,0.2136
300225,2018/12/31,0.1543
300231,2018/12/31,0.2505
300252,2018/12/31,0.3441
300265,2018/12/31,0.5519
300710,2018/12/31,0.2468
300709,2018/12/31,0.2195
300711,2018/12/31,0.5301
300713,2018/12/31,0.4508
300745,2018/12/31,0.3079
300735,2018/12/31,0.613
300750,2018/12/31,0.2604
300002,2018/12/31,0.1317
300004,2018/12/31,0.1266
300005,2018/12/31,0.2191
300010,2018/12/31,0.1719
300012,2018/12/31,0.1172
300015,2018/12/31,0.3911
300030,2018/12/31,0.2343
300040,2018/12/31,0.2078
300048,2018/12/31,0.2121
300049,2018/12/31,0.1131
300055,2018/12/31,0.275
300069,2018/12/31,0.2804
300061,2018/12/31,0.2612
300077,2018/12/31,0.03
300084,2018/12/31,0.1786
300088,2018/12/31,0.1181
300100,2018/12/31,0.5027
300104,2018/12/31,0.2443
300109,2018/12/31,0.2
300111,2018/12/31,0.1737
300113,2018/12/31,0.4036
300130,2018/12/31,0.2887
300118,2018/12/31,0.291
300133,2018/12/31,0.2629
300137,2018/12/31,0.1486
300142,2018/12/31,0.1199
300143,2018/12/31,0.2266
300151,2018/12/31,0.4586
300152,2018/12/31,0.295
300153,2018/12/31,0.372
300155,2018/12/31,0.3738
300160,2018/12/31,0.2436
300166,2018/12/31,0.1684
300168,2018/12/31,0.2325
300175,2018/12/31,0.2246
300182,2018/12/31,0.3357
300187,2018/12/31,0.6259
300191,2018/12/31,0.4708
300189,2018/12/31,0.1392
300198,2018/12/31,0.2596
300192,2018/12/31,0.3858
300203,2018/12/31,0.2465
300216,2018/12/31,0.1378
300217,2018/12/31,0.1637
300219,2018/12/31,0.2747
300221,2018/12/31,0.1999
300222,2018/12/31,0.2623
300230,2018/12/31,0.2953
300232,2018/12/31,0.4141
300234,2018/12/31,0.3336
300236,2018/12/31,0.1985
300237,2018/12/31,0.2723
300241,2018/12/31,0.2484
300238,2018/12/31,0.2076
300253,2018/12/31,0.1149
300246,2018/12/31,0.3353
300268,2018/12/31,0.299
300270,2018/12/31,0.4984
300273,2018/12/31,0.1821
300275,2018/12/31,0.2989
300280,2018/12/31,0.2292
300292,2018/12/31,0.2355
300305,2018/12/31,0.2362
300300,2018/12/31,0.4124
300307,2018/12/31,0.3024
300459,2018/12/31,0.1785
300462,2018/12/31,0.3877
300463,2018/12/31,0.122
300465,2018/12/31,0.3028
300388,2018/12/31,0.3963
300313,2018/12/31,0.1835
300409,2018/12/31,0.3196
300323,2018/12/31,0.1659
300331,2018/12/31,0.2222
300352,2018/12/31,0.3077
300373,2018/12/31,0.4161
300407,2018/12/31,0.248
300340,2018/12/31,0.1914
300350,2018/12/31,0.2501
300366,2018/12/31,0.2578
300382,2018/12/31,0.6081
300370,2018/12/31,0.2322
300402,2018/12/31,0.5752
300317,2018/12/31,0.2685
300347,2018/12/31,0.2482
300397,2018/12/31,0.407
300344,2018/12/31,0.2501
300359,2018/12/31,0.2407
300364,2018/12/31,0.1443
300353,2018/12/31,0.345
300315,2018/12/31,0.0698
300482,2018/12/31,0.2294
300466,2018/12/31,0.2906
300468,2018/12/31,0.2567
300486,2018/12/31,0.2857
300410,2018/12/31,0.4495
300489,2018/12/31,0.2733
300488,2018/12/31,0.4861
300496,2018/12/31,0.3522
300499,2018/12/31,0.1989
300493,2018/12/31,0.3007
300506,2018/12/31,0.4553
300509,2018/12/31,0.33
300516,2018/12/31,0.5825
300512,2018/12/31,0.3853
300518,2018/12/31,0.4476
300523,2018/12/31,0.2012
300526,2018/12/31,0.3368
300551,2018/12/31,0.3892
300555,2018/12/31,0.1046
300561,2018/12/31,0.3772
300571,2018/12/31,0.2642
300578,2018/12/31,0.2908
300601,2018/12/31,0.5383
300604,2018/12/31,0.281
300618,2018/12/31,0.2195
300733,2018/12/31,0.3399
300641,2018/12/31,0.2813
300549,2018/12/31,0.3377
300737,2018/12/31,0.2509
300550,2018/12/31,0.5419
300740,2018/12/31,0.2351
300743,2018/12/31,0.1529
300644,2018/12/31,0.1445
300433,2018/12/31,0.7517
300422,2018/12/31,0.2128
300758,2018/12/31,0.2729
300451,2018/12/31,0.1839
300432,2018/12/31,0.2849
300444,2018/12/31,0.1733
300417,2018/12/31,0.1532
300666,2018/12/31,0.2827
300679,2018/12/31,0.2541
300686,2018/12/31,0.2315
300684,2018/12/31,0.2482
300688,2018/12/31,0.314
300696,2018/12/31,0.1383
300720,2018/12/31,0.433
300731,2018/12/31,0.2064
300001,2018/12/31,0.3992
300022,2018/12/31,0.1313
300027,2018/12/31,0.2069
300035,2018/12/31,0.1556
300071,2018/12/31,0.3031
300053,2018/12/31,0.1631
300095,2018/12/31,0.1644
300128,2018/12/31,0.108
300180,2018/12/31,0.0931
300197,2018/12/31,0.3676
300226,2018/12/31,0.252
300254,2018/12/31,0.1191
300269,2018/12/31,0.1951
300311,2018/12/31,0.3879
300324,2018/12/31,0.336
300325,2018/12/31,0.3767
300343,2018/12/31,0.2127
300351,2018/12/31,0.1571
300392,2018/12/31,0.3237
300404,2018/12/31,0.3861
300431,2018/12/31,0.2134
300434,2018/12/31,0.1663
300460,2018/12/31,0.3825
300461,2018/12/31,0.2054
300467,2018/12/31,0.0988
300014,2018/12/31,0.3735
300086,2018/12/31,0.3949
300271,2018/12/31,0.1997
300297,2018/12/31,0.1523
300312,2018/12/31,0.3473
300334,2018/12/31,0.2106
300478,2018/12/31,0.3185
300497,2018/12/31,0.3378
300677,2018/12/31,0.4197
300028,2018/12/31,0.2798
300362,2018/12/31,0.3043
300156,2018/12/31,0.4125
300082,2018/12/31,0.5338
300090,2018/12/31,0.1369
300135,2018/12/31,0.3065
300116,2018/12/31,0.1358
300247,2018/12/31,0.1083
300123,2018/12/31,0.247
300266,2018/12/31,0.337
300147,2018/12/31,0.3424
300163,2018/12/31,0.2744
300413,2018/12/31,0.6791
300426,2018/12/31,0.3796
300411,2018/12/31,0.1972
300742,2018/12/31,0.2836
300089,2018/12/31,0.2982
300093,2018/12/31,0.1072
