Stkcd,Reptdt,TobinQ
300181,2013/12/31,3.057819
300267,2013/12/31,2.644562
300286,2013/12/31,2.434786
300228,2013/12/31,2.933256
300263,2013/12/31,1.573507
300054,2013/12/31,3.028435
300074,2013/12/31,3.130704
300213,2013/12/31,1.407123
300165,2013/12/31,1.519724
300062,2013/12/31,1.384106
300144,2013/12/31,1.721525
300146,2013/12/31,5.305251
300294,2013/12/31,2.173232
300113,2013/12/31,3.635677
300174,2013/12/31,1.36203
300014,2013/12/31,4.705211
300011,2013/12/31,3.227053
300010,2013/12/31,2.047162
300148,2013/12/31,2.765669
300039,2013/12/31,3.513719
300050,2013/12/31,1.393885
300052,2013/12/31,3.634219
300046,2013/12/31,1.658004
300184,2013/12/31,2.132731
300253,2013/12/31,6.147504
300140,2013/12/31,3.093694
300019,2013/12/31,2.5388
300085,2013/12/31,3.750918
300127,2013/12/31,2.177837
300295,2013/12/31,2.874481
300227,2013/12/31,2.7167
300190,2013/12/31,1.85226
300084,2013/12/31,2.060972
300298,2013/12/31,2.941299
300204,2013/12/31,1.838922
300172,2013/12/31,1.747158
300095,2013/12/31,1.379561
300159,2013/12/31,1.454851
300110,2013/12/31,1.981837
300349,2013/12/31,1.883506
300035,2013/12/31,1.660072
300247,2013/12/31,1.587386
300124,2013/12/31,4.926595
300342,2013/12/31,2.178314
300233,2013/12/31,1.513256
300119,2013/12/31,1.801326
300017,2013/12/31,6.663719
300002,2013/12/31,3.010804
300341,2013/12/31,1.690266
300145,2013/12/31,2.364605
300068,2013/12/31,1.240556
300238,2013/12/31,4.217223
300284,2013/12/31,1.570435
300347,2013/12/31,4.943109
300231,2013/12/31,2.223405
300177,2013/12/31,2.712864
300030,2013/12/31,2.488779
300336,2013/12/31,2.290053
300274,2013/12/31,1.935375
300334,2013/12/31,2.689429
300126,2013/12/31,1.376701
300199,2013/12/31,3.62307
300237,2013/12/31,1.451573
300008,2013/12/31,2.877914
300225,2013/12/31,1.457201
300304,2013/12/31,1.64318
300241,2013/12/31,1.769721
300015,2013/12/31,5.368916
300216,2013/12/31,1.514336
300303,2013/12/31,2.369209
300210,2013/12/31,1.453005
300101,2013/12/31,3.820418
300104,2013/12/31,4.603866
300289,2013/12/31,2.165568
300221,2013/12/31,1.270747
300354,2013/12/31,1.854239
300112,2013/12/31,2.668714
300103,2013/12/31,1.942307
300125,2013/12/31,1.260057
300249,2013/12/31,1.60684
300003,2013/12/31,3.891911
300154,2013/12/31,1.586201
300275,2013/12/31,2.226797
300037,2013/12/31,1.728978
300224,2013/12/31,1.353855
300212,2013/12/31,2.609227
300218,2013/12/31,1.250579
300047,2013/12/31,1.841461
300042,2013/12/31,1.554301
300138,2013/12/31,1.238319
300339,2013/12/31,2.058436
300092,2013/12/31,1.29241
300114,2013/12/31,2.3547
300041,2013/12/31,2.199743
300320,2013/12/31,1.510338
300067,2013/12/31,1.554971
300251,2013/12/31,2.770056
300072,2013/12/31,2.909522
300105,2013/12/31,2.276967
300301,2013/12/31,1.422696
300009,2013/12/31,3.710735
300115,2013/12/31,4.201533
300306,2013/12/31,1.493984
300078,2013/12/31,2.005657
300001,2013/12/31,2.310967
300321,2013/12/31,1.624065
300006,2013/12/31,2.285706
300264,2013/12/31,1.816011
300296,2013/12/31,1.471846
300121,2013/12/31,1.693996
300097,2013/12/31,2.566467
300027,2013/12/31,3.764019
300200,2013/12/31,1.61361
300088,2013/12/31,2.95212
300117,2013/12/31,1.170776
300099,2013/12/31,1.772785
300120,2013/12/31,1.612572
300259,2013/12/31,2.162303
300338,2013/12/31,1.326039
300310,2013/12/31,1.571172
300194,2013/12/31,1.27275
300261,2013/12/31,1.659603
300229,2013/12/31,1.943199
300250,2013/12/31,2.084313
300188,2013/12/31,1.729315
300319,2013/12/31,2.035745
300070,2013/12/31,3.247369
300348,2013/12/31,1.844845
300152,2013/12/31,1.67677
300134,2013/12/31,1.649612
300091,2013/12/31,1.912699
300256,2013/12/31,1.239337
300222,2013/12/31,1.517727
300043,2013/12/31,1.679158
300163,2013/12/31,1.53781
300007,2013/12/31,1.683042
300141,2013/12/31,1.722449
300322,2013/12/31,2.606474
300331,2013/12/31,3.003322
300147,2013/12/31,2.583962
300324,2013/12/31,2.142384
300193,2013/12/31,1.330902
300018,2013/12/31,1.65915
300179,2013/12/31,1.462508
300234,2013/12/31,2.042861
300158,2013/12/31,1.224137
300223,2013/12/31,2.210621
300153,2013/12/31,1.48697
300343,2013/12/31,2.228606
300272,2013/12/31,2.517401
300215,2013/12/31,2.533375
300162,2013/12/31,1.348605
300327,2013/12/31,3.192936
300034,2013/12/31,3.25362
300255,2013/12/31,2.247938
300291,2013/12/31,2.714635
300281,2013/12/31,1.328108
300056,2013/12/31,2.813254
300209,2013/12/31,1.32604
300107,2013/12/31,2.049495
300021,2013/12/31,2.119908
300329,2013/12/31,1.534816
300202,2013/12/31,3.933504
300051,2013/12/31,3.277749
300087,2013/12/31,1.359169
300196,2013/12/31,1.673659
300118,2013/12/31,1.251942
300016,2013/12/31,3.603433
300066,2013/12/31,1.907763
300036,2013/12/31,2.030704
300048,2013/12/31,1.477383
300203,2013/12/31,1.442933
300230,2013/12/31,1.42704
300244,2013/12/31,5.000582
300257,2013/12/31,2.255086
300186,2013/12/31,1.262721
300090,2013/12/31,2.171252
300356,2013/12/31,1.648715
300314,2013/12/31,2.131131
300026,2013/12/31,5.020513
300340,2013/12/31,1.371175
300129,2013/12/31,1.184201
300024,2013/12/31,6.133729
300132,2013/12/31,1.645602
300150,2013/12/31,1.477829
300245,2013/12/31,1.874279
300176,2013/12/31,1.140198
300246,2013/12/31,3.08006
300211,2013/12/31,1.598172
300058,2013/12/31,2.706908
300206,2013/12/31,1.669162
300076,2013/12/31,2.023569
300325,2013/12/31,1.403659
300214,2013/12/31,1.189004
300151,2013/12/31,1.535683
300136,2013/12/31,2.737544
300313,2013/12/31,1.918149
300345,2013/12/31,1.681447
300086,2013/12/31,1.172567
300352,2013/12/31,2.917476
300073,2013/12/31,1.88779
300285,2013/12/31,2.132623
300083,2013/12/31,1.760148
300195,2013/12/31,1.574753
300135,2013/12/31,1.574799
300031,2013/12/31,1.667603
300235,2013/12/31,2.475269
300335,2013/12/31,2.658425
300197,2013/12/31,1.492702
300207,2013/12/31,1.452584
300005,2013/12/31,3.335348
300265,2013/12/31,1.224899
300290,2013/12/31,2.16299
300311,2013/12/31,1.918032
300280,2013/12/31,1.213308
300160,2013/12/31,1.137943
300242,2013/12/31,1.914222
300240,2013/12/31,1.172674
300164,2013/12/31,2.081192
300205,2013/12/31,2.393025
300262,2013/12/31,2.384367
300142,2013/12/31,1.44869
300149,2013/12/31,2.904986
300191,2013/12/31,2.891644
300271,2013/12/31,2.595883
300353,2013/12/31,2.686941
300045,2013/12/31,4.503898
300077,2013/12/31,1.920099
300004,2013/12/31,4.622082
300123,2013/12/31,1.986828
300288,2013/12/31,3.078266
300182,2013/12/31,1.989565
300081,2013/12/31,1.495476
300333,2013/12/31,2.021762
300226,2013/12/31,2.773346
300093,2013/12/31,1.425406
300131,2013/12/31,1.583797
300239,2013/12/31,3.205226
300053,2013/12/31,2.577386
300079,2013/12/31,2.212102
300323,2013/12/31,1.309821
300065,2013/12/31,1.75015
300168,2013/12/31,2.831964
300040,2013/12/31,1.247028
300350,2013/12/31,1.556837
300337,2013/12/31,1.416674
300300,2013/12/31,2.429218
300096,2013/12/31,4.061672
300069,2013/12/31,1.525297
300201,2013/12/31,1.821322
300075,2013/12/31,2.791286
300305,2013/12/31,1.209879
300307,2013/12/31,1.179978
300317,2013/12/31,1.376907
300100,2013/12/31,1.540814
300082,2013/12/31,1.267125
300098,2013/12/31,1.958977
300232,2013/12/31,1.554231
300198,2013/12/31,1.690033
300102,2013/12/31,1.473013
300173,2013/12/31,1.318388
300318,2013/12/31,1.776485
300236,2013/12/31,1.769215
300133,2013/12/31,6.789312
300180,2013/12/31,1.374029
300106,2013/12/31,2.122347
300316,2013/12/31,1.482564
300330,2013/12/31,2.287235
300328,2013/12/31,1.527793
300273,2013/12/31,4.452799
300080,2013/12/31,1.07169
300302,2013/12/31,1.832228
300258,2013/12/31,1.362064
300185,2013/12/31,1.04038
300283,2013/12/31,1.321463
300063,2013/12/31,1.213913
300155,2013/12/31,1.60899
300346,2013/12/31,1.653401
300252,2013/12/31,1.523389
300326,2013/12/31,3.216477
300243,2013/12/31,1.428655
300170,2013/12/31,2.037736
300013,2013/12/31,2.138889
300299,2013/12/31,2.382914
300055,2013/12/31,3.175847
300287,2013/12/31,2.697932
300089,2013/12/31,1.361964
300038,2013/12/31,1.573899
300192,2013/12/31,1.428058
300109,2013/12/31,2.215486
300111,2013/12/31,1.994373
300297,2013/12/31,2.309956
300219,2013/12/31,1.495568
300344,2013/12/31,1.405367
300270,2013/12/31,1.978735
300171,2013/12/31,1.403491
300183,2013/12/31,1.726021
300137,2013/12/31,2.855961
300266,2013/12/31,1.495391
300351,2013/12/31,1.519339
300308,2013/12/31,1.434952
300187,2013/12/31,1.993209
300161,2013/12/31,1.63636
300057,2013/12/31,1.464058
300175,2013/12/31,1.620921
300020,2013/12/31,2.934848
300028,2013/12/31,1.745101
300122,2013/12/31,3.357596
300061,2013/12/31,1.742682
300157,2013/12/31,2.441704
300279,2013/12/31,1.81506
300049,2013/12/31,2.698037
300128,2013/12/31,2.974226
300208,2013/12/31,1.50712
300260,2013/12/31,1.267166
300025,2013/12/31,1.718282
300312,2013/12/31,1.488352
300166,2013/12/31,1.723863
300178,2013/12/31,2.053574
300217,2013/12/31,1.647484
300139,2013/12/31,2.020065
300276,2013/12/31,1.665784
300094,2013/12/31,1.431716
300332,2013/12/31,2.374944
300315,2013/12/31,5.573766
300189,2013/12/31,1.392085
300293,2013/12/31,1.452435
300022,2013/12/31,1.416838
300156,2013/12/31,1.372256
300167,2013/12/31,2.265492
300355,2013/12/31,2.289091
300269,2013/12/31,2.089185
300277,2013/12/31,1.508506
300358,2014/12/31,1.662278
300208,2014/12/31,2.376833
300056,2014/12/31,3.465562
300196,2014/12/31,2.258576
300131,2014/12/31,4.269611
300286,2014/12/31,2.02037
300390,2014/12/31,2.24751
300317,2014/12/31,1.910607
300294,2014/12/31,2.494588
300198,2014/12/31,1.951206
300239,2014/12/31,3.142962
300357,2014/12/31,3.291971
300242,2014/12/31,4.550493
300193,2014/12/31,1.467189
300238,2014/12/31,6.863804
300241,2014/12/31,1.923716
300335,2014/12/31,2.559693
300353,2014/12/31,3.262279
300030,2014/12/31,3.199471
300256,2014/12/31,1.252541
300125,2014/12/31,1.257346
300179,2014/12/31,2.112812
300204,2014/12/31,3.33465
300363,2014/12/31,1.791485
300299,2014/12/31,2.323971
300144,2014/12/31,2.212168
300201,2014/12/31,2.579664
300146,2014/12/31,3.71287
300253,2014/12/31,8.73467
300226,2014/12/31,5.661742
300267,2014/12/31,5.550318
300009,2014/12/31,4.088118
300351,2014/12/31,2.25578
300328,2014/12/31,1.83378
300134,2014/12/31,4.078793
300140,2014/12/31,2.914466
300054,2014/12/31,2.911982
300139,2014/12/31,3.0399
300055,2014/12/31,2.583827
300141,2014/12/31,2.109081
300227,2014/12/31,4.557496
300289,2014/12/31,1.744808
300127,2014/12/31,2.722804
300365,2014/12/31,1.986907
300322,2014/12/31,2.607205
300295,2014/12/31,3.695118
300379,2014/12/31,1.914962
300345,2014/12/31,1.97631
300316,2014/12/31,2.236206
300221,2014/12/31,2.37017
300121,2014/12/31,1.688025
300237,2014/12/31,1.388727
300199,2014/12/31,3.791852
300406,2014/12/31,2.614309
300165,2014/12/31,1.695762
300184,2014/12/31,1.923069
300072,2014/12/31,2.742756
300305,2014/12/31,1.298297
300303,2014/12/31,2.327609
300017,2014/12/31,5.742091
300111,2014/12/31,2.19075
300190,2014/12/31,2.311765
300380,2014/12/31,3.042916
300067,2014/12/31,2.219324
300247,2014/12/31,2.197914
300209,2014/12/31,2.283251
300216,2014/12/31,3.259175
300341,2014/12/31,2.109834
300281,2014/12/31,1.55011
300172,2014/12/31,2.286875
300395,2014/12/31,1.935944
300298,2014/12/31,2.348386
300074,2014/12/31,2.925757
300323,2014/12/31,1.273331
300398,2014/12/31,2.237837
300225,2014/12/31,2.227214
300133,2014/12/31,2.701808
300195,2014/12/31,1.326805
300003,2014/12/31,4.537199
300046,2014/12/31,2.011472
300105,2014/12/31,2.336117
300078,2014/12/31,1.723952
300164,2014/12/31,1.980241
300006,2014/12/31,2.492056
300124,2014/12/31,4.154764
300288,2014/12/31,5.053874
300031,2014/12/31,2.099209
300058,2014/12/31,1.939202
300178,2014/12/31,2.554576
300043,2014/12/31,1.641025
300095,2014/12/31,1.761077
300019,2014/12/31,2.588511
300142,2014/12/31,1.741382
300396,2014/12/31,1.970524
300349,2014/12/31,1.78226
300254,2014/12/31,2.338096
300073,2014/12/31,2.946893
300101,2014/12/31,4.571144
300037,2014/12/31,2.31596
300166,2014/12/31,2.932425
300231,2014/12/31,5.536493
300275,2014/12/31,2.430671
300272,2014/12/31,3.393114
300068,2014/12/31,1.419647
300255,2014/12/31,2.761415
300249,2014/12/31,1.438076
300138,2014/12/31,1.450018
300154,2014/12/31,1.732332
300284,2014/12/31,1.430723
300283,2014/12/31,1.51053
300212,2014/12/31,3.188857
300412,2014/12/31,1.379351
300403,2014/12/31,1.969331
300271,2014/12/31,2.88619
300039,2014/12/31,3.149549
300304,2014/12/31,1.475589
300339,2014/12/31,1.797396
300384,2014/12/31,1.570698
300332,2014/12/31,1.854271
300310,2014/12/31,1.705142
300048,2014/12/31,2.212936
300210,2014/12/31,1.789147
300293,2014/12/31,1.506792
300081,2014/12/31,2.832155
300066,2014/12/31,2.657922
300207,2014/12/31,1.550481
300222,2014/12/31,1.850909
300071,2014/12/31,2.807811
300113,2014/12/31,3.128089
300218,2014/12/31,1.459901
300032,2014/12/31,2.083328
300188,2014/12/31,3.022304
300090,2014/12/31,1.6043
300114,2014/12/31,3.338583
300181,2014/12/31,2.986597
300334,2014/12/31,2.475199
300200,2014/12/31,3.523053
300027,2014/12/31,2.907851
300392,2014/12/31,2.529791
300393,2014/12/31,1.727808
300180,2014/12/31,1.882406
300047,2014/12/31,1.944804
300264,2014/12/31,2.414493
300163,2014/12/31,1.603287
300338,2014/12/31,1.503094
300250,2014/12/31,3.323058
300259,2014/12/31,2.458504
300038,2014/12/31,1.676176
300194,2014/12/31,1.96704
300007,2014/12/31,1.896117
300360,2014/12/31,1.756674
300378,2014/12/31,1.747169
300223,2014/12/31,2.205537
300290,2014/12/31,2.546374
300126,2014/12/31,2.338044
300401,2014/12/31,1.82243
300306,2014/12/31,1.551443
300008,2014/12/31,2.108542
300092,2014/12/31,1.731165
300354,2014/12/31,2.487669
300234,2014/12/31,3.121285
300130,2014/12/31,1.765386
300103,2014/12/31,2.162267
300109,2014/12/31,4.553734
300036,2014/12/31,2.748398
300120,2014/12/31,2.270984
300091,2014/12/31,2.70865
300016,2014/12/31,4.466082
300287,2014/12/31,1.876999
300325,2014/12/31,1.595941
300327,2014/12/31,2.521399
300104,2014/12/31,2.533088
300082,2014/12/31,1.247114
300080,2014/12/31,1.119271
300115,2014/12/31,2.859209
300026,2014/12/31,3.753455
300044,2014/12/31,2.498242
300400,2014/12/31,2.209518
300375,2014/12/31,1.567321
300015,2014/12/31,6.001471
300042,2014/12/31,1.792604
300215,2014/12/31,1.917814
300168,2014/12/31,6.531225
300269,2014/12/31,1.893223
300098,2014/12/31,2.27876
300232,2014/12/31,1.942532
300174,2014/12/31,1.782205
300376,2014/12/31,1.493449
300265,2014/12/31,2.011791
300108,2014/12/31,1.297607
300399,2014/12/31,2.949667
300150,2014/12/31,2.166589
300050,2014/12/31,1.338658
300371,2014/12/31,2.047257
300233,2014/12/31,2.851364
300388,2014/12/31,1.296712
300118,2014/12/31,1.226039
300145,2014/12/31,2.347948
300213,2014/12/31,2.814104
300224,2014/12/31,3.119835
300301,2014/12/31,1.544401
300382,2014/12/31,1.813078
300321,2014/12/31,2.052478
300389,2014/12/31,1.829487
300001,2014/12/31,2.868624
300116,2014/12/31,1.443075
300342,2014/12/31,1.896857
300240,2014/12/31,1.522975
300106,2014/12/31,1.747016
300077,2014/12/31,2.499183
300205,2014/12/31,3.294781
300119,2014/12/31,1.521967
300012,2014/12/31,3.056314
300329,2014/12/31,2.138591
300314,2014/12/31,2.101373
300024,2014/12/31,8.109784
300245,2014/12/31,2.837764
300211,2014/12/31,2.113891
300203,2014/12/31,3.223958
300170,2014/12/31,3.327146
300085,2014/12/31,5.296832
300291,2014/12/31,1.754706
300246,2014/12/31,4.745143
300051,2014/12/31,3.236218
300087,2014/12/31,1.614041
300148,2014/12/31,2.428115
300010,2014/12/31,2.479876
300279,2014/12/31,1.928682
300347,2014/12/31,3.253372
300034,2014/12/31,4.979462
300261,2014/12/31,3.288674
300312,2014/12/31,1.645542
300107,2014/12/31,2.216407
300407,2014/12/31,1.791189
300089,2014/12/31,1.47101
300214,2014/12/31,1.492935
300057,2014/12/31,1.239994
300185,2014/12/31,1.165653
300405,2014/12/31,1.426095
300153,2014/12/31,2.038586
300274,2014/12/31,2.167736
300331,2014/12/31,2.886975
300005,2014/12/31,3.941651
300132,2014/12/31,2.191312
300136,2014/12/31,4.086141
300251,2014/12/31,4.861071
300189,2014/12/31,1.895446
300065,2014/12/31,3.632436
300262,2014/12/31,3.451233
300243,2014/12/31,1.862314
300158,2014/12/31,1.256108
300040,2014/12/31,1.525731
300149,2014/12/31,2.126773
300391,2014/12/31,1.668653
300206,2014/12/31,2.052883
300062,2014/12/31,1.505952
300340,2014/12/31,1.667959
300300,2014/12/31,2.266561
300021,2014/12/31,2.292377
300110,2014/12/31,2.213768
300129,2014/12/31,1.32503
300173,2014/12/31,1.543573
300135,2014/12/31,1.797562
300258,2014/12/31,2.119371
300368,2014/12/31,2.431923
300084,2014/12/31,2.221935
300177,2014/12/31,2.980571
300088,2014/12/31,2.560977
300235,2014/12/31,4.09766
300202,2014/12/31,7.749418
300408,2014/12/31,1.430255
300285,2014/12/31,1.832125
300336,2014/12/31,2.10904
300197,2014/12/31,1.606017
300302,2014/12/31,2.148498
300409,2014/12/31,1.777346
300022,2014/12/31,2.161775
300260,2014/12/31,1.441682
300122,2014/12/31,2.995153
300069,2014/12/31,1.977067
300318,2014/12/31,2.00868
300383,2014/12/31,2.150604
300161,2014/12/31,2.056128
300086,2014/12/31,2.04138
300083,2014/12/31,1.27918
300280,2014/12/31,1.800572
300100,2014/12/31,1.404986
300093,2014/12/31,1.819843
300096,2014/12/31,3.73551
300045,2014/12/31,3.04587
300276,2014/12/31,2.562297
300097,2014/12/31,2.899924
300257,2014/12/31,3.554032
300075,2014/12/31,2.674711
300079,2014/12/31,2.444623
300346,2014/12/31,1.518611
300333,2014/12/31,2.803196
300311,2014/12/31,2.121493
300175,2014/12/31,2.46867
300330,2014/12/31,2.707962
300167,2014/12/31,2.386307
300147,2014/12/31,2.841773
300356,2014/12/31,1.394106
300052,2014/12/31,3.79557
300018,2014/12/31,2.655569
300410,2014/12/31,1.276959
300381,2014/12/31,1.522429
300169,2014/12/31,1.419574
300373,2014/12/31,1.933168
300014,2014/12/31,3.100811
300128,2014/12/31,1.692737
300348,2014/12/31,2.788843
300099,2014/12/31,1.868168
300297,2014/12/31,2.266938
300061,2014/12/31,1.996712
300229,2014/12/31,2.714832
300041,2014/12/31,2.375409
300152,2014/12/31,1.518032
300162,2014/12/31,5.549754
300411,2014/12/31,1.284083
300076,2014/12/31,2.151991
300176,2014/12/31,1.53532
300387,2014/12/31,1.72825
300236,2014/12/31,3.045944
300220,2014/12/31,4.894438
300402,2014/12/31,1.465743
300013,2014/12/31,3.172624
300385,2014/12/31,1.76204
300004,2014/12/31,2.055647
300355,2014/12/31,1.715318
300352,2014/12/31,4.373735
300053,2014/12/31,3.96921
300326,2014/12/31,1.705582
300117,2014/12/31,1.256085
300191,2014/12/31,2.490357
300277,2014/12/31,1.715437
300020,2014/12/31,2.228504
300268,2014/12/31,1.621693
300217,2014/12/31,1.935694
300337,2014/12/31,1.436195
300263,2014/12/31,1.898429
300070,2014/12/31,2.787074
300230,2014/12/31,1.967417
300219,2014/12/31,1.609093
300344,2014/12/31,1.522359
300035,2014/12/31,1.709598
300308,2014/12/31,2.155435
300137,2014/12/31,3.634702
300377,2014/12/31,3.253561
300369,2014/12/31,2.275915
300270,2014/12/31,2.327058
300266,2014/12/31,2.46972
300157,2014/12/31,1.853661
300171,2014/12/31,1.551858
300366,2014/12/31,2.210338
300182,2014/12/31,2.389673
300002,2014/12/31,2.698414
300155,2014/12/31,2.899752
300307,2014/12/31,1.143764
300320,2014/12/31,1.863025
300228,2014/12/31,2.285414
300151,2014/12/31,2.281962
300049,2014/12/31,3.093182
300273,2014/12/31,4.239322
300187,2014/12/31,4.291754
300362,2014/12/31,1.35568
300386,2014/12/31,2.249543
300123,2014/12/31,2.355969
300397,2014/12/31,2.421926
300282,2014/12/31,1.271853
300186,2014/12/31,1.625893
300102,2014/12/31,1.525429
300094,2014/12/31,1.615864
300401,2015/12/31,3.979634
300301,2015/12/31,1.741807
300298,2015/12/31,5.511035
300125,2015/12/31,2.064029
300131,2015/12/31,3.073424
300227,2015/12/31,8.586718
300450,2015/12/31,2.862547
300437,2015/12/31,4.4493
300376,2015/12/31,1.601718
300118,2015/12/31,1.507016
300161,2015/12/31,4.215024
300271,2015/12/31,4.547221
300443,2015/12/31,2.938704
300363,2015/12/31,2.466145
300132,2015/12/31,3.564729
300140,2015/12/31,5.402606
300453,2015/12/31,3.074832
300278,2015/12/31,2.380669
300121,2015/12/31,2.641207
300175,2015/12/31,4.741342
300233,2015/12/31,4.108125
300095,2015/12/31,3.388003
300243,2015/12/31,2.927576
300336,2015/12/31,5.156313
300193,2015/12/31,2.391138
300228,2015/12/31,2.387958
300259,2015/12/31,3.661026
300146,2015/12/31,3.21805
300014,2015/12/31,4.927453
300144,2015/12/31,5.25135
300191,2015/12/31,7.654224
300122,2015/12/31,4.754656
300204,2015/12/31,5.851296
300203,2015/12/31,4.136081
300077,2015/12/31,3.925392
300432,2015/12/31,2.544582
300009,2015/12/31,8.027171
300441,2015/12/31,3.869085
300485,2015/12/31,3.024
300283,2015/12/31,2.873069
300163,2015/12/31,3.761721
300148,2015/12/31,3.11196
300335,2015/12/31,2.631862
300414,2015/12/31,3.15972
300105,2015/12/31,2.30622
300314,2015/12/31,6.362101
300316,2015/12/31,5.317864
300024,2015/12/31,6.894379
300430,2015/12/31,2.392918
300245,2015/12/31,9.198887
300111,2015/12/31,2.975137
300457,2015/12/31,2.85699
300116,2015/12/31,2.637433
300360,2015/12/31,2.433783
300322,2015/12/31,6.061284
300073,2015/12/31,3.927099
300421,2015/12/31,2.322299
300408,2015/12/31,4.142621
300383,2015/12/31,8.954064
300244,2015/12/31,6.142758
300375,2015/12/31,1.925861
300068,2015/12/31,1.900137
300172,2015/12/31,3.138984
300087,2015/12/31,3.076122
300176,2015/12/31,2.245306
300403,2015/12/31,3.225009
300072,2015/12/31,2.616979
300216,2015/12/31,4.612716
300080,2015/12/31,1.320588
300428,2015/12/31,2.508571
300143,2015/12/31,2.117816
300458,2015/12/31,3.451925
300422,2015/12/31,2.254241
300225,2015/12/31,3.238224
300393,2015/12/31,1.951953
300398,2015/12/31,3.621635
300149,2015/12/31,8.495822
300120,2015/12/31,3.87746
300488,2015/12/31,2.555769
300104,2015/12/31,4.606765
300215,2015/12/31,3.238251
300472,2015/12/31,2.74232
300296,2015/12/31,2.51902
300255,2015/12/31,3.002359
300184,2015/12/31,4.942622
300019,2015/12/31,4.091831
300045,2015/12/31,7.531436
300256,2015/12/31,1.322851
300101,2015/12/31,10.066129
300037,2015/12/31,3.242096
300466,2015/12/31,2.913493
300017,2015/12/31,9.109029
300213,2015/12/31,3.615105
300249,2015/12/31,2.426519
300491,2015/12/31,1.38554
300368,2015/12/31,3.711907
300056,2015/12/31,3.744757
300034,2015/12/31,5.526343
300410,2015/12/31,3.753412
300026,2015/12/31,2.604476
300262,2015/12/31,3.141834
300114,2015/12/31,6.036566
300027,2015/12/31,2.781726
300210,2015/12/31,1.920742
300209,2015/12/31,5.453965
300067,2015/12/31,3.137419
300455,2015/12/31,3.035439
300293,2015/12/31,2.467875
300320,2015/12/31,3.70935
300117,2015/12/31,1.672318
300392,2015/12/31,5.129316
300066,2015/12/31,5.342914
300237,2015/12/31,1.868526
300339,2015/12/31,2.594218
300207,2015/12/31,2.845366
300150,2015/12/31,3.447653
300139,2015/12/31,2.95677
300476,2015/12/31,1.864809
300052,2015/12/31,6.19983
300482,2015/12/31,4.117427
300208,2015/12/31,7.403661
300286,2015/12/31,4.71874
300160,2015/12/31,5.139108
300253,2015/12/31,9.893151
300127,2015/12/31,3.91191
300190,2015/12/31,3.303534
300008,2015/12/31,3.425068
300147,2015/12/31,3.788636
300289,2015/12/31,4.174668
300200,2015/12/31,4.354223
300373,2015/12/31,2.854028
300436,2015/12/31,4.716
300475,2015/12/31,2.046184
300451,2015/12/31,4.188687
300218,2015/12/31,2.191362
300378,2015/12/31,2.733383
300495,2015/12/31,1.71015
300354,2015/12/31,8.406492
300291,2015/12/31,4.016683
300103,2015/12/31,2.8887
300416,2015/12/31,2.918213
300138,2015/12/31,1.923906
300284,2015/12/31,1.995392
300480,2015/12/31,3.674156
300044,2015/12/31,3.803231
300223,2015/12/31,3.621209
300328,2015/12/31,8.743755
300307,2015/12/31,3.175613
300230,2015/12/31,3.00952
300089,2015/12/31,3.488092
300015,2015/12/31,7.969453
300039,2015/12/31,3.870958
300390,2015/12/31,2.86647
300290,2015/12/31,4.222738
300093,2015/12/31,4.66381
300229,2015/12/31,7.470803
300177,2015/12/31,3.243336
300134,2015/12/31,4.599474
300071,2015/12/31,3.072565
300115,2015/12/31,3.811303
300481,2015/12/31,3.184197
300338,2015/12/31,3.760957
300007,2015/12/31,2.88202
300386,2015/12/31,2.851684
300469,2015/12/31,3.853742
300099,2015/12/31,4.558051
300412,2015/12/31,3.308273
300382,2015/12/31,2.5851
300231,2015/12/31,11.078634
300239,2015/12/31,4.766651
300078,2015/12/31,6.164366
300057,2015/12/31,1.672113
300317,2015/12/31,1.266205
300299,2015/12/31,4.995363
300221,2015/12/31,4.579721
300047,2015/12/31,3.477363
300327,2015/12/31,9.32057
300419,2015/12/31,2.13917
300214,2015/12/31,2.46525
300217,2015/12/31,2.48647
300277,2015/12/31,6.312414
300133,2015/12/31,3.089568
300018,2015/12/31,3.913536
300425,2015/12/31,2.066437
300406,2015/12/31,4.431652
300065,2015/12/31,4.337116
300090,2015/12/31,1.358691
300003,2015/12/31,3.842577
300145,2015/12/31,2.222639
300442,2015/12/31,2.103904
300479,2015/12/31,5.135203
300050,2015/12/31,2.626322
300371,2015/12/31,3.002694
300074,2015/12/31,5.450052
300076,2015/12/31,5.542668
300051,2015/12/31,4.666107
300107,2015/12/31,3.30295
300112,2015/12/31,3.396234
300174,2015/12/31,3.22543
300257,2015/12/31,6.191192
300267,2015/12/31,4.489994
300041,2015/12/31,2.388448
300187,2015/12/31,5.058952
300420,2015/12/31,1.752378
300424,2015/12/31,3.425935
300415,2015/12/31,1.833294
300357,2015/12/31,6.46656
300294,2015/12/31,3.071121
300242,2015/12/31,2.975445
300181,2015/12/31,3.039406
300212,2015/12/31,3.54013
300195,2015/12/31,1.58277
300490,2015/12/31,1.191465
300097,2015/12/31,2.515843
300046,2015/12/31,4.264118
300011,2015/12/31,3.888864
300396,2015/12/31,1.959203
300389,2015/12/31,2.51245
300325,2015/12/31,3.683609
300303,2015/12/31,2.666878
300156,2015/12/31,4.662078
300426,2015/12/31,3.067652
300136,2015/12/31,6.739597
300473,2015/12/31,1.987485
300418,2015/12/31,3.721532
300394,2015/12/31,3.291981
300240,2015/12/31,3.510382
300211,2015/12/31,4.976216
300341,2015/12/31,5.207683
300124,2015/12/31,5.37098
300434,2015/12/31,3.319352
300400,2015/12/31,6.501954
300359,2015/12/31,3.644978
300085,2015/12/31,12.539434
300031,2015/12/31,7.066529
300334,2015/12/31,3.417058
300251,2015/12/31,4.818678
300438,2015/12/31,2.74807
300100,2015/12/31,2.712911
300330,2015/12/31,6.787708
300012,2015/12/31,4.711769
300358,2015/12/31,2.002073
300205,2015/12/31,5.55124
300084,2015/12/31,2.203355
300126,2015/12/31,3.367295
300058,2015/12/31,2.046891
300356,2015/12/31,3.476108
300021,2015/12/31,2.368797
300470,2015/12/31,2.428074
300435,2015/12/31,2.481036
300387,2015/12/31,1.93068
300088,2015/12/31,3.200828
300070,2015/12/31,2.45403
300202,2015/12/31,7.75498
300295,2015/12/31,7.314906
300427,2015/12/31,3.010579
300282,2015/12/31,3.158134
300224,2015/12/31,3.958268
300493,2015/12/31,2.736738
300448,2015/12/31,3.758304
300340,2015/12/31,3.333672
300348,2015/12/31,5.170863
300096,2015/12/31,11.0606
300110,2015/12/31,3.819903
300196,2015/12/31,2.343726
300241,2015/12/31,3.02999
300098,2015/12/31,2.949945
300380,2015/12/31,6.924526
300347,2015/12/31,6.145794
300477,2015/12/31,1.767894
300391,2015/12/31,2.489056
300498,2015/12/31,1.306932
300285,2015/12/31,9.587843
300395,2015/12/31,5.855254
300219,2015/12/31,3.099946
300159,2015/12/31,1.89768
300010,2015/12/31,5.601151
300197,2015/12/31,1.830284
300086,2015/12/31,3.803654
300319,2015/12/31,1.925317
300269,2015/12/31,2.535337
300352,2015/12/31,10.972422
300020,2015/12/31,3.321622
300254,2015/12/31,3.373973
300449,2015/12/31,3.014156
300384,2015/12/31,3.787469
300311,2015/12/31,3.956386
300032,2015/12/31,5.03335
300246,2015/12/31,8.043844
300263,2015/12/31,2.501078
300171,2015/12/31,2.981095
300130,2015/12/31,3.601842
300346,2015/12/31,3.786595
300236,2015/12/31,5.39459
300250,2015/12/31,4.314491
300261,2015/12/31,4.090163
300281,2015/12/31,2.643844
300312,2015/12/31,2.976236
300075,2015/12/31,4.748351
300423,2015/12/31,2.652516
300079,2015/12/31,3.852968
300258,2015/12/31,2.808726
300040,2015/12/31,1.752485
300315,2015/12/31,3.3329
300494,2015/12/31,1.678474
300165,2015/12/31,2.589305
300153,2015/12/31,2.797054
300061,2015/12/31,4.954049
300164,2015/12/31,2.012008
300304,2015/12/31,4.842924
300397,2015/12/31,3.251686
300276,2015/12/31,6.281811
300417,2015/12/31,3.454072
300333,2015/12/31,17.886489
300042,2015/12/31,5.205133
300452,2015/12/31,3.506385
300411,2015/12/31,2.499813
300381,2015/12/31,1.453562
300332,2015/12/31,2.397814
300489,2015/12/31,2.752151
300460,2015/12/31,2.567785
300234,2015/12/31,4.655999
300113,2015/12/31,10.031583
300129,2015/12/31,1.985014
300108,2015/12/31,2.167838
300198,2015/12/31,3.112506
300185,2015/12/31,1.438639
300035,2015/12/31,3.402943
300106,2015/12/31,2.106563
300468,2015/12/31,3.313013
300265,2015/12/31,4.348571
300248,2015/12/31,5.376601
300374,2015/12/31,1.996052
300268,2015/12/31,11.920006
300467,2015/12/31,8.069163
300366,2015/12/31,2.453116
300173,2015/12/31,3.288311
300232,2015/12/31,3.851372
300006,2015/12/31,2.306302
300492,2015/12/31,1.725747
300308,2015/12/31,7.777669
300350,2015/12/31,2.409255
300182,2015/12/31,3.068327
300166,2015/12/31,4.484112
300128,2015/12/31,2.757854
300433,2015/12/31,1.223153
300369,2015/12/31,3.145941
300119,2015/12/31,2.344695
300038,2015/12/31,2.710559
300413,2015/12/31,2.054527
300310,2015/12/31,8.251383
300053,2015/12/31,4.903927
300151,2015/12/31,6.506585
300043,2015/12/31,4.298194
300388,2015/12/31,1.976802
300167,2015/12/31,5.647618
300444,2015/12/31,2.701764
300353,2015/12/31,4.080757
300486,2015/12/31,2.648455
300487,2015/12/31,2.477389
300355,2015/12/31,1.705937
300188,2015/12/31,6.834067
300440,2015/12/31,2.321589
300192,2015/12/31,3.915642
300402,2015/12/31,1.651867
300141,2015/12/31,3.826321
300462,2015/12/31,2.839709
300496,2015/12/31,3.722365
300083,2015/12/31,1.767198
300377,2015/12/31,7.644321
300370,2015/12/31,2.349238
300170,2015/12/31,6.245985
300465,2015/12/31,4.132068
300409,2015/12/31,3.140916
300178,2015/12/31,5.190703
300288,2015/12/31,8.951657
300091,2015/12/31,3.274896
300252,2015/12/31,5.289197
300337,2015/12/31,3.101422
300169,2015/12/31,2.47901
300302,2015/12/31,9.02412
300048,2015/12/31,2.332575
300005,2015/12/31,3.625405
300109,2015/12/31,7.321602
300471,2015/12/31,1.813109
300183,2015/12/31,3.258711
300405,2015/12/31,2.305941
300155,2015/12/31,4.01937
300497,2015/12/31,1.619503
300275,2015/12/31,5.11176
300329,2015/12/31,4.378736
300305,2015/12/31,2.045114
300279,2015/12/31,2.941413
300445,2015/12/31,3.708021
300226,2015/12/31,4.787918
300004,2015/12/31,2.727165
300483,2015/12/31,2.542505
300345,2015/12/31,4.581787
300399,2015/12/31,6.234494
300180,2015/12/31,2.25326
300168,2015/12/31,7.137508
300273,2015/12/31,3.452433
300102,2015/12/31,1.887663
300123,2015/12/31,2.896578
300362,2015/12/31,1.552676
300002,2015/12/31,2.918458
300379,2015/12/31,8.338161
300478,2015/12/31,2.5908
300323,2015/12/31,2.234164
300272,2015/12/31,4.882645
300154,2015/12/31,2.911296
300001,2015/12/31,4.390358
300447,2015/12/31,3.817653
300292,2015/12/31,1.96303
300321,2015/12/31,5.666488
300297,2015/12/31,6.310826
300022,2015/12/31,2.354657
300364,2015/12/31,6.929024
300201,2015/12/31,5.745828
300206,2015/12/31,3.095885
300220,2015/12/31,6.509909
300094,2015/12/31,3.650545
300157,2015/12/31,1.975877
300385,2015/12/31,2.379648
300463,2015/12/31,2.685708
300158,2015/12/31,1.927885
300266,2015/12/31,9.348101
300063,2015/12/31,2.285542
300464,2015/12/31,2.407312
300137,2015/12/31,3.910834
300152,2015/12/31,2.944291
300404,2015/12/31,3.669948
300264,2015/12/31,7.377605
300372,2015/12/31,2.134923
300030,2015/12/31,3.775161
300189,2015/12/31,3.082226
300260,2015/12/31,2.27162
300274,2015/12/31,2.565641
300461,2015/12/31,3.788933
300342,2015/12/31,8.469218
300055,2015/12/31,2.541519
300082,2015/12/31,1.548069
300270,2015/12/31,5.007706
300179,2015/12/31,4.519303
300199,2015/12/31,4.032041
300300,2015/12/31,5.879862
300439,2015/12/31,3.129253
300016,2015/12/31,8.738035
300343,2015/12/31,2.404907
300429,2015/12/31,5.013647
300287,2015/12/31,2.833394
300142,2015/12/31,2.800334
300318,2015/12/31,3.27965
300013,2015/12/31,2.677798
300135,2015/12/31,2.922162
300561,2016/12/31,3.14078
300401,2016/12/31,4.723812
300304,2016/12/31,4.614718
300411,2016/12/31,3.832409
300385,2016/12/31,1.883132
300131,2016/12/31,2.350024
300264,2016/12/31,4.221527
300184,2016/12/31,2.864154
300409,2016/12/31,2.433271
300398,2016/12/31,2.993231
300391,2016/12/31,2.619377
300510,2016/12/31,2.683755
300046,2016/12/31,3.526893
300416,2016/12/31,3.400305
300286,2016/12/31,4.060622
300121,2016/12/31,4.048239
300363,2016/12/31,1.856333
300568,2016/12/31,2.140344
300453,2016/12/31,3.277178
300095,2016/12/31,2.175842
300487,2016/12/31,2.74989
300238,2016/12/31,4.217746
300016,2016/12/31,5.175847
300111,2016/12/31,2.635596
300102,2016/12/31,1.891471
300039,2016/12/31,2.847114
300144,2016/12/31,3.443354
300014,2016/12/31,3.268286
300146,2016/12/31,2.429529
300376,2016/12/31,1.566921
300557,2016/12/31,2.590502
300365,2016/12/31,3.372514
300562,2016/12/31,2.87746
300128,2016/12/31,2.152278
300420,2016/12/31,2.271111
300149,2016/12/31,9.987961
300169,2016/12/31,1.99439
300447,2016/12/31,3.913096
300050,2016/12/31,2.162723
300116,2016/12/31,1.171345
300444,2016/12/31,2.22471
300501,2016/12/31,2.81684
300305,2016/12/31,1.835746
300482,2016/12/31,8.319932
300423,2016/12/31,3.144158
300493,2016/12/31,3.761447
300221,2016/12/31,5.337001
300422,2016/12/31,2.028682
300207,2016/12/31,2.022074
300476,2016/12/31,2.362141
300024,2016/12/31,4.799253
300386,2016/12/31,2.847681
300068,2016/12/31,1.710729
300472,2016/12/31,2.671762
300073,2016/12/31,3.697699
300069,2016/12/31,5.402961
300520,2016/12/31,2.575875
300122,2016/12/31,5.735851
300114,2016/12/31,4.00584
300172,2016/12/31,2.517291
300017,2016/12/31,3.673806
300511,2016/12/31,1.605968
300285,2016/12/31,4.058273
300334,2016/12/31,2.580394
300310,2016/12/31,2.388839
300457,2016/12/31,2.695362
300419,2016/12/31,1.953664
300066,2016/12/31,3.732605
300072,2016/12/31,2.974168
300518,2016/12/31,3.120022
300271,2016/12/31,3.350486
300403,2016/12/31,3.067425
300328,2016/12/31,4.560623
300080,2016/12/31,1.268225
300375,2016/12/31,1.862387
300031,2016/12/31,2.050398
300018,2016/12/31,2.80806
300394,2016/12/31,3.358519
300374,2016/12/31,2.554165
300204,2016/12/31,3.711609
300383,2016/12/31,1.633202
300436,2016/12/31,5.007923
300234,2016/12/31,4.200756
300125,2016/12/31,2.082512
300395,2016/12/31,3.566606
300507,2016/12/31,2.645822
300563,2016/12/31,2.630078
300559,2016/12/31,2.627264
300371,2016/12/31,3.046235
300224,2016/12/31,3.103016
300067,2016/12/31,2.627003
300110,2016/12/31,4.146387
300181,2016/12/31,2.306954
300491,2016/12/31,3.454108
300269,2016/12/31,1.504159
300105,2016/12/31,2.136349
300101,2016/12/31,9.093029
300034,2016/12/31,4.771264
300294,2016/12/31,3.754607
300225,2016/12/31,4.53886
300427,2016/12/31,2.582918
300534,2016/12/31,2.580392
300052,2016/12/31,5.749496
300288,2016/12/31,3.949999
300036,2016/12/31,2.914479
300452,2016/12/31,4.239555
300317,2016/12/31,1.363295
300115,2016/12/31,3.354331
300434,2016/12/31,3.244418
300342,2016/12/31,4.770812
300108,2016/12/31,1.829925
300543,2016/12/31,2.62933
300193,2016/12/31,1.772504
300396,2016/12/31,1.722222
300350,2016/12/31,1.793794
300256,2016/12/31,1.298656
300113,2016/12/31,3.980473
300303,2016/12/31,2.019532
300218,2016/12/31,1.993227
300324,2016/12/31,2.237428
300019,2016/12/31,3.680179
300147,2016/12/31,1.605937
300175,2016/12/31,5.460545
300227,2016/12/31,4.215811
300182,2016/12/31,1.517357
300278,2016/12/31,1.994182
300045,2016/12/31,4.050758
300552,2016/12/31,2.222003
300223,2016/12/31,4.622202
300156,2016/12/31,4.213211
300341,2016/12/31,3.90754
300215,2016/12/31,2.521935
300567,2016/12/31,2.803016
300037,2016/12/31,2.45135
300244,2016/12/31,2.584272
300044,2016/12/31,2.352282
300026,2016/12/31,2.05114
300235,2016/12/31,6.403235
300319,2016/12/31,2.380804
300370,2016/12/31,1.658624
300406,2016/12/31,3.688753
300451,2016/12/31,4.476178
300027,2016/12/31,1.714118
300188,2016/12/31,2.879983
300336,2016/12/31,2.446285
300103,2016/12/31,3.68498
300086,2016/12/31,2.951829
300495,2016/12/31,1.595162
300159,2016/12/31,1.921179
300335,2016/12/31,2.113324
300296,2016/12/31,2.339277
300575,2016/12/31,1.657841
300127,2016/12/31,3.580201
300092,2016/12/31,3.688698
300338,2016/12/31,4.936982
300443,2016/12/31,2.457008
300373,2016/12/31,1.797787
300041,2016/12/31,2.188737
300009,2016/12/31,4.07321
300455,2016/12/31,2.871311
300539,2016/12/31,2.87615
300008,2016/12/31,1.642104
300378,2016/12/31,2.568437
300241,2016/12/31,2.071756
300222,2016/12/31,1.857467
300174,2016/12/31,4.534959
300259,2016/12/31,1.876399
300320,2016/12/31,3.858541
300030,2016/12/31,2.846891
300229,2016/12/31,3.686344
300120,2016/12/31,3.656908
300176,2016/12/31,2.443323
300475,2016/12/31,1.832766
300077,2016/12/31,2.79455
300078,2016/12/31,2.828242
300474,2016/12/31,4.582771
300327,2016/12/31,7.763552
300313,2016/12/31,4.611205
300431,2016/12/31,4.226373
300290,2016/12/31,2.597073
300298,2016/12/31,3.44336
300448,2016/12/31,2.943276
300516,2016/12/31,2.909519
300547,2016/12/31,2.3492
300283,2016/12/31,2.402112
300062,2016/12/31,2.242886
300210,2016/12/31,2.621773
300515,2016/12/31,3.22019
300194,2016/12/31,1.588733
300190,2016/12/31,1.672965
300233,2016/12/31,2.870523
300164,2016/12/31,1.967357
300340,2016/12/31,2.595782
300467,2016/12/31,6.32012
300035,2016/12/31,3.158642
300479,2016/12/31,4.918522
300528,2016/12/31,1.857999
300442,2016/12/31,2.322097
300379,2016/12/31,2.868292
300198,2016/12/31,2.539041
300399,2016/12/31,3.524716
300440,2016/12/31,2.324418
300226,2016/12/31,1.861322
300545,2016/12/31,3.297651
300003,2016/12/31,3.09138
300353,2016/12/31,2.056188
300503,2016/12/31,2.775647
300252,2016/12/31,2.612986
300469,2016/12/31,3.42059
300049,2016/12/31,2.316717
300051,2016/12/31,2.942491
300265,2016/12/31,2.990858
300541,2016/12/31,2.202739
300141,2016/12/31,3.150292
300163,2016/12/31,3.348139
300428,2016/12/31,2.890399
300015,2016/12/31,6.237278
300254,2016/12/31,2.557779
300558,2016/12/31,2.305109
300043,2016/12/31,2.262837
300532,2016/12/31,2.11464
300282,2016/12/31,2.079043
300231,2016/12/31,5.437879
300498,2016/12/31,3.014693
300481,2016/12/31,5.25394
300217,2016/12/31,1.847878
300535,2016/12/31,2.72861
300400,2016/12/31,5.008102
300006,2016/12/31,2.502727
300143,2016/12/31,1.648144
300458,2016/12/31,3.231232
300499,2016/12/31,2.055678
300057,2016/12/31,1.455063
300579,2016/12/31,1.670272
300325,2016/12/31,2.259152
300389,2016/12/31,2.045568
300087,2016/12/31,2.903622
300177,2016/12/31,2.691955
300306,2016/12/31,1.895994
300021,2016/12/31,1.924636
300546,2016/12/31,2.908706
300505,2016/12/31,2.907761
300538,2016/12/31,2.873209
300132,2016/12/31,4.543628
300572,2016/12/31,2.085921
300573,2016/12/31,1.7665
300134,2016/12/31,2.618665
300240,2016/12/31,2.370923
300209,2016/12/31,2.545459
300314,2016/12/31,5.206402
300124,2016/12/31,3.740077
300329,2016/12/31,4.342961
300425,2016/12/31,1.745703
300381,2016/12/31,1.53686
300345,2016/12/31,3.668995
300145,2016/12/31,2.073769
300085,2016/12/31,5.289243
300339,2016/12/31,1.871671
300089,2016/12/31,2.539153
300330,2016/12/31,6.68129
300054,2016/12/31,2.721758
300070,2016/12/31,1.761582
300205,2016/12/31,4.017866
300414,2016/12/31,3.12587
300356,2016/12/31,2.362221
300349,2016/12/31,1.896605
300570,2016/12/31,2.281163
300512,2016/12/31,1.938958
300161,2016/12/31,2.297566
300531,2016/12/31,5.294318
300548,2016/12/31,3.54646
300312,2016/12/31,2.271995
300540,2016/12/31,2.055415
300553,2016/12/31,3.854929
300358,2016/12/31,1.648534
300577,2016/12/31,1.961768
300523,2016/12/31,2.629327
300167,2016/12/31,3.857003
300364,2016/12/31,2.431103
300081,2016/12/31,3.330661
300484,2016/12/31,2.843038
300393,2016/12/31,1.97184
300368,2016/12/31,2.734264
300494,2016/12/31,2.744326
300295,2016/12/31,4.24207
300097,2016/12/31,2.836388
300560,2016/12/31,2.73337
300214,2016/12/31,2.169354
300412,2016/12/31,2.117766
300250,2016/12/31,2.485477
300502,2016/12/31,2.700482
300268,2016/12/31,20.91068
300196,2016/12/31,2.038666
300348,2016/12/31,3.699628
300247,2016/12/31,1.906953
300331,2016/12/31,2.914041
300071,2016/12/31,2.037011
300096,2016/12/31,4.766099
300001,2016/12/31,2.038832
300362,2016/12/31,1.587358
300112,2016/12/31,2.901404
300258,2016/12/31,3.027108
300211,2016/12/31,4.351922
300533,2016/12/31,2.502685
300274,2016/12/31,1.45643
300318,2016/12/31,2.888411
300519,2016/12/31,3.082719
300517,2016/12/31,2.140835
300352,2016/12/31,3.562765
300471,2016/12/31,2.146072
300284,2016/12/31,1.564756
300148,2016/12/31,2.435544
300157,2016/12/31,1.356613
300279,2016/12/31,1.993554
300083,2016/12/31,1.43984
300255,2016/12/31,2.040943
300130,2016/12/31,2.017693
300197,2016/12/31,1.637874
300366,2016/12/31,1.332604
300138,2016/12/31,1.845829
300490,2016/12/31,2.20449
300463,2016/12/31,3.082128
300257,2016/12/31,3.133078
300216,2016/12/31,2.900825
300424,2016/12/31,3.62573
300048,2016/12/31,1.62841
300407,2016/12/31,2.098706
300142,2016/12/31,2.565174
300140,2016/12/31,1.911246
300435,2016/12/31,2.260269
300346,2016/12/31,3.274231
300408,2016/12/31,3.147035
300139,2016/12/31,2.267298
300107,2016/12/31,2.981598
300464,2016/12/31,2.670771
300025,2016/12/31,1.970305
300119,2016/12/31,1.890311
300333,2016/12/31,6.319548
300239,2016/12/31,4.482063
300492,2016/12/31,4.520644
300522,2016/12/31,3.383097
300521,2016/12/31,3.112465
300410,2016/12/31,2.613483
300011,2016/12/31,3.029023
300055,2016/12/31,1.804779
300565,2016/12/31,2.287023
300388,2016/12/31,1.455163
300569,2016/12/31,1.797855
300261,2016/12/31,3.074213
300441,2016/12/31,2.194767
300117,2016/12/31,1.734092
300433,2016/12/31,1.182672
300104,2016/12/31,2.173334
300321,2016/12/31,4.878236
300004,2016/12/31,1.82198
300413,2016/12/31,2.600253
300267,2016/12/31,3.117789
300251,2016/12/31,3.205578
300308,2016/12/31,8.204232
300246,2016/12/31,5.69083
300206,2016/12/31,2.717411
300200,2016/12/31,4.313002
300555,2016/12/31,2.380395
300542,2016/12/31,2.401517
300091,2016/12/31,2.727228
300245,2016/12/31,3.833408
300263,2016/12/31,1.673254
300151,2016/12/31,3.771397
300202,2016/12/31,4.436748
300079,2016/12/31,2.364683
300529,2016/12/31,2.427696
300248,2016/12/31,3.512041
300020,2016/12/31,2.170282
300153,2016/12/31,4.497191
300500,2016/12/31,2.290771
300369,2016/12/31,2.384121
300082,2016/12/31,1.532183
300099,2016/12/31,2.222429
300065,2016/12/31,4.2397
300126,2016/12/31,2.421415
300038,2016/12/31,2.134359
300359,2016/12/31,2.701913
300173,2016/12/31,2.750048
300556,2016/12/31,3.740423
300291,2016/12/31,1.981598
300421,2016/12/31,1.88027
300354,2016/12/31,4.853421
300270,2016/12/31,3.101385
300061,2016/12/31,1.639597
300390,2016/12/31,2.327326
300253,2016/12/31,3.987147
300260,2016/12/31,2.331196
300155,2016/12/31,2.896896
300160,2016/12/31,4.445962
300461,2016/12/31,2.457041
300302,2016/12/31,6.409581
300415,2016/12/31,2.456334
300165,2016/12/31,1.932397
300002,2016/12/31,2.242948
300351,2016/12/31,2.175037
300280,2016/12/31,5.541197
300525,2016/12/31,3.799151
300360,2016/12/31,1.992717
300566,2016/12/31,1.826249
300344,2016/12/31,2.198326
300508,2016/12/31,3.900892
300322,2016/12/31,3.487133
300483,2016/12/31,4.111251
300232,2016/12/31,2.676869
300337,2016/12/31,3.215587
300275,2016/12/31,3.421143
300426,2016/12/31,2.395223
300007,2016/12/31,1.788453
300551,2016/12/31,2.552377
300266,2016/12/31,4.267083
300237,2016/12/31,1.789454
300478,2016/12/31,3.029588
300236,2016/12/31,4.883106
300307,2016/12/31,1.919256
300042,2016/12/31,4.022014
300152,2016/12/31,2.39746
300249,2016/12/31,2.464536
300418,2016/12/31,2.229619
300470,2016/12/31,2.893651
300133,2016/12/31,1.847359
300075,2016/12/31,2.71623
300497,2016/12/31,3.10743
300154,2016/12/31,2.195808
300315,2016/12/31,2.150564
300191,2016/12/31,5.973967
300530,2016/12/31,3.102292
300293,2016/12/31,4.219875
300040,2016/12/31,1.501685
300301,2016/12/31,1.604532
300063,2016/12/31,1.793444
300576,2016/12/31,1.857839
300137,2016/12/31,2.669785
300219,2016/12/31,2.292758
300074,2016/12/31,3.219563
300311,2016/12/31,3.664772
300180,2016/12/31,2.479732
300183,2016/12/31,2.771235
300549,2016/12/31,2.772388
300405,2016/12/31,1.689896
300430,2016/12/31,2.813377
300192,2016/12/31,3.624572
300489,2016/12/31,3.255368
300438,2016/12/31,2.81953
300485,2016/12/31,2.299203
300292,2016/12/31,2.25516
300429,2016/12/31,3.56796
300509,2016/12/31,1.885748
300585,2016/12/31,1.361808
300527,2016/12/31,1.8134
300171,2016/12/31,1.806925
300582,2016/12/31,1.367069
300242,2016/12/31,1.954962
300417,2016/12/31,4.249167
300168,2016/12/31,4.005604
300289,2016/12/31,2.775423
300432,2016/12/31,1.569458
300445,2016/12/31,3.238844
300488,2016/12/31,2.426593
300462,2016/12/31,3.225393
300377,2016/12/31,2.800385
300571,2016/12/31,2.550084
300158,2016/12/31,1.392813
300465,2016/12/31,3.379245
300129,2016/12/31,1.905787
300201,2016/12/31,3.242017
300208,2016/12/31,4.308712
300228,2016/12/31,1.885501
300526,2016/12/31,4.169388
300466,2016/12/31,2.862501
300468,2016/12/31,3.694374
300357,2016/12/31,4.183108
300316,2016/12/31,2.88821
300195,2016/12/31,1.427154
300203,2016/12/31,2.977312
300109,2016/12/31,3.689787
300170,2016/12/31,3.305786
300013,2016/12/31,1.97206
300010,2016/12/31,1.591066
300022,2016/12/31,2.187962
300094,2016/12/31,2.448369
300382,2016/12/31,2.257093
300460,2016/12/31,2.710247
300178,2016/12/31,2.462757
300486,2016/12/31,2.738031
300118,2016/12/31,1.496941
300230,2016/12/31,1.522638
300326,2016/12/31,3.240739
300355,2016/12/31,1.592475
300380,2016/12/31,3.799862
300185,2016/12/31,1.442227
300084,2016/12/31,1.713607
300297,2016/12/31,1.959782
300397,2016/12/31,2.302497
300456,2016/12/31,2.731568
300032,2016/12/31,1.956734
300136,2016/12/31,6.989125
300189,2016/12/31,1.872675
300299,2016/12/31,2.471686
300262,2016/12/31,1.809123
300166,2016/12/31,2.141931
300550,2016/12/31,3.128755
300220,2016/12/31,4.265168
300506,2016/12/31,4.742442
300404,2016/12/31,4.651584
300281,2016/12/31,2.819344
300384,2016/12/31,2.411179
300272,2016/12/31,1.860387
300402,2016/12/31,2.111476
300437,2016/12/31,1.970804
300053,2016/12/31,2.976205
300439,2016/12/31,1.80514
300581,2016/12/31,2.075618
300536,2016/12/31,2.236224
300187,2016/12/31,2.970483
300387,2016/12/31,1.869812
300058,2016/12/31,1.698031
300287,2016/12/31,1.864107
300090,2016/12/31,1.557471
300300,2016/12/31,2.19465
300199,2016/12/31,2.764136
300347,2016/12/31,3.895266
300273,2016/12/31,2.707868
300332,2016/12/31,1.399131
300106,2016/12/31,1.830721
300162,2016/12/31,2.507215
300012,2016/12/31,2.868534
300343,2016/12/31,1.789797
300135,2016/12/31,2.149133
300277,2016/12/31,6.441263
300056,2016/12/31,2.315303
300392,2016/12/31,2.759198
300093,2016/12/31,4.088293
300536,2017/12/31,1.90731
300320,2017/12/31,4.07418
300451,2017/12/31,1.607561
300474,2017/12/31,3.90039
300476,2017/12/31,1.804076
300193,2017/12/31,1.492651
300495,2017/12/31,1.339042
300161,2017/12/31,1.565567
300204,2017/12/31,2.628253
300618,2017/12/31,4.125608
300016,2017/12/31,3.32012
300414,2017/12/31,2.493837
300146,2017/12/31,2.643109
300590,2017/12/31,2.056081
300700,2017/12/31,2.211596
300677,2017/12/31,1.60809
300102,2017/12/31,1.809839
300413,2017/12/31,3.233118
300301,2017/12/31,1.403386
300650,2017/12/31,1.70282
300286,2017/12/31,2.626379
300041,2017/12/31,1.645932
300505,2017/12/31,2.034071
300459,2017/12/31,1.245995
300450,2017/12/31,2.286812
300239,2017/12/31,2.692896
300559,2017/12/31,2.616397
300545,2017/12/31,2.296306
300557,2017/12/31,2.729885
300584,2017/12/31,1.808855
300681,2017/12/31,1.929349
300715,2017/12/31,1.757894
300656,2017/12/31,2.472785
300302,2017/12/31,3.591319
300003,2017/12/31,3.231032
300313,2017/12/31,3.698743
300114,2017/12/31,3.029387
300485,2017/12/31,1.658906
300357,2017/12/31,8.352533
300416,2017/12/31,2.175814
300511,2017/12/31,1.441322
300376,2017/12/31,2.215469
300393,2017/12/31,1.417351
300275,2017/12/31,2.152054
300398,2017/12/31,3.054983
300181,2017/12/31,1.961164
300428,2017/12/31,1.080055
300365,2017/12/31,2.217554
300199,2017/12/31,2.257947
300248,2017/12/31,1.916839
300453,2017/12/31,2.369083
300226,2017/12/31,1.351988
300131,2017/12/31,1.605222
300122,2017/12/31,6.55343
300563,2017/12/31,2.291371
300046,2017/12/31,3.259147
300014,2017/12/31,2.743185
300394,2017/12/31,2.43712
300491,2017/12/31,2.257762
300690,2017/12/31,1.729911
300178,2017/12/31,1.647651
300509,2017/12/31,1.414287
300436,2017/12/31,2.917888
300052,2017/12/31,3.567742
300105,2017/12/31,1.370798
300130,2017/12/31,1.672055
300024,2017/12/31,3.689396
300304,2017/12/31,3.128813
300034,2017/12/31,2.987773
300534,2017/12/31,2.807211
300188,2017/12/31,2.461248
300001,2017/12/31,1.735236
300635,2017/12/31,1.73241
300038,2017/12/31,1.300355
300270,2017/12/31,2.447528
300007,2017/12/31,1.353841
300256,2017/12/31,1.163906
300237,2017/12/31,1.99921
300381,2017/12/31,1.668841
300701,2017/12/31,2.416264
300173,2017/12/31,1.604979
300593,2017/12/31,1.632384
300586,2017/12/31,1.566451
300322,2017/12/31,2.85449
300296,2017/12/31,2.201222
300185,2017/12/31,1.166864
300037,2017/12/31,1.87636
300655,2017/12/31,1.607238
300138,2017/12/31,1.762964
300520,2017/12/31,3.109831
300103,2017/12/31,3.211111
300532,2017/12/31,1.916556
300027,2017/12/31,1.469427
300068,2017/12/31,1.491384
300507,2017/12/31,2.103397
300708,2017/12/31,2.208312
300092,2017/12/31,2.43879
300421,2017/12/31,1.426361
300127,2017/12/31,3.379934
300101,2017/12/31,6.036208
300339,2017/12/31,1.487356
300429,2017/12/31,2.518866
300373,2017/12/31,2.780562
300047,2017/12/31,1.250307
300569,2017/12/31,1.456997
300570,2017/12/31,2.216696
300009,2017/12/31,5.7979
300717,2017/12/31,1.8173
300144,2017/12/31,2.778805
300596,2017/12/31,1.407269
300647,2017/12/31,1.417002
300346,2017/12/31,2.93138
300242,2017/12/31,1.838512
300233,2017/12/31,1.40759
300117,2017/12/31,1.572692
300579,2017/12/31,2.176298
300548,2017/12/31,3.105794
300705,2017/12/31,1.782441
300036,2017/12/31,2.431285
300567,2017/12/31,4.967137
300378,2017/12/31,2.33181
300349,2017/12/31,2.236729
300205,2017/12/31,2.525857
300328,2017/12/31,3.12329
300480,2017/12/31,2.113592
300528,2017/12/31,1.356906
300406,2017/12/31,3.122316
300026,2017/12/31,1.67522
300692,2017/12/31,1.892998
300427,2017/12/31,1.274833
300445,2017/12/31,1.977999
300516,2017/12/31,2.310905
300722,2017/12/31,2.033853
300222,2017/12/31,1.758703
300619,2017/12/31,1.951866
300479,2017/12/31,3.850411
300327,2017/12/31,6.788456
300684,2017/12/31,1.196385
300682,2017/12/31,1.424011
300653,2017/12/31,2.087014
300229,2017/12/31,3.092183
300403,2017/12/31,2.396455
300282,2017/12/31,1.653657
300562,2017/12/31,3.223082
300018,2017/12/31,1.632303
300115,2017/12/31,2.337277
300658,2017/12/31,1.544328
300575,2017/12/31,1.517201
300639,2017/12/31,2.444576
300629,2017/12/31,2.566771
300244,2017/12/31,1.845842
300633,2017/12/31,1.748524
300107,2017/12/31,2.046263
300375,2017/12/31,1.839405
300305,2017/12/31,1.27649
300215,2017/12/31,2.031113
300259,2017/12/31,1.843883
300213,2017/12/31,1.555938
300342,2017/12/31,3.911572
300353,2017/12/31,1.9441
300044,2017/12/31,1.539797
300324,2017/12/31,1.85669
300190,2017/12/31,1.238476
300437,2017/12/31,1.300728
300252,2017/12/31,1.544817
300719,2017/12/31,1.77319
300019,2017/12/31,3.151918
300110,2017/12/31,5.177187
300223,2017/12/31,3.460224
300194,2017/12/31,1.280239
300273,2017/12/31,1.588809
300147,2017/12/31,1.216761
300128,2017/12/31,2.051183
300547,2017/12/31,2.237123
300401,2017/12/31,5.561409
300073,2017/12/31,3.689092
300066,2017/12/31,2.589707
300400,2017/12/31,3.414139
300192,2017/12/31,2.012217
300568,2017/12/31,2.076985
300685,2017/12/31,3.376201
300424,2017/12/31,2.968662
300334,2017/12/31,1.788168
300172,2017/12/31,1.986406
300430,2017/12/31,1.394258
300227,2017/12/31,2.553872
300150,2017/12/31,1.346503
300056,2017/12/31,1.29632
300529,2017/12/31,2.772633
300154,2017/12/31,1.54188
300620,2017/12/31,2.355168
300699,2017/12/31,2.694417
300538,2017/12/31,1.722978
300106,2017/12/31,1.386474
300310,2017/12/31,1.972486
300087,2017/12/31,2.868669
300121,2017/12/31,2.755428
300164,2017/12/31,1.216423
300074,2017/12/31,2.76609
300218,2017/12/31,1.453997
300598,2017/12/31,1.869939
300420,2017/12/31,1.386031
300196,2017/12/31,1.596541
300466,2017/12/31,1.844926
300441,2017/12/31,1.733162
300493,2017/12/31,2.758822
300552,2017/12/31,1.668523
300539,2017/12/31,1.749024
300238,2017/12/31,3.047322
300616,2017/12/31,1.794153
300683,2017/12/31,1.52391
300314,2017/12/31,3.299085
300325,2017/12/31,1.790495
300443,2017/12/31,1.736419
300371,2017/12/31,2.199867
300271,2017/12/31,1.958649
300212,2017/12/31,1.617462
300316,2017/12/31,3.625794
300556,2017/12/31,3.359528
300263,2017/12/31,1.60844
300498,2017/12/31,2.265753
300627,2017/12/31,1.982818
300341,2017/12/31,2.304005
300057,2017/12/31,1.199513
300241,2017/12/31,2.001806
300595,2017/12/31,2.463232
300558,2017/12/31,4.557861
300284,2017/12/31,1.3034
300589,2017/12/31,1.894311
300572,2017/12/31,2.54912
300673,2017/12/31,1.6859
300245,2017/12/31,2.283744
300623,2017/12/31,2.022096
300330,2017/12/31,3.739748
300541,2017/12/31,1.702369
300617,2017/12/31,1.629952
300021,2017/12/31,2.046244
300374,2017/12/31,1.522612
300308,2017/12/31,2.374801
300225,2017/12/31,6.703614
300630,2017/12/31,3.417818
300662,2017/12/31,2.031836
300517,2017/12/31,1.524346
300643,2017/12/31,2.171544
300329,2017/12/31,2.353869
300202,2017/12/31,3.277757
300217,2017/12/31,1.406049
300731,2017/12/31,2.325534
300725,2017/12/31,4.471302
300535,2017/12/31,2.142269
300220,2017/12/31,7.45981
300577,2017/12/31,3.055646
300368,2017/12/31,2.051248
300638,2017/12/31,2.316263
300458,2017/12/31,2.44798
300120,2017/12/31,1.362752
300669,2017/12/31,1.82937
300389,2017/12/31,1.649883
300343,2017/12/31,1.311851
300078,2017/12/31,2.391732
300017,2017/12/31,2.137282
300500,2017/12/31,2.012034
300440,2017/12/31,1.782575
300735,2017/12/31,1.468567
300713,2017/12/31,1.836111
300255,2017/12/31,1.643347
300132,2017/12/31,2.953964
300514,2017/12/31,1.762303
300546,2017/12/31,2.100865
300228,2017/12/31,1.632136
300697,2017/12/31,1.756774
300691,2017/12/31,2.313122
300631,2017/12/31,1.612736
300197,2017/12/31,1.385412
300487,2017/12/31,2.036196
300668,2017/12/31,2.564646
300611,2017/12/31,1.569286
300379,2017/12/31,1.888517
300503,2017/12/31,1.881034
300554,2017/12/31,2.152707
300671,2017/12/31,2.293454
300537,2017/12/31,1.402205
300224,2017/12/31,2.138534
300469,2017/12/31,1.792631
300519,2017/12/31,2.955316
300489,2017/12/31,2.104505
300432,2017/12/31,1.301729
300285,2017/12/31,3.035191
300258,2017/12/31,2.704061
300125,2017/12/31,2.282389
300484,2017/12/31,2.5239
300508,2017/12/31,2.682021
300592,2017/12/31,1.387076
300112,2017/12/31,1.845506
300626,2017/12/31,1.639475
300732,2017/12/31,1.448833
300295,2017/12/31,2.445978
300578,2017/12/31,2.586744
300395,2017/12/31,4.188132
300319,2017/12/31,1.583989
300513,2017/12/31,2.964624
300651,2017/12/31,1.553999
300632,2017/12/31,1.751454
300051,2017/12/31,2.07815
300235,2017/12/31,2.298823
300447,2017/12/31,1.745549
300380,2017/12/31,3.098642
300264,2017/12/31,3.337112
300257,2017/12/31,2.377367
300136,2017/12/31,7.686789
300648,2017/12/31,2.573511
300211,2017/12/31,2.743948
300080,2017/12/31,1.105854
300560,2017/12/31,3.100205
300448,2017/12/31,1.996163
300370,2017/12/31,1.345265
300363,2017/12/31,2.065513
300207,2017/12/31,1.656624
300412,2017/12/31,1.579274
300348,2017/12/31,2.412176
300472,2017/12/31,1.44688
300195,2017/12/31,1.188468
300642,2017/12/31,2.232335
300290,2017/12/31,2.549516
300113,2017/12/31,2.583501
300625,2017/12/31,1.419668
300277,2017/12/31,4.33969
300020,2017/12/31,1.670759
300039,2017/12/31,2.113558
300134,2017/12/31,1.954982
300402,2017/12/31,1.64863
300321,2017/12/31,2.886693
300338,2017/12/31,1.851269
300553,2017/12/31,2.462624
300573,2017/12/31,2.39375
300439,2017/12/31,1.321976
300622,2017/12/31,1.855707
300415,2017/12/31,2.784068
300119,2017/12/31,1.458594
300600,2017/12/31,1.820056
300333,2017/12/31,3.221661
300501,2017/12/31,1.893675
300281,2017/12/31,1.877447
300141,2017/12/31,2.218657
300612,2017/12/31,2.360747
300408,2017/12/31,4.702355
300261,2017/12/31,1.908356
300636,2017/12/31,1.633368
300555,2017/12/31,2.037726
300418,2017/12/31,1.48178
300478,2017/12/31,1.600086
300481,2017/12/31,3.23681
300200,2017/12/31,1.503256
300497,2017/12/31,1.918311
300243,2017/12/31,2.71488
300582,2017/12/31,2.070435
300170,2017/12/31,2.90725
300095,2017/12/31,1.378671
300162,2017/12/31,1.728719
300288,2017/12/31,3.477615
300434,2017/12/31,1.158978
300703,2017/12/31,1.629839
300670,2017/12/31,1.630386
300280,2017/12/31,4.557082
300388,2017/12/31,1.605008
300351,2017/12/31,1.471276
300726,2017/12/31,1.689668
300067,2017/12/31,1.925811
300045,2017/12/31,2.70266
300510,2017/12/31,1.442306
300411,2017/12/31,1.358205
300456,2017/12/31,1.82774
300676,2017/12/31,2.548188
300332,2017/12/31,1.187214
300606,2017/12/31,2.069573
300470,2017/12/31,2.567844
300463,2017/12/31,2.686625
300088,2017/12/31,2.788298
300695,2017/12/31,1.551041
300347,2017/12/31,3.502923
300431,2017/12/31,2.480542
300317,2017/12/31,1.353756
300072,2017/12/31,2.58276
300475,2017/12/31,1.396281
300053,2017/12/31,2.844635
300417,2017/12/31,2.152978
300158,2017/12/31,1.166505
300707,2017/12/31,1.959405
300360,2017/12/31,1.657767
300015,2017/12/31,4.517552
300679,2017/12/31,1.583429
300303,2017/12/31,1.660509
300335,2017/12/31,2.039651
300542,2017/12/31,1.919835
300184,2017/12/31,1.243672
300729,2017/12/31,1.47215
300521,2017/12/31,3.339202
300070,2017/12/31,1.492304
300435,2017/12/31,1.838899
300174,2017/12/31,5.30528
300461,2017/12/31,1.96124
300210,2017/12/31,1.492423
300251,2017/12/31,2.752477
300219,2017/12/31,1.787314
300654,2017/12/31,1.914
300006,2017/12/31,1.905789
300390,2017/12/31,1.782714
300180,2017/12/31,1.967613
300077,2017/12/31,1.997452
300008,2017/12/31,1.540381
300396,2017/12/31,3.507676
300250,2017/12/31,1.546997
300410,2017/12/31,1.630798
300157,2017/12/31,1.402697
300340,2017/12/31,2.135886
300203,2017/12/31,2.974023
300407,2017/12/31,1.551297
300675,2017/12/31,2.343667
300730,2017/12/31,2.432493
300666,2017/12/31,5.134526
300262,2017/12/31,1.601363
300551,2017/12/31,2.227586
300040,2017/12/31,1.26273
300133,2017/12/31,1.651739
300031,2017/12/31,1.714764
300168,2017/12/31,2.356718
300336,2017/12/31,1.513818
300468,2017/12/31,2.760616
300645,2017/12/31,1.633027
300165,2017/12/31,1.36506
300583,2017/12/31,1.331807
300089,2017/12/31,1.607655
300661,2017/12/31,2.293686
300386,2017/12/31,2.195549
300712,2017/12/31,1.540238
300587,2017/12/31,1.390175
300236,2017/12/31,4.435256
300571,2017/12/31,3.38716
300279,2017/12/31,1.833946
300391,2017/12/31,1.263691
300387,2017/12/31,2.020574
300471,2017/12/31,1.608742
300718,2017/12/31,1.675459
300054,2017/12/31,2.295539
300693,2017/12/31,1.800573
300657,2017/12/31,1.664658
300494,2017/12/31,2.226065
300549,2017/12/31,2.39584
300637,2017/12/31,1.761903
300473,2017/12/31,1.25762
300137,2017/12/31,3.252495
300688,2017/12/31,2.85916
300660,2017/12/31,1.43327
300206,2017/12/31,2.498204
300649,2017/12/31,4.077485
300727,2017/12/31,2.128004
300025,2017/12/31,1.550427
300663,2017/12/31,1.468882
300621,2017/12/31,1.229303
300166,2017/12/31,2.29628
300698,2017/12/31,2.400968
300011,2017/12/31,1.64294
300369,2017/12/31,1.748166
300108,2017/12/31,1.938358
300234,2017/12/31,1.708548
300274,2017/12/31,1.90596
300490,2017/12/31,1.350023
300326,2017/12/31,2.310817
300457,2017/12/31,2.009774
300182,2017/12/31,1.433501
300706,2017/12/31,3.939929
300384,2017/12/31,1.559243
300142,2017/12/31,4.660482
300085,2017/12/31,3.067337
300696,2017/12/31,2.368413
300588,2017/12/31,1.619609
300585,2017/12/31,3.019798
300438,2017/12/31,1.765737
300464,2017/12/31,1.734567
300356,2017/12/31,1.753972
300291,2017/12/31,1.28412
300265,2017/12/31,1.962277
300086,2017/12/31,2.272678
300672,2017/12/31,2.447638
300597,2017/12/31,2.111902
300249,2017/12/31,1.624258
300082,2017/12/31,1.234445
300641,2017/12/31,1.48592
300702,2017/12/31,1.43248
300221,2017/12/31,2.283364
300710,2017/12/31,1.933798
300486,2017/12/31,2.232967
300530,2017/12/31,2.158173
300214,2017/12/31,1.233726
300603,2017/12/31,1.590643
300358,2017/12/31,1.265498
300246,2017/12/31,3.268557
300640,2017/12/31,2.290373
300352,2017/12/31,2.025761
300615,2017/12/31,2.005287
300318,2017/12/31,1.715704
300665,2017/12/31,1.720239
300300,2017/12/31,1.783476
300409,2017/12/31,2.302765
300442,2017/12/31,1.40342
300522,2017/12/31,2.326205
300399,2017/12/31,4.367389
300287,2017/12/31,1.465411
300099,2017/12/31,1.648177
300183,2017/12/31,2.155348
300345,2017/12/31,2.566096
300723,2017/12/31,1.781501
300720,2017/12/31,2.011363
300419,2017/12/31,1.62596
300075,2017/12/31,2.00771
300385,2017/12/31,1.446005
300069,2017/12/31,3.982542
300129,2017/12/31,1.75425
300533,2017/12/31,1.735981
300058,2017/12/31,1.248894
300061,2017/12/31,1.410891
300035,2017/12/31,2.325805
300608,2017/12/31,1.515754
300433,2017/12/31,1.291314
300462,2017/12/31,2.335995
300079,2017/12/31,1.473702
300609,2017/12/31,2.435133
300709,2017/12/31,1.804396
300467,2017/12/31,1.938868
300518,2017/12/31,2.283951
300048,2017/12/31,1.29421
300267,2017/12/31,1.793476
300312,2017/12/31,2.956693
300667,2017/12/31,2.270756
300175,2017/12/31,3.928155
300425,2017/12/31,1.406153
300359,2017/12/31,1.842448
300502,2017/12/31,3.158191
300289,2017/12/31,2.06929
300550,2017/12/31,2.04879
300093,2017/12/31,1.998181
300512,2017/12/31,1.471518
300599,2017/12/31,1.369
300209,2017/12/31,1.996838
300565,2017/12/31,1.858233
300126,2017/12/31,1.570412
300337,2017/12/31,2.645573
300355,2017/12/31,1.937274
300191,2017/12/31,4.077943
300030,2017/12/31,1.788026
300607,2017/12/31,2.728378
300543,2017/12/31,1.995364
300198,2017/12/31,2.226544
300605,2017/12/31,1.703709
300581,2017/12/31,2.101154
300028,2017/12/31,6.028839
300292,2017/12/31,1.82222
300382,2017/12/31,2.370693
300005,2017/12/31,1.496743
300452,2017/12/31,2.566677
300628,2017/12/31,2.408843
300096,2017/12/31,2.83584
300601,2017/12/31,1.84936
300298,2017/12/31,3.978942
300602,2017/12/31,1.730825
300652,2017/12/31,1.495341
300097,2017/12/31,2.304798
300689,2017/12/31,2.012218
300465,2017/12/31,1.819701
300716,2017/12/31,1.47667
300499,2017/12/31,2.002108
300686,2017/12/31,1.678396
300488,2017/12/31,1.541432
300276,2017/12/31,1.296787
300307,2017/12/31,1.469235
300139,2017/12/31,1.541587
300081,2017/12/31,1.613075
300065,2017/12/31,2.671417
300100,2017/12/31,1.504165
300311,2017/12/31,2.42627
300526,2017/12/31,2.071733
300721,2017/12/31,1.428443
300189,2017/12/31,1.527289
300561,2017/12/31,2.091282
300711,2017/12/31,2.312436
300153,2017/12/31,3.07609
300177,2017/12/31,1.784721
300344,2017/12/31,2.337883
300208,2017/12/31,2.597883
300364,2017/12/31,1.833421
300354,2017/12/31,2.847471
300055,2017/12/31,2.5431
300050,2017/12/31,1.271493
300231,2017/12/31,2.833629
300604,2017/12/31,2.999486
300377,2017/12/31,2.257393
300540,2017/12/31,1.740668
300525,2017/12/31,2.804957
300591,2017/12/31,1.595585
300678,2017/12/31,2.898246
300247,2017/12/31,1.502585
300460,2017/12/31,1.793925
300515,2017/12/31,2.547076
300613,2017/12/31,2.947424
300004,2017/12/31,1.437647
300155,2017/12/31,1.647003
300160,2017/12/31,2.538268
300531,2017/12/31,2.957337
300366,2017/12/31,1.430307
300042,2017/12/31,3.953904
300576,2017/12/31,2.08333
300230,2017/12/31,1.467132
300527,2017/12/31,1.918002
300179,2017/12/31,2.511977
300171,2017/12/31,1.371526
300201,2017/12/31,2.790428
300405,2017/12/31,1.470152
300253,2017/12/31,2.561814
300422,2017/12/31,1.709684
300118,2017/12/31,1.11429
300084,2017/12/31,1.201431
300148,2017/12/31,1.505725
300151,2017/12/31,2.661609
300426,2017/12/31,1.759585
300566,2017/12/31,2.448698
300232,2017/12/31,1.843725
300123,2017/12/31,1.156505
300687,2017/12/31,1.852245
300477,2017/12/31,1.48504
300362,2017/12/31,1.317567
300098,2017/12/31,1.651519
300404,2017/12/31,2.966935
300268,2017/12/31,2.640757
300423,2017/12/31,2.351262
300283,2017/12/31,1.61667
300610,2017/12/31,1.567236
300062,2017/12/31,1.373529
300350,2017/12/31,1.494642
300449,2017/12/31,1.557439
300266,2017/12/31,3.208193
300297,2017/12/31,1.541608
300294,2017/12/31,3.111518
300397,2017/12/31,2.325295
300315,2017/12/31,1.652749
300124,2017/12/31,4.449207
300163,2017/12/31,2.403248
300293,2017/12/31,1.829516
300254,2017/12/31,1.578384
300145,2017/12/31,1.603053
300306,2017/12/31,1.500222
300002,2017/12/31,1.699025
300116,2017/12/31,1.248973
300506,2017/12/31,2.622038
300076,2017/12/31,2.258024
300496,2017/12/31,3.441135
300299,2017/12/31,1.845461
300012,2017/12/31,2.22301
300022,2017/12/31,1.811177
300083,2017/12/31,1.381681
300111,2017/12/31,2.001544
300176,2017/12/31,5.837284
300094,2017/12/31,1.845976
300323,2017/12/31,1.810869
300135,2017/12/31,1.722687
300482,2017/12/31,5.179506
300049,2017/12/31,1.546916
300169,2017/12/31,1.30321
300331,2017/12/31,1.745495
300269,2017/12/31,1.204263
300063,2017/12/31,1.323907
300043,2017/12/31,1.580925
300216,2017/12/31,1.834171
300619,2018/12/31,1.633
300125,2018/12/31,2.162953
300748,2018/12/31,1.382392
300700,2018/12/31,1.808809
300632,2018/12/31,1.402497
300751,2018/12/31,1.46764
300487,2018/12/31,2.157851
300398,2018/12/31,2.072467
300260,2018/12/31,1.349172
300132,2018/12/31,2.885071
300602,2018/12/31,1.917766
300623,2018/12/31,1.720136
300285,2018/12/31,2.048205
300220,2018/12/31,3.70902
300545,2018/12/31,1.686338
300617,2018/12/31,1.458444
300586,2018/12/31,1.509151
300016,2018/12/31,2.406232
300146,2018/12/31,2.104886
300613,2018/12/31,1.730336
300204,2018/12/31,1.997044
300722,2018/12/31,1.971138
300657,2018/12/31,1.641119
300638,2018/12/31,1.950456
300455,2018/12/31,2.599448
300423,2018/12/31,1.122916
300591,2018/12/31,1.420736
300690,2018/12/31,1.476728
300692,2018/12/31,1.442992
300042,2018/12/31,1.652113
300741,2018/12/31,1.10423
300723,2018/12/31,1.4955
300395,2018/12/31,3.083346
300107,2018/12/31,2.257077
300568,2018/12/31,1.51094
300024,2018/12/31,2.4597
300536,2018/12/31,1.26007
300114,2018/12/31,2.306654
300193,2018/12/31,1.394987
300753,2018/12/31,1.955113
300534,2018/12/31,1.871317
300453,2018/12/31,1.806733
300590,2018/12/31,2.774842
300121,2018/12/31,1.677801
300525,2018/12/31,2.361799
300556,2018/12/31,1.919637
300249,2018/12/31,1.460457
300037,2018/12/31,1.919902
300501,2018/12/31,1.367489
300025,2018/12/31,1.589152
300637,2018/12/31,2.536276
300263,2018/12/31,1.116572
300201,2018/12/31,1.668205
300374,2018/12/31,1.231168
300179,2018/12/31,1.702807
300559,2018/12/31,3.192887
300017,2018/12/31,1.686184
300439,2018/12/31,1.296464
300211,2018/12/31,2.106613
300041,2018/12/31,1.303438
300081,2018/12/31,1.421144
300652,2018/12/31,1.226105
300450,2018/12/31,2.442458
300034,2018/12/31,1.713454
300421,2018/12/31,1.336694
300491,2018/12/31,2.19873
300458,2018/12/31,2.15268
300345,2018/12/31,2.274864
300365,2018/12/31,2.421726
300575,2018/12/31,1.404517
300188,2018/12/31,2.394959
300435,2018/12/31,1.477686
300242,2018/12/31,1.639005
300579,2018/12/31,1.686578
300414,2018/12/31,2.645858
300148,2018/12/31,1.145763
300054,2018/12/31,1.432164
300401,2018/12/31,3.314311
300101,2018/12/31,3.820319
300596,2018/12/31,2.51133
300224,2018/12/31,1.509457
300218,2018/12/31,1.123587
300529,2018/12/31,2.948208
300403,2018/12/31,1.653973
300052,2018/12/31,2.526964
300103,2018/12/31,2.087337
300379,2018/12/31,1.875247
300240,2018/12/31,1.60462
300699,2018/12/31,2.797845
300138,2018/12/31,1.263257
300298,2018/12/31,1.737096
300685,2018/12/31,4.967301
300393,2018/12/31,1.084919
300445,2018/12/31,1.963709
300629,2018/12/31,2.071761
300296,2018/12/31,1.522057
300378,2018/12/31,1.512373
300092,2018/12/31,1.757443
300346,2018/12/31,1.730251
300485,2018/12/31,1.405029
300738,2018/12/31,1.448979
300357,2018/12/31,9.059257
300105,2018/12/31,0.989215
300176,2018/12/31,5.481172
300322,2018/12/31,2.581146
300531,2018/12/31,2.442917
300184,2018/12/31,1.032046
300161,2018/12/31,1.121345
300624,2018/12/31,2.328543
300144,2018/12/31,2.605755
300066,2018/12/31,1.890072
300127,2018/12/31,2.208937
300358,2018/12/31,1.141277
300715,2018/12/31,1.625985
300406,2018/12/31,2.138239
300007,2018/12/31,1.13072
300320,2018/12/31,1.314563
300259,2018/12/31,1.313176
300507,2018/12/31,1.443588
300645,2018/12/31,1.971885
300570,2018/12/31,1.84003
300183,2018/12/31,1.473706
300416,2018/12/31,1.62357
300522,2018/12/31,1.854815
300115,2018/12/31,1.293657
300480,2018/12/31,1.63529
300639,2018/12/31,1.667305
300233,2018/12/31,1.21839
300476,2018/12/31,2.101143
300304,2018/12/31,1.452201
300047,2018/12/31,1.208061
300213,2018/12/31,1.292091
300003,2018/12/31,2.569758
300675,2018/12/31,3.155301
300009,2018/12/31,3.969462
300678,2018/12/31,2.786599
300437,2018/12/31,1.136594
300726,2018/12/31,1.912309
300194,2018/12/31,1.014677
300045,2018/12/31,1.7063
300732,2018/12/31,1.349002
300215,2018/12/31,1.428352
300229,2018/12/31,1.810301
300228,2018/12/31,1.100808
300659,2018/12/31,2.775145
300286,2018/12/31,1.934277
300658,2018/12/31,1.209612
300244,2018/12/31,1.221961
300653,2018/12/31,3.93908
300542,2018/12/31,1.443415
300724,2018/12/31,1.387384
300019,2018/12/31,1.979804
300140,2018/12/31,1.168598
300190,2018/12/31,1.035679
300274,2018/12/31,1.20463
300248,2018/12/31,1.562774
300391,2018/12/31,1.134981
300336,2018/12/31,1.099301
300681,2018/12/31,1.400521
300303,2018/12/31,1.314708
300538,2018/12/31,1.614787
300635,2018/12/31,1.620803
300078,2018/12/31,2.019162
300682,2018/12/31,2.012311
300328,2018/12/31,1.652639
300584,2018/12/31,2.151661
300436,2018/12/31,3.665885
300630,2018/12/31,4.502049
300091,2018/12/31,1.159848
300457,2018/12/31,1.732651
300492,2018/12/31,2.378009
300067,2018/12/31,1.707448
300725,2018/12/31,5.405867
300615,2018/12/31,1.934768
300655,2018/12/31,1.682885
300018,2018/12/31,1.686952
300494,2018/12/31,1.493075
300609,2018/12/31,2.969582
300749,2018/12/31,1.451939
300481,2018/12/31,3.042916
300164,2018/12/31,1.235483
300452,2018/12/31,2.45836
300327,2018/12/31,4.213484
300577,2018/12/31,2.276758
300547,2018/12/31,1.640245
300595,2018/12/31,4.807291
300205,2018/12/31,2.046675
300026,2018/12/31,1.288954
300671,2018/12/31,2.18992
300122,2018/12/31,5.601683
300429,2018/12/31,2.876576
300076,2018/12/31,1.560784
300572,2018/12/31,2.893131
300668,2018/12/31,2.271448
300583,2018/12/31,1.208751
300515,2018/12/31,1.952357
300394,2018/12/31,3.57206
300719,2018/12/31,1.462506
300620,2018/12/31,2.014909
300196,2018/12/31,1.239783
300746,2018/12/31,1.624396
300342,2018/12/31,1.816651
300541,2018/12/31,1.53923
300316,2018/12/31,2.272348
300673,2018/12/31,2.018989
300385,2018/12/31,1.099307
300330,2018/12/31,2.502042
300443,2018/12/31,1.312448
300129,2018/12/31,0.969109
300610,2018/12/31,1.429115
300349,2018/12/31,1.61043
300430,2018/12/31,1.155126
300580,2018/12/31,1.236929
300389,2018/12/31,1.904554
300036,2018/12/31,2.662948
300498,2018/12/31,2.386615
300057,2018/12/31,0.994711
300717,2018/12/31,1.645442
300227,2018/12/31,1.786573
300469,2018/12/31,2.074942
300612,2018/12/31,2.117148
300475,2018/12/31,1.166165
300539,2018/12/31,1.38563
300517,2018/12/31,1.229013
300074,2018/12/31,1.496984
300553,2018/12/31,2.187277
300257,2018/12/31,1.635904
300314,2018/12/31,2.195072
300622,2018/12/31,1.699822
300479,2018/12/31,2.781535
300339,2018/12/31,1.32681
300535,2018/12/31,1.413583
300705,2018/12/31,1.862102
300181,2018/12/31,1.634247
300721,2018/12/31,1.259863
300552,2018/12/31,1.241591
300038,2018/12/31,1.013853
300474,2018/12/31,1.813452
300120,2018/12/31,1.076508
300669,2018/12/31,1.63155
300210,2018/12/31,1.317675
300454,2018/12/31,1.632013
300062,2018/12/31,1.197167
300504,2018/12/31,1.434888
300528,2018/12/31,1.334894
300756,2018/12/31,1.31266
300149,2018/12/31,2.236728
300440,2018/12/31,1.711294
300097,2018/12/31,1.33534
300697,2018/12/31,1.330774
300371,2018/12/31,1.554967
300177,2018/12/31,1.649683
300562,2018/12/31,1.670491
300264,2018/12/31,2.294436
300441,2018/12/31,1.344358
300634,2018/12/31,1.490322
300569,2018/12/31,1.016501
300341,2018/12/31,2.029749
300348,2018/12/31,2.386736
300375,2018/12/31,1.045849
300214,2018/12/31,1.28939
300329,2018/12/31,1.7851
300070,2018/12/31,1.032985
300159,2018/12/31,1.022037
300276,2018/12/31,1.151101
300245,2018/12/31,1.690871
300212,2018/12/31,1.467589
300503,2018/12/31,1.390609
300520,2018/12/31,1.50474
300425,2018/12/31,1.372627
300200,2018/12/31,1.14147
300284,2018/12/31,1.21112
300490,2018/12/31,1.230249
300695,2018/12/31,1.25355
300172,2018/12/31,1.388641
300640,2018/12/31,1.970276
300301,2018/12/31,1.273916
300558,2018/12/31,2.296382
300124,2018/12/31,3.107515
300072,2018/12/31,1.429842
300708,2018/12/31,1.264335
300554,2018/12/31,1.864379
300508,2018/12/31,1.949475
300400,2018/12/31,3.067072
300548,2018/12/31,2.4044
300607,2018/12/31,1.797696
300592,2018/12/31,1.393524
300282,2018/12/31,1.154025
300589,2018/12/31,1.607849
300321,2018/12/31,1.643066
300383,2018/12/31,1.950487
300448,2018/12/31,2.054539
300636,2018/12/31,1.573525
300747,2018/12/31,2.629635
300119,2018/12/31,1.124394
300288,2018/12/31,2.032972
300021,2018/12/31,1.373583
300139,2018/12/31,1.467892
300170,2018/12/31,2.129045
300094,2018/12/31,1.348487
300670,2018/12/31,2.574357
300573,2018/12/31,1.761189
300560,2018/12/31,2.06472
300739,2018/12/31,1.377291
300065,2018/12/31,1.741857
300106,2018/12/31,1.365567
300420,2018/12/31,1.536508
300169,2018/12/31,1.146185
300278,2018/12/31,1.167457
300588,2018/12/31,1.613235
300262,2018/12/31,1.16819
300281,2018/12/31,1.288537
300456,2018/12/31,1.672415
300098,2018/12/31,1.536057
300419,2018/12/31,1.553985
300051,2018/12/31,2.005524
300150,2018/12/31,1.119173
300691,2018/12/31,1.683571
300703,2018/12/31,1.760457
300598,2018/12/31,2.298105
300519,2018/12/31,2.087202
300239,2018/12/31,1.772647
300387,2018/12/31,1.334017
300207,2018/12/31,1.309246
300020,2018/12/31,1.150655
300277,2018/12/31,3.043771
300683,2018/12/31,1.236282
300540,2018/12/31,1.480264
300412,2018/12/31,1.537849
300500,2018/12/31,1.224143
300295,2018/12/31,1.431277
300643,2018/12/31,2.125336
300600,2018/12/31,1.489853
300162,2018/12/31,1.293258
300250,2018/12/31,1.477335
300396,2018/12/31,1.758495
300110,2018/12/31,1.48769
300299,2018/12/31,1.841419
300627,2018/12/31,1.994205
300557,2018/12/31,1.669624
300243,2018/12/31,1.793144
300261,2018/12/31,1.62423
300408,2018/12/31,3.500364
300582,2018/12/31,1.402481
300167,2018/12/31,1.956871
300356,2018/12/31,1.648892
300223,2018/12/31,2.262342
300087,2018/12/31,2.441755
300616,2018/12/31,1.582041
300730,2018/12/31,2.869576
300546,2018/12/31,2.204621
300068,2018/12/31,1.352966
300157,2018/12/31,0.904092
300651,2018/12/31,1.989432
300563,2018/12/31,1.937293
300484,2018/12/31,1.689866
300073,2018/12/31,2.61935
300174,2018/12/31,2.154442
300255,2018/12/31,1.233839
300289,2018/12/31,1.647779
300235,2018/12/31,1.776592
300718,2018/12/31,1.344566
300701,2018/12/31,2.133489
300112,2018/12/31,1.387131
300354,2018/12/31,2.078087
300044,2018/12/31,1.291696
300011,2018/12/31,1.337442
300079,2018/12/31,1.187267
300039,2018/12/31,1.673077
300251,2018/12/31,2.176955
300154,2018/12/31,1.209424
300418,2018/12/31,1.566787
300096,2018/12/31,2.242992
300386,2018/12/31,1.622591
300085,2018/12/31,2.161076
300521,2018/12/31,1.84294
300533,2018/12/31,1.314097
300472,2018/12/31,1.2291
300471,2018/12/31,1.27201
300495,2018/12/31,1.303268
300532,2018/12/31,1.57528
300319,2018/12/31,1.564847
300447,2018/12/31,1.590018
300318,2018/12/31,1.658722
300567,2018/12/31,2.375399
300611,2018/12/31,1.349367
300585,2018/12/31,1.646174
300626,2018/12/31,1.535536
300587,2018/12/31,1.178734
300565,2018/12/31,1.774515
300631,2018/12/31,1.667993
300650,2018/12/31,1.431498
300649,2018/12/31,2.307273
300648,2018/12/31,1.951066
300689,2018/12/31,1.670131
300712,2018/12/31,1.322068
300665,2018/12/31,1.503986
300716,2018/12/31,1.366949
300729,2018/12/31,1.297948
300727,2018/12/31,1.720284
300760,2018/12/31,1.543891
300256,2018/12/31,1.118849
300368,2018/12/31,1.699654
300662,2018/12/31,2.444804
300117,2018/12/31,1.237343
300390,2018/12/31,1.765393
300083,2018/12/31,1.063787
300102,2018/12/31,1.201464
300428,2018/12/31,1.019846
300145,2018/12/31,1.104448
300258,2018/12/31,2.026536
300272,2018/12/31,1.801279
300415,2018/12/31,1.363243
300206,2018/12/31,1.877378
300333,2018/12/31,2.597715
300502,2018/12/31,2.39095
300667,2018/12/31,3.226251
300736,2018/12/31,1.751121
300628,2018/12/31,2.313926
300593,2018/12/31,1.499448
300294,2018/12/31,2.229658
300332,2018/12/31,0.965269
300380,2018/12/31,2.299216
300056,2018/12/31,1.229801
300470,2018/12/31,2.920149
300131,2018/12/31,1.334789
300505,2018/12/31,1.533669
300326,2018/12/31,1.907095
300752,2018/12/31,1.551602
300608,2018/12/31,1.612593
300702,2018/12/31,1.27996
300008,2018/12/31,1.460259
300376,2018/12/31,1.399729
300510,2018/12/31,1.036785
300283,2018/12/31,1.459088
300308,2018/12/31,1.827128
300279,2018/12/31,1.402918
300032,2018/12/31,1.374148
300063,2018/12/31,1.373246
300660,2018/12/31,1.118383
300581,2018/12/31,1.663027
300664,2018/12/31,1.07399
300126,2018/12/31,1.31325
300231,2018/12/31,1.643342
300141,2018/12/31,1.411725
300399,2018/12/31,2.677968
300576,2018/12/31,1.765338
300707,2018/12/31,2.177492
300656,2018/12/31,2.133441
300633,2018/12/31,3.599075
300642,2018/12/31,2.284101
300674,2018/12/31,1.270637
300625,2018/12/31,1.22098
300202,2018/12/31,1.610053
300477,2018/12/31,1.387879
300158,2018/12/31,0.837138
300099,2018/12/31,1.285887
300031,2018/12/31,1.586382
300377,2018/12/31,2.153291
300698,2018/12/31,2.103295
300543,2018/12/31,1.464277
300537,2018/12/31,1.134133
300267,2018/12/31,1.252652
300136,2018/12/31,2.999327
300360,2018/12/31,1.156188
300442,2018/12/31,1.261332
300302,2018/12/31,2.49932
300706,2018/12/31,2.92404
300514,2018/12/31,1.989146
300046,2018/12/31,2.393325
300338,2018/12/31,1.024042
300606,2018/12/31,1.548418
300710,2018/12/31,1.619973
300709,2018/12/31,1.411696
300605,2018/12/31,1.610476
300745,2018/12/31,1.439777
300369,2018/12/31,1.746579
300290,2018/12/31,1.713924
300513,2018/12/31,1.179786
300672,2018/12/31,1.944669
300108,2018/12/31,1.152303
300693,2018/12/31,1.779866
300654,2018/12/31,2.073519
300735,2018/12/31,1.451714
300209,2018/12/31,1.393187
300165,2018/12/31,1.039375
300597,2018/12/31,1.804157
300530,2018/12/31,1.873609
300464,2018/12/31,1.166771
300663,2018/12/31,1.892166
300449,2018/12/31,1.32921
300603,2018/12/31,1.674008
300511,2018/12/31,1.12093
300427,2018/12/31,1.31432
300335,2018/12/31,1.137342
300252,2018/12/31,1.505471
300384,2018/12/31,1.457005
300043,2018/12/31,1.15919
300208,2018/12/31,1.351166
300647,2018/12/31,1.740717
300185,2018/12/31,0.994196
300621,2018/12/31,1.13895
300694,2018/12/31,1.357287
300134,2018/12/31,1.260143
300687,2018/12/31,1.748051
300527,2018/12/31,1.255687
300438,2018/12/31,1.327948
300599,2018/12/31,1.277314
300661,2018/12/31,3.297252
300381,2018/12/31,1.167497
300225,2018/12/31,2.051403
300680,2018/12/31,1.355807
300199,2018/12/31,1.555677
300424,2018/12/31,1.727437
300195,2018/12/31,0.957892
300171,2018/12/31,1.145817
300310,2018/12/31,1.835989
300109,2018/12/31,1.438093
300137,2018/12/31,1.909806
300382,2018/12/31,1.856024
300618,2018/12/31,3.120366
300050,2018/12/31,1.097588
300355,2018/12/31,1.104566
300566,2018/12/31,1.453782
300287,2018/12/31,1.22172
300013,2018/12/31,1.439623
300058,2018/12/31,1.135423
300676,2018/12/31,3.305245
300711,2018/12/31,2.10867
300405,2018/12/31,1.150485
300075,2018/12/31,1.559065
300178,2018/12/31,1.242445
300363,2018/12/31,1.251952
300293,2018/12/31,1.375542
300173,2018/12/31,1.663071
300483,2018/12/31,0.810888
300306,2018/12/31,1.202246
300473,2018/12/31,1.321071
300155,2018/12/31,1.357082
300291,2018/12/31,1.138947
300337,2018/12/31,1.438952
300713,2018/12/31,1.593889
300750,2018/12/31,1.169845
300006,2018/12/31,1.275451
300265,2018/12/31,1.73535
300305,2018/12/31,1.388833
300641,2018/12/31,1.319892
300040,2018/12/31,0.957157
300489,2018/12/31,1.702132
300100,2018/12/31,1.222316
300493,2018/12/31,2.691397
300488,2018/12/31,1.433966
300549,2018/12/31,1.69596
300270,2018/12/31,1.301694
300373,2018/12/31,1.617093
300246,2018/12/31,1.789946
300397,2018/12/31,1.525614
300168,2018/12/31,2.209798
300292,2018/12/31,2.101407
300048,2018/12/31,1.076158
300307,2018/12/31,0.958184
300482,2018/12/31,2.580974
300465,2018/12/31,1.587893
300004,2018/12/31,0.928125
300049,2018/12/31,1.46903
300737,2018/12/31,1.119171
300516,2018/12/31,1.599893
300230,2018/12/31,1.115768
300451,2018/12/31,2.561723
300684,2018/12/31,2.793908
300015,2018/12/31,5.49142
300192,2018/12/31,1.517849
300417,2018/12/31,1.622806
300222,2018/12/31,1.400722
300499,2018/12/31,1.479625
300344,2018/12/31,2.067133
300268,2018/12/31,1.672431
300010,2018/12/31,1.308879
300462,2018/12/31,1.938246
300143,2018/12/31,1.533444
300113,2018/12/31,2.00013
300407,2018/12/31,1.243609
300353,2018/12/31,1.453977
300743,2018/12/31,2.205705
300740,2018/12/31,1.463328
300696,2018/12/31,1.946397
300550,2018/12/31,2.413118
300340,2018/12/31,1.307645
300604,2018/12/31,3.656794
300069,2018/12/31,2.011323
300561,2018/12/31,1.772864
300509,2018/12/31,1.290376
300459,2018/12/31,1.232597
300518,2018/12/31,1.278201
300234,2018/12/31,1.320556
300315,2018/12/31,1.738584
300486,2018/12/31,1.440968
300012,2018/12/31,2.805477
300237,2018/12/31,1.171925
300317,2018/12/31,1.106474
300198,2018/12/31,1.432371
300720,2018/12/31,2.073466
300191,2018/12/31,2.593692
300160,2018/12/31,1.669802
300410,2018/12/31,1.706948
300002,2018/12/31,1.134436
300686,2018/12/31,1.639275
300644,2018/12/31,1.401957
300432,2018/12/31,1.2831
300232,2018/12/31,1.42488
300221,2018/12/31,1.452453
300571,2018/12/31,3.112343
300133,2018/12/31,1.538276
300731,2018/12/31,3.071619
300236,2018/12/31,3.261032
300366,2018/12/31,1.218886
300153,2018/12/31,1.812074
300175,2018/12/31,1.667195
300463,2018/12/31,1.758073
300152,2018/12/31,1.555941
300273,2018/12/31,1.121852
300733,2018/12/31,1.243953
300468,2018/12/31,2.001793
300551,2018/12/31,1.542346
300300,2018/12/31,2.263886
300166,2018/12/31,1.734295
300578,2018/12/31,3.372734
300555,2018/12/31,1.515525
300061,2018/12/31,1.214819
300523,2018/12/31,3.427769
300350,2018/12/31,1.473657
300512,2018/12/31,1.275592
300526,2018/12/31,1.458233
300142,2018/12/31,3.980239
300241,2018/12/31,1.345125
300088,2018/12/31,1.488543
300187,2018/12/31,1.539321
300331,2018/12/31,1.299503
300347,2018/12/31,3.824968
300130,2018/12/31,1.554128
300203,2018/12/31,1.974035
300275,2018/12/31,1.421373
300364,2018/12/31,1.418651
300388,2018/12/31,1.221593
300323,2018/12/31,1.100848
300217,2018/12/31,1.138806
300005,2018/12/31,1.145673
300280,2018/12/31,2.337139
300352,2018/12/31,1.731212
300601,2018/12/31,3.454793
300359,2018/12/31,2.030727
300104,2018/12/31,2.211712
300189,2018/12/31,1.645066
300433,2018/12/31,1.195661
300238,2018/12/31,1.775075
300688,2018/12/31,3.674276
300370,2018/12/31,1.257666
300084,2018/12/31,0.987711
300182,2018/12/31,1.052177
300496,2018/12/31,2.874278
300466,2018/12/31,1.54055
300444,2018/12/31,1.270056
300506,2018/12/31,1.33019
300219,2018/12/31,1.405452
300030,2018/12/31,1.422371
300055,2018/12/31,1.12306
300666,2018/12/31,3.376795
300111,2018/12/31,2.420576
300118,2018/12/31,0.869092
300313,2018/12/31,1.735091
300151,2018/12/31,1.964767
300422,2018/12/31,1.205871
300402,2018/12/31,1.267272
300409,2018/12/31,1.370641
300679,2018/12/31,1.298816
300077,2018/12/31,2.051347
300253,2018/12/31,4.062902
300216,2018/12/31,1.972408
300325,2018/12/31,1.270529
300311,2018/12/31,1.931815
300461,2018/12/31,2.005922
300095,2018/12/31,1.114941
300434,2018/12/31,1.131166
300467,2018/12/31,1.618522
300460,2018/12/31,1.758047
300053,2018/12/31,1.434046
300269,2018/12/31,1.163679
300343,2018/12/31,1.315653
300071,2018/12/31,1.572163
300027,2018/12/31,1.151086
300197,2018/12/31,1.047451
300254,2018/12/31,1.217499
300431,2018/12/31,3.113642
300226,2018/12/31,1.470739
300404,2018/12/31,2.125913
300392,2018/12/31,2.277223
300001,2018/12/31,1.967984
300351,2018/12/31,1.162581
300324,2018/12/31,1.367098
300035,2018/12/31,1.423507
300180,2018/12/31,1.601331
300022,2018/12/31,1.461306
300128,2018/12/31,1.867898
300014,2018/12/31,1.930353
300677,2018/12/31,1.341579
300312,2018/12/31,3.100663
300086,2018/12/31,1.464627
300297,2018/12/31,1.084602
300271,2018/12/31,1.900351
300478,2018/12/31,2.081803
300497,2018/12/31,1.926484
300334,2018/12/31,1.173068
300413,2018/12/31,1.531181
300082,2018/12/31,1.14368
300247,2018/12/31,1.436413
300266,2018/12/31,1.274914
300411,2018/12/31,1.292311
300156,2018/12/31,1.301229
300147,2018/12/31,1.005694
300135,2018/12/31,1.410834
300362,2018/12/31,1.216472
300426,2018/12/31,1.507469
300123,2018/12/31,1.022369
300116,2018/12/31,1.093935
300090,2018/12/31,1.179637
300163,2018/12/31,1.737324
300742,2018/12/31,1.194665
300089,2018/12/31,1.522511
300093,2018/12/31,1.270547
